8.991427437313137495e-04,8.381914045586466317e-04,7.772400653859794055e-04,7.162887262133123961e-04,6.553373870406452783e-04,5.943860478679780521e-04,5.334347086953110427e-04,4.724833695226439249e-04,4.115320303499766987e-04,3.505806911773095809e-04,2.896293520046424631e-04,2.286780128319754809e-04,2.891281251166142132e-04,3.495782374012529727e-04,4.100283496858918406e-04,4.704784619705306543e-04,5.309285742551695221e-04,5.913786865398083358e-04,6.518287988244471495e-04,7.122789111090859632e-04,7.727290233937246684e-04,8.331791356783635905e-04,8.936292479630020789e-04,8.654133226133093205e-04,8.371973972636167789e-04,8.089814719139240204e-04,7.807655465642312619e-04,7.525496212145387203e-04,7.243336958648458534e-04,6.961177705151532034e-04,6.679018451654604449e-04,6.396859198157677949e-04,6.114699944660750364e-04,5.832540691163818443e-04,4.937282856623292134e-04,4.042025022082765284e-04,3.146767187542237891e-04,2.251509353001711854e-04,1.356251518461184190e-04,4.609936839206581530e-05,-4.342641506198692395e-05,-1.329521985160396090e-04,-2.224779819700922127e-04,-3.120037654241449520e-04,-4.015295488781979081e-04,-5.318412704086927442e-04,-6.621529919391874177e-04,-7.924647134696823081e-04,-9.227764350001761142e-04,-1.053088156530670788e-03,-1.183399878061165570e-03,-1.313711599591660352e-03,-1.444023321122155134e-03,-1.574335042652650132e-03,-1.704646764183144697e-03,-1.834958485713639479e-03,-1.973357711665260812e-03,-2.111756937616881928e-03,-2.250156163568503478e-03,-2.388555389520125027e-03,-2.526954615471746143e-03,-2.665353841423367693e-03,-2.803753067374988809e-03,-2.942152293326610359e-03,-3.080551519278231475e-03,-3.218950745229853024e-03,-3.357349971181473273e-03,-3.426775295656700471e-03,-3.496200620131927235e-03,-3.565625944607154433e-03,-3.635051269082381631e-03,-3.704476593557608395e-03,-3.773901918032835593e-03,-3.843327242508062791e-03,-3.912752566983289555e-03,-3.982177891458516319e-03,-4.051603215933743951e-03,-4.121028540408965511e-03,-3.835306405873160733e-03,-3.549584271337355955e-03,-3.263862136801550743e-03,-2.978140002265745965e-03,-2.692417867729940753e-03,-2.406695733194135975e-03,-2.120973598658330763e-03,-1.835251464122525985e-03,-1.549529329586720773e-03,-1.263807195050915778e-03,-9.780850605151136020e-04,-8.891682368319214465e-04,-8.002514131487290742e-04,-7.113345894655368103e-04,-6.224177657823446548e-04,-5.335009420991523909e-04,-4.445841184159600727e-04,-3.556672947327677546e-04,-2.667504710495767917e-04,-1.778336473663844736e-04,-8.891682368319229102e-05,0.000000000000000000e+00
8.991427437313138579e-04,8.377234749950395734e-04,7.763042062587651804e-04,7.148849375224911127e-04,6.534656687862169366e-04,5.920464000499426520e-04,5.306271313136684759e-04,4.692078625773942998e-04,4.077885938411200152e-04,3.463693251048458391e-04,2.849500563685715545e-04,2.235307876322975139e-04,2.842734222839616307e-04,3.450160569356258830e-04,4.057586915872901353e-04,4.665013262389543875e-04,5.272439608906187482e-04,5.879865955422828921e-04,6.487292301939473612e-04,7.094718648456113967e-04,7.702144994972757574e-04,8.309571341489399013e-04,8.916997688006038283e-04,8.645560524865459739e-04,8.374123361724882279e-04,8.102686198584304819e-04,7.831249035443725191e-04,7.559811872303146647e-04,7.288374709162568103e-04,7.016937546021989559e-04,6.745500382881409931e-04,6.474063219740832471e-04,6.202626056600253927e-04,5.931188893459671046e-04,5.049651278259331211e-04,4.168113663058989208e-04,3.286576047858648830e-04,2.405038432658308453e-04,1.523500817457966721e-04,6.419632022576267502e-05,-2.395744129427143047e-05,-1.121112028143055088e-04,-2.002649643343395059e-04,-2.884187258543735978e-04,-3.765724873744079608e-04,-5.052857694184115364e-04,-6.339990514624151662e-04,-7.627123335064186875e-04,-8.914256155504214499e-04,-1.020138897594424863e-03,-1.148852179638428601e-03,-1.277565461682432122e-03,-1.406278743726435861e-03,-1.534992025770439382e-03,-1.663705307814442686e-03,-1.792418589858446208e-03,-1.929560739603669627e-03,-2.066702889348892395e-03,-2.203845039094115815e-03,-2.340987188839338800e-03,-2.478129338584561785e-03,-2.615271488329785204e-03,-2.752413638075008190e-03,-2.889555787820231609e-03,-3.026697937565454594e-03,-3.163840087310677580e-03,-3.300982237055899698e-03,-3.371225131949881406e-03,-3.441468026843863548e-03,-3.511710921737844389e-03,-3.581953816631827398e-03,-3.652196711525808673e-03,-3.722439606419790381e-03,-3.792682501313772523e-03,-3.862925396207753798e-03,-3.933168291101735506e-03,-4.003411185995717214e-03,-4.073654080889693718e-03,-3.805980548262061225e-03,-3.538307015634427864e-03,-3.270633483006793636e-03,-3.002959950379160275e-03,-2.735286417751527348e-03,-2.467612885123893554e-03,-2.199939352496260193e-03,-1.932265819868626833e-03,-1.664592287240993255e-03,-1.396918754613359461e-03,-1.129245221985728485e-03,-1.041670306763277289e-03,-9.540953915408260932e-04,-8.665204763183748972e-04,-7.789455610959238096e-04,-6.913706458734726135e-04,-6.037957306510214174e-04,-5.162208154285702214e-04,-4.286459002061202180e-04,-3.410709849836690219e-04,-2.534960697612178258e-04,-1.659211545387666027e-04
8.991427437313137495e-04,8.372555454314324066e-04,7.753683471315510637e-04,7.134811488316698293e-04,6.515939505317885948e-04,5.897067522319071435e-04,5.278195539320259090e-04,4.659323556321446746e-04,4.040451573322633317e-04,3.421579590323819888e-04,2.802707607325007001e-04,2.183835624326195470e-04,2.794187194513091566e-04,3.404538764699987933e-04,4.014890334886884841e-04,4.625241905073781208e-04,5.235593475260678659e-04,5.845945045447575568e-04,6.456296615634471393e-04,7.066648185821368302e-04,7.676999756008265211e-04,8.287351326195162120e-04,8.897702896382055776e-04,8.636987823597825189e-04,8.376272750813596769e-04,8.115557678029367266e-04,7.854842605245136678e-04,7.594127532460906091e-04,7.333412459676675503e-04,7.072697386892447084e-04,6.811982314108216497e-04,6.551267241323986993e-04,6.290552168539755322e-04,6.029837095755522566e-04,5.162019699895368120e-04,4.294202304035212589e-04,3.426384908175058143e-04,2.558567512314904781e-04,1.690750116454748438e-04,8.229327205945949407e-05,-4.488467526556048790e-06,-9.127020711257153066e-05,-1.780519466985869075e-04,-2.648336862846023521e-04,-3.516154258706181220e-04,-4.787302684281304912e-04,-6.058451109856430230e-04,-7.329599535431553922e-04,-8.600747961006666772e-04,-9.871896386581791548e-04,-1.114304481215691416e-03,-1.241419323773204110e-03,-1.368534166330716154e-03,-1.495649008888228848e-03,-1.622763851445741109e-03,-1.749878694003253587e-03,-1.885763767542078442e-03,-2.021648841080903296e-03,-2.157533914619728151e-03,-2.293418988158553006e-03,-2.429304061697377861e-03,-2.565189135236203150e-03,-2.701074208775028004e-03,-2.836959282313852426e-03,-2.972844355852677714e-03,-3.108729429391502569e-03,-3.244614502930326556e-03,-3.315674968243063209e-03,-3.386735433555799427e-03,-3.457795898868536080e-03,-3.528856364181272298e-03,-3.599916829494008950e-03,-3.670977294806745603e-03,-3.742037760119481821e-03,-3.813098225432218474e-03,-3.884158690744955126e-03,-3.955219156057691345e-03,-4.026279621370423660e-03,-3.776654690650961283e-03,-3.527029759931498906e-03,-3.277404829212036963e-03,-3.027779898492575020e-03,-2.778154967773113077e-03,-2.528530037053650700e-03,-2.278905106334188756e-03,-2.029280175614726379e-03,-1.779655244895264436e-03,-1.530030314175802276e-03,-1.280405383456342285e-03,-1.194172376694632373e-03,-1.107939369932922028e-03,-1.021706363171211900e-03,-9.354733564095018801e-04,-8.492403496477916435e-04,-7.630073428860815153e-04,-6.767743361243713871e-04,-5.905413293626624515e-04,-5.043083226009523233e-04,-4.180753158392422494e-04,-3.318423090775320669e-04
8.991427437313138579e-04,8.367876158678253483e-04,7.744324880043369471e-04,7.120773601408486543e-04,6.497222322773602531e-04,5.873671044138717434e-04,5.250119765503834506e-04,4.626568486868951036e-04,4.003017208234066482e-04,3.379465929599181928e-04,2.755914650964297915e-04,2.132363372329415530e-04,2.745640166186565740e-04,3.358916960043716493e-04,3.972193753900867788e-04,4.585470547758019625e-04,5.198747341615169836e-04,5.812024135472321131e-04,6.425300929329472426e-04,7.038577723186623721e-04,7.651854517043775016e-04,8.265131310900926311e-04,8.878408104758074354e-04,8.628415122330193891e-04,8.378422139902313428e-04,8.128429157474429713e-04,7.878436175046549250e-04,7.628443192618667703e-04,7.378450210190786156e-04,7.128457227762904609e-04,6.878464245335023063e-04,6.628471262907141516e-04,6.378478280479258885e-04,6.128485298051374085e-04,5.274388121531406112e-04,4.420290945011436513e-04,3.566193768491467998e-04,2.712096591971501110e-04,1.857999415451531511e-04,1.003902238931563538e-04,1.498050624115944470e-05,-7.042921141083743051e-05,-1.558389290628341736e-04,-2.412486467148310522e-04,-3.266583643668282289e-04,-4.521747674378493917e-04,-5.776911705088705546e-04,-7.032075735798917716e-04,-8.287239766509121213e-04,-9.542403797219332299e-04,-1.079756782792954447e-03,-1.205273185863975664e-03,-1.330789588934996881e-03,-1.456305992006017881e-03,-1.581822395077039315e-03,-1.707338798148060315e-03,-1.841966795480486823e-03,-1.976594792812913764e-03,-2.111222790145340488e-03,-2.245850787477767212e-03,-2.380478784810193937e-03,-2.515106782142620661e-03,-2.649734779475046952e-03,-2.784362776807473676e-03,-2.918990774139900400e-03,-3.053618771472327558e-03,-3.188246768804752981e-03,-3.260124804536244144e-03,-3.332002840267734873e-03,-3.403880875999226469e-03,-3.475758911730718499e-03,-3.547636947462209662e-03,-3.619514983193700824e-03,-3.691393018925191553e-03,-3.763271054656682716e-03,-3.835149090388174312e-03,-3.907027126119665475e-03,-3.978905161851151867e-03,-3.747328833039861775e-03,-3.515752504228571249e-03,-3.284176175417279856e-03,-3.052599846605989764e-03,-2.821023517794699238e-03,-2.589447188983408712e-03,-2.357870860172117753e-03,-2.126294531360827661e-03,-1.894718202549536702e-03,-1.663141873738245742e-03,-1.431565544926957168e-03,-1.346674446625988324e-03,-1.261783348325019264e-03,-1.176892250024049987e-03,-1.092001151723081143e-03,-1.007110053422112083e-03,-9.222189551211428058e-04,-8.373278568201737455e-04,-7.524367585192059862e-04,-6.675456602182368174e-04,-5.826545619172678655e-04,-4.977634636162986967e-04
8.991427437313136411e-04,8.363196863042182900e-04,7.734966288771227220e-04,7.106735714500273709e-04,6.478505140229318029e-04,5.850274565958363433e-04,5.222043991687408838e-04,4.593813417416454242e-04,3.965582843145499105e-04,3.337352268874544509e-04,2.709121694603589372e-04,2.080891120332636131e-04,2.697093137860040457e-04,3.313295155387445596e-04,3.929497172914850735e-04,4.545699190442256416e-04,5.161901207969661013e-04,5.778103225497067778e-04,6.394305243024472375e-04,7.010507260551878056e-04,7.626709278079283737e-04,8.242911295606688334e-04,8.859113313134090763e-04,8.619842421062558257e-04,8.380571528991026834e-04,8.141300636919492160e-04,7.902029744847959654e-04,7.662758852776427147e-04,7.423487960704894641e-04,7.184217068633361051e-04,6.944946176561828544e-04,6.705675284490294954e-04,6.466404392418761363e-04,6.227133500347225604e-04,5.386756543167441937e-04,4.546379585987659895e-04,3.706002628807877853e-04,2.865625671628095812e-04,2.025248714448312686e-04,1.184871757268530644e-04,3.444948000887482637e-05,-4.958821570910345911e-05,-1.336259114270816294e-04,-2.176636071450598878e-04,-3.017013028630383901e-04,-4.256192664475684550e-04,-5.495372300320984114e-04,-6.734551936166283679e-04,-7.973731572011575654e-04,-9.212911207856875218e-04,-1.045209084370217261e-03,-1.169127047954747435e-03,-1.293045011539277391e-03,-1.416962975123807781e-03,-1.540880938708337304e-03,-1.664798902292867477e-03,-1.798169823418895637e-03,-1.931540744544924231e-03,-2.064911665670952391e-03,-2.198282586796980985e-03,-2.331653507923009579e-03,-2.465024429049038172e-03,-2.598395350175066332e-03,-2.731766271301094926e-03,-2.865137192427123086e-03,-2.998508113553151680e-03,-3.131879034679179406e-03,-3.204574640829425947e-03,-3.277270246979671620e-03,-3.349965853129917293e-03,-3.422661459280163833e-03,-3.495357065430409506e-03,-3.568052671580655179e-03,-3.640748277730901285e-03,-3.713443883881146958e-03,-3.786139490031393065e-03,-3.858835096181639605e-03,-3.931530702331880942e-03,-3.718002975428761833e-03,-3.504475248525642725e-03,-3.290947521622523617e-03,-3.077419794719404075e-03,-2.863892067816284966e-03,-2.650364340913165858e-03,-2.436836614010046316e-03,-2.223308887106927208e-03,-2.009781160203808099e-03,-1.796253433300688557e-03,-1.582725706397570750e-03,-1.499176516557342975e-03,-1.415627326717115199e-03,-1.332078136876886990e-03,-1.248528947036658997e-03,-1.164979757196431005e-03,-1.081430567356202795e-03,-9.978813775159750196e-04,-9.143321876757482198e-04,-8.307829978355201189e-04,-7.472338079952922348e-04,-6.636846181550641339e-04
8.991427437313136411e-04,8.358517567406111232e-04,7.725607697499084969e-04,7.092697827592060874e-04,6.459787957685035695e-04,5.826878087778008348e-04,5.193968217870984254e-04,4.561058347963957990e-04,3.928148478056931727e-04,3.295238608149906549e-04,2.662328738242880286e-04,2.029418868335855920e-04,2.648546109533515174e-04,3.267673350731174157e-04,3.886800591928833682e-04,4.505927833126493207e-04,5.125055074324153274e-04,5.744182315521813341e-04,6.363309556719472324e-04,6.982436797917132391e-04,7.601564039114792459e-04,8.220691280312452526e-04,8.839818521510108256e-04,8.611269719794923706e-04,8.382720918079740241e-04,8.154172116364556775e-04,7.925623314649371141e-04,7.697074512934187675e-04,7.468525711219002041e-04,7.239976909503818576e-04,7.011428107788634026e-04,6.782879306073449476e-04,6.554330504358264926e-04,6.325781702643077124e-04,5.499124964803479929e-04,4.672468226963884903e-04,3.845811489124287708e-04,3.019154751284692140e-04,2.192498013445094945e-04,1.365841275605499106e-04,5.391845377659027242e-05,-2.874722000736937928e-05,-1.114128937913288955e-04,-1.940785675752885878e-04,-2.767442413592484970e-04,-3.990637654572872471e-04,-5.213832895553260514e-04,-6.437028136533648557e-04,-7.660223377514027926e-04,-8.883418618494415969e-04,-1.010661385947480293e-03,-1.132980910045518989e-03,-1.255300434143557901e-03,-1.377619958241596814e-03,-1.499939482339635293e-03,-1.622259006437674206e-03,-1.754372851357304452e-03,-1.886486696276934698e-03,-2.018600541196564728e-03,-2.150714386116195191e-03,-2.282828231035825654e-03,-2.414942075955455684e-03,-2.547055920875086147e-03,-2.679169765794716176e-03,-2.811283610714346640e-03,-2.943397455633976669e-03,-3.075511300553605831e-03,-3.149024477122606882e-03,-3.222537653691607499e-03,-3.296050830260607682e-03,-3.369564006829609167e-03,-3.443077183398609784e-03,-3.516590359967610400e-03,-3.590103536536611017e-03,-3.663616713105611634e-03,-3.737129889674612251e-03,-3.810643066243612868e-03,-3.884156242812610016e-03,-3.688677117817662325e-03,-3.493197992822713767e-03,-3.297718867827766943e-03,-3.102239742832818819e-03,-2.906760617837870694e-03,-2.711281492842923437e-03,-2.515802367847975313e-03,-2.320323242853027622e-03,-2.124844117858079931e-03,-1.929364992863132023e-03,-1.733885867868185850e-03,-1.651678586488698926e-03,-1.569471305109212001e-03,-1.487264023729724860e-03,-1.405056742350238152e-03,-1.322849460970751227e-03,-1.240642179591264303e-03,-1.158434898211777378e-03,-1.076227616832291321e-03,-9.940203354528043961e-04,-9.118130540733175799e-04,-8.296057726938306552e-04
8.991427437313136411e-04,8.353838271770039564e-04,7.716249106226943802e-04,7.078659940683848040e-04,6.441070775140752278e-04,5.803481609597654347e-04,5.165892444054558585e-04,4.528303278511461739e-04,3.890714112968364892e-04,3.253124947425268588e-04,2.615535781882171742e-04,1.977946616339076793e-04,2.599999081206989348e-04,3.222051546074903802e-04,3.844104010942817713e-04,4.466156475810731624e-04,5.088208940678645535e-04,5.710261405546558904e-04,6.332313870414472273e-04,6.954366335282387811e-04,7.576418800150301180e-04,8.198471265018215633e-04,8.820523729886125749e-04,8.602697018527290240e-04,8.384870307168455815e-04,8.167043595809619222e-04,7.949216884450783713e-04,7.731390173091948204e-04,7.513563461733110526e-04,7.295736750374275017e-04,7.077910039015439508e-04,6.860083327656603999e-04,6.642256616297768489e-04,6.424429904938928643e-04,5.611493386439517922e-04,4.798556867940108285e-04,3.985620349440697021e-04,3.172683830941287926e-04,2.359747312441876934e-04,1.546810793942467296e-04,7.338742754430568459e-05,-7.906224305635360444e-06,-8.919987615557632417e-05,-1.704935280055173692e-04,-2.517871798554586582e-04,-3.725082644670063103e-04,-4.932293490785539082e-04,-6.139504336901014520e-04,-7.346715183016482367e-04,-8.553926029131956720e-04,-9.761136875247433242e-04,-1.096834772136290976e-03,-1.217555856747838412e-03,-1.338276941359386281e-03,-1.458998025970933716e-03,-1.579719110582481368e-03,-1.710575879295713267e-03,-1.841432648008945166e-03,-1.972289416722177498e-03,-2.103146185435409397e-03,-2.234002954148641730e-03,-2.364859722861873629e-03,-2.495716491575105528e-03,-2.626573260288337860e-03,-2.757430029001569326e-03,-2.888286797714801658e-03,-3.019143566428033124e-03,-3.093474313415788251e-03,-3.167805060403543812e-03,-3.242135807391298939e-03,-3.316466554379054500e-03,-3.390797301366810061e-03,-3.465128048354565189e-03,-3.539458795342321183e-03,-3.613789542330075877e-03,-3.688120289317831438e-03,-3.762451036305586999e-03,-3.836781783293337789e-03,-3.659351260206562383e-03,-3.481920737119786110e-03,-3.304490214033009403e-03,-3.127059690946233129e-03,-2.949629167859456856e-03,-2.772198644772680149e-03,-2.594768121685903876e-03,-2.417337598599127602e-03,-2.239907075512351329e-03,-2.062476552425574622e-03,-1.885046029338799650e-03,-1.804180656420054010e-03,-1.723315283501307936e-03,-1.642449910582562079e-03,-1.561584537663816222e-03,-1.480719164745070149e-03,-1.399853791826324509e-03,-1.318988418907578435e-03,-1.238123045988833663e-03,-1.157257673070088023e-03,-1.076392300151341949e-03,-9.955269272325960924e-04
8.991427437313136411e-04,8.349158976133970065e-04,7.706890514954801551e-04,7.064622053775635206e-04,6.422353592596466692e-04,5.780085131417299262e-04,5.137816670238134001e-04,4.495548209058965487e-04,3.853279747879797515e-04,3.211011286700630627e-04,2.568742825521462656e-04,1.926474364342296852e-04,2.551452052880464065e-04,3.176429741418632362e-04,3.801407429956800118e-04,4.426385118494968957e-04,5.051362807033136712e-04,5.676340495571305551e-04,6.301318184109474391e-04,6.926295872647641062e-04,7.551273561185809901e-04,8.176251249723978740e-04,8.801228938262143243e-04,8.594124317259655690e-04,8.387019696257170306e-04,8.179915075254681669e-04,7.972810454252195200e-04,7.765705833249707648e-04,7.558601212247220095e-04,7.351496591244733626e-04,7.144391970242246074e-04,6.937287349239758521e-04,6.730182728237272052e-04,6.523078107234780163e-04,5.723861808075556999e-04,4.924645508916332751e-04,4.125429209757107960e-04,3.326212910597884796e-04,2.526996611438659464e-04,1.727780312279436029e-04,9.285640131202117808e-05,1.293477139609871938e-05,-6.698685851982359024e-05,-1.469084884357460151e-04,-2.268301183516687380e-04,-3.459527634767251025e-04,-4.650754086017815482e-04,-5.841980537268379398e-04,-7.033206988518934640e-04,-8.224433439769498555e-04,-9.415659891020061387e-04,-1.060688634227062530e-03,-1.179811279352118922e-03,-1.298933924477175530e-03,-1.418056569602231705e-03,-1.537179214727288096e-03,-1.666778907234121865e-03,-1.796378599740955633e-03,-1.925978292247789402e-03,-2.055577984754623604e-03,-2.185177677261457372e-03,-2.314777369768291140e-03,-2.444377062275124909e-03,-2.573976754781958677e-03,-2.703576447288792012e-03,-2.833176139795626214e-03,-2.962775832302459115e-03,-3.037924149708969186e-03,-3.113072467115479258e-03,-3.188220784521989763e-03,-3.263369101928499834e-03,-3.338517419335009472e-03,-3.413665736741519977e-03,-3.488814054148030482e-03,-3.563962371554540119e-03,-3.639110688961050624e-03,-3.714259006367560696e-03,-3.789407323774067297e-03,-3.630025402595462875e-03,-3.470643481416857586e-03,-3.311261560238252730e-03,-3.151879639059647874e-03,-2.992497717881043018e-03,-2.833115796702438162e-03,-2.673733875523833306e-03,-2.514351954345228450e-03,-2.354970033166623594e-03,-2.195588111988018738e-03,-2.036206190809414316e-03,-1.956682726351409961e-03,-1.877159261893404955e-03,-1.797635797435399949e-03,-1.718112332977395160e-03,-1.638588868519390371e-03,-1.559065404061385583e-03,-1.479541939603380794e-03,-1.400018475145377089e-03,-1.320495010687372517e-03,-1.240971546229367511e-03,-1.161448081771362722e-03
8.991427437313137495e-04,8.344479680497898398e-04,7.697531923682660385e-04,7.050584166867423456e-04,6.403636410052183274e-04,5.756688653236945261e-04,5.109740896421708332e-04,4.462793139606469235e-04,3.815845382791231222e-04,3.168897625975992667e-04,2.521949869160754112e-04,1.875002112345517454e-04,2.502905024553938782e-04,3.130807936762361465e-04,3.758710848970784149e-04,4.386613761179206290e-04,5.014516673387628973e-04,5.642419585596052199e-04,6.270322497804474340e-04,6.898225410012896481e-04,7.526128322221318622e-04,8.154031234429740763e-04,8.781934146638159652e-04,8.585551615992023308e-04,8.389169085345884796e-04,8.192786554699745200e-04,7.996404024053606688e-04,7.800021493407468176e-04,7.603638962761329664e-04,7.407256432115191152e-04,7.210873901469052639e-04,7.014491370822913043e-04,6.818108840176773447e-04,6.621726309530631682e-04,5.836230229711593907e-04,5.050734149892555048e-04,4.265238070073517273e-04,3.479741990254480040e-04,2.694245910435441723e-04,1.908749830616403406e-04,1.123253750797365225e-04,3.377576709783270434e-05,-4.477384088407100539e-05,-1.233234488659748506e-04,-2.018730568478788992e-04,-3.193972624864441657e-04,-4.369214681250092967e-04,-5.544456737635745361e-04,-6.719698794021389081e-04,-7.894940850407040391e-04,-9.070182906792691700e-04,-1.024542496317834301e-03,-1.142066701956399866e-03,-1.259590907594964997e-03,-1.377115113233530128e-03,-1.494639318872095259e-03,-1.622981935172530896e-03,-1.751324551472966534e-03,-1.879667167773402172e-03,-2.008009784073837810e-03,-2.136352400374273448e-03,-2.264695016674709085e-03,-2.393037632975144290e-03,-2.521380249275579494e-03,-2.649722865576015565e-03,-2.778065481876451203e-03,-2.906408098176885973e-03,-2.982373986002150989e-03,-3.058339873827415571e-03,-3.134305761652680586e-03,-3.210271649477945168e-03,-3.286237537303210183e-03,-3.362203425128475198e-03,-3.438169312953739780e-03,-3.514135200779005229e-03,-3.590101088604269811e-03,-3.666066976429534826e-03,-3.742032864254796372e-03,-3.600699544984363367e-03,-3.459366225713929495e-03,-3.318032906443496056e-03,-3.176699587173062184e-03,-3.035366267902628312e-03,-2.894032948632194874e-03,-2.752699629361761435e-03,-2.611366310091327997e-03,-2.470032990820894558e-03,-2.328699671550461120e-03,-2.187366352280028115e-03,-2.109184796282764611e-03,-2.031003240285501107e-03,-1.952821684288236952e-03,-1.874640128290973665e-03,-1.796458572293709727e-03,-1.718277016296446006e-03,-1.640095460299182068e-03,-1.561913904301919648e-03,-1.483732348304655710e-03,-1.405550792307392206e-03,-1.327369236310128268e-03
8.991427437313137495e-04,8.339800384861828899e-04,7.688173332410518134e-04,7.036546279959210622e-04,6.384919227507900941e-04,5.733292175056591260e-04,5.081665122605282664e-04,4.430038070153973525e-04,3.778411017702663845e-04,3.126783965251354164e-04,2.475156912800045026e-04,1.823529860348737785e-04,2.454357996227413499e-04,3.085186132106090026e-04,3.716014267984767095e-04,4.346842403863443623e-04,4.977670539742120150e-04,5.608498675620796677e-04,6.239326811499474289e-04,6.870154947378150816e-04,7.500983083256827343e-04,8.131811219135504955e-04,8.762639355014179314e-04,8.576978914724388758e-04,8.391318474434599287e-04,8.205658034144808731e-04,8.019997593855018175e-04,7.834337153565228704e-04,7.648676713275438148e-04,7.463016272985648677e-04,7.277355832695858121e-04,7.091695392406067566e-04,6.906034952116277010e-04,6.720374511826483202e-04,5.948598651347631900e-04,5.176822790868779514e-04,4.405046930389927670e-04,3.633271069911076911e-04,2.861495209432223441e-04,2.089719348953372952e-04,1.317943488474520295e-04,5.461676279956680449e-05,-2.256082324831828502e-05,-9.973840929620349650e-05,-1.769159953440889790e-04,-2.928417614961629578e-04,-4.087675276482369367e-04,-5.246932938003109155e-04,-6.406190599523841353e-04,-7.565448261044581141e-04,-8.724705922565320930e-04,-9.883963584086060718e-04,-1.104322124560680159e-03,-1.220247890712754246e-03,-1.336173656864828117e-03,-1.452099423016901987e-03,-1.579184963110939711e-03,-1.706270503204976568e-03,-1.833356043299014075e-03,-1.960441583393051582e-03,-2.087527123487089090e-03,-2.214612663581126163e-03,-2.341698203675163670e-03,-2.468783743769201178e-03,-2.595869283863238251e-03,-2.722954823957275759e-03,-2.850040364051311965e-03,-2.926823822295331924e-03,-3.003607280539351450e-03,-3.080390738783370976e-03,-3.157174197027390935e-03,-3.233957655271410461e-03,-3.310741113515429986e-03,-3.387524571759449946e-03,-3.464308030003469471e-03,-3.541091488247488997e-03,-3.617874946491508523e-03,-3.694658404735525013e-03,-3.571373687373263425e-03,-3.448088970011000537e-03,-3.324804252648738950e-03,-3.201519535286477362e-03,-3.078234817924215341e-03,-2.954950100561952887e-03,-2.831665383199690866e-03,-2.708380665837428411e-03,-2.585095948475166824e-03,-2.461811231112904369e-03,-2.338526513750642782e-03,-2.261686866214120562e-03,-2.184847218677597909e-03,-2.108007571141075256e-03,-2.031167923604552603e-03,-1.954328276068029949e-03,-1.877488628531507079e-03,-1.800648980994984643e-03,-1.723809333458462857e-03,-1.646969685921940204e-03,-1.570130038385417551e-03,-1.493290390848894898e-03
8.991427437313137495e-04,8.335121089225757231e-04,7.678814741138376967e-04,7.022508393050996703e-04,6.366202044963617523e-04,5.709895696876237259e-04,5.053589348788858080e-04,4.397283000701476732e-04,3.740976652614096468e-04,3.084670304526716746e-04,2.428363956439336482e-04,1.772057608351958115e-04,2.405810967900887673e-04,3.039564327449819129e-04,3.673317686998750042e-04,4.307071046547681498e-04,4.940824406096612411e-04,5.574577765645543324e-04,6.208331125194475322e-04,6.842084484743405151e-04,7.475837844292337149e-04,8.109591203841268062e-04,8.743344563390195723e-04,8.568406213456755292e-04,8.393467863523313777e-04,8.218529513589872262e-04,8.043591163656430747e-04,7.868652813722988148e-04,7.693714463789546633e-04,7.518776113856105118e-04,7.343837763922663603e-04,7.168899413989222088e-04,6.993961064055780573e-04,6.819022714122333637e-04,6.060967072983669893e-04,5.302911431845002896e-04,4.544855790706337525e-04,3.786800149567672155e-04,3.028744508429005700e-04,2.270688867290340330e-04,1.512633226151673875e-04,7.545775850130078267e-05,-3.478056125657272768e-07,-7.615336972643233209e-05,-1.519589338402991673e-04,-2.662862605058820211e-04,-3.806135871714647935e-04,-4.949409138370476201e-04,-6.092682405026295794e-04,-7.235955671682124061e-04,-8.379228938337952327e-04,-9.522502204993780594e-04,-1.066577547164960886e-03,-1.180904873830543713e-03,-1.295232200496126323e-03,-1.409559527161709366e-03,-1.535387991049348526e-03,-1.661216454936987469e-03,-1.787044918824626412e-03,-1.912873382712265789e-03,-2.038701846599904732e-03,-2.164530310487544108e-03,-2.290358774375183051e-03,-2.416187238262822428e-03,-2.542015702150461805e-03,-2.667844166038100314e-03,-2.793672629925738823e-03,-2.871273658588513293e-03,-2.948874687251288196e-03,-3.026475715914061799e-03,-3.104076744576836702e-03,-3.181677773239610738e-03,-3.259278801902384774e-03,-3.336879830565159678e-03,-3.414480859227933714e-03,-3.492081887890708183e-03,-3.569682916553481786e-03,-3.647283945216253653e-03,-3.542047829762163917e-03,-3.436811714308072880e-03,-3.331575598853981409e-03,-3.226339483399891673e-03,-3.121103367945801069e-03,-3.015867252491710032e-03,-2.910631137037619429e-03,-2.805395021583528825e-03,-2.700158906129438222e-03,-2.594922790675347184e-03,-2.489686675221257015e-03,-2.414188936145475646e-03,-2.338691197069693844e-03,-2.263193457993912042e-03,-2.187695718918130673e-03,-2.112197979842348871e-03,-2.036700240766567069e-03,-1.961202501690785700e-03,-1.885704762615005199e-03,-1.810207023539223397e-03,-1.734709284463442028e-03,-1.659211545387660226e-03
8.991427437313137495e-04,8.330441793589686648e-04,7.669456149866234716e-04,7.008470506142784953e-04,6.347484862419334106e-04,5.686499218695882174e-04,5.025513574972432411e-04,4.364527931248981022e-04,3.703542287525529633e-04,3.042556643802078785e-04,2.381571000078627396e-04,1.720585356355178175e-04,2.357263939574362390e-04,2.993942522793547690e-04,3.630621106012732989e-04,4.267299689231918288e-04,4.903978272451104672e-04,5.540656855670289972e-04,6.177335438889475271e-04,6.814014022108660570e-04,7.450692605327845870e-04,8.087371188547032253e-04,8.724049771766213216e-04,8.559833512189120742e-04,8.395617252612029352e-04,8.231400993034935793e-04,8.067184733457841150e-04,7.902968473880749760e-04,7.738752214303656202e-04,7.574535954726562643e-04,7.410319695149470169e-04,7.246103435572376610e-04,7.081887175995284136e-04,6.917670916418186241e-04,6.173335494619707885e-04,5.429000072821227362e-04,4.684664651022747922e-04,3.940329229224268483e-04,3.195993807425787417e-04,2.451658385627309062e-04,1.707322963828828539e-04,9.629875420303489638e-05,2.186521202318699310e-05,-5.256833015666099150e-05,-1.270018723365092200e-04,-2.397307595156008674e-04,-3.524596466946924877e-04,-4.651885338737840538e-04,-5.779174210528748067e-04,-6.906463082319663728e-04,-8.033751954110580473e-04,-9.161040825901497217e-04,-1.028832969769241179e-03,-1.141561856948332962e-03,-1.254290744127424312e-03,-1.367019631306516094e-03,-1.491591018987757124e-03,-1.616162406668997936e-03,-1.740733794350238749e-03,-1.865305182031479778e-03,-1.989876569712720807e-03,-2.114447957393961620e-03,-2.239019345075202432e-03,-2.363590732756443678e-03,-2.488162120437684057e-03,-2.612733508118925303e-03,-2.737304895800165682e-03,-2.815723494881694228e-03,-2.894142093963223642e-03,-2.972560693044752622e-03,-3.050979292126282036e-03,-3.129397891207810582e-03,-3.207816490289339996e-03,-3.286235089370868976e-03,-3.364653688452397956e-03,-3.443072287533926936e-03,-3.521490886615455916e-03,-3.599909485696982728e-03,-3.512721972151063975e-03,-3.425534458605144356e-03,-3.338346945059225170e-03,-3.251159431513306417e-03,-3.163971917967386797e-03,-3.076784404421467611e-03,-2.989596890875548425e-03,-2.902409377329629239e-03,-2.815221863783710053e-03,-2.728034350237790867e-03,-2.640846836691871681e-03,-2.566691006076831597e-03,-2.492535175461791080e-03,-2.418379344846750129e-03,-2.344223514231709611e-03,-2.270067683616669094e-03,-2.195911853001628576e-03,-2.121756022386588059e-03,-2.047600191771548409e-03,-1.973444361156507891e-03,-1.899288530541467374e-03,-1.825132699926426856e-03
8.991427437313136411e-04,8.316440164351658181e-04,7.641452891390179952e-04,6.966465618428702806e-04,6.291478345467224577e-04,5.616491072505744179e-04,4.941503799544267033e-04,4.266516526582788803e-04,3.591529253621310032e-04,2.916541980659831260e-04,2.241554707698352759e-04,1.566567434736876156e-04,2.207420070501865878e-04,2.848272706266856413e-04,3.489125342031846677e-04,4.129977977796837484e-04,4.770830613561828290e-04,5.411683249326818554e-04,6.052535885091808818e-04,6.693388520856799083e-04,7.334241156621790431e-04,7.975093792386780695e-04,8.615946428151767707e-04,8.476151808487643715e-04,8.336357188823519723e-04,8.196562569159393562e-04,8.056767949495269570e-04,7.916973329831144494e-04,7.777178710167019417e-04,7.637384090502895425e-04,7.497589470838770349e-04,7.357794851174645273e-04,7.218000231510520196e-04,7.078205611846390783e-04,6.370959903997709412e-04,5.663714196149025873e-04,4.956468488300342333e-04,4.249222780451658793e-04,3.541977072602975796e-04,2.834731364754292798e-04,2.127485656905609530e-04,1.420239949056926532e-04,7.129942412082442124e-05,5.748533359561011614e-07,-7.014971744891248997e-05,-1.785208681949068817e-04,-2.868920189409012735e-04,-3.952631696868956382e-04,-5.036343204328891897e-04,-6.120054711788836628e-04,-7.203766219248780274e-04,-8.287477726708723921e-04,-9.371189234168668652e-04,-1.045490074162861230e-03,-1.153861224908855595e-03,-1.262232375654849959e-03,-1.383057165198317085e-03,-1.503881954741783777e-03,-1.624706744285250685e-03,-1.745531533828717377e-03,-1.866356323372184720e-03,-1.987181112915651412e-03,-2.108005902459118321e-03,-2.228830692002585229e-03,-2.349655481546052572e-03,-2.470480271089519481e-03,-2.591305060632985956e-03,-2.670155294455126959e-03,-2.749005528277268830e-03,-2.827855762099409399e-03,-2.906705995921552137e-03,-2.985556229743692707e-03,-3.064406463565834578e-03,-3.143256697387976015e-03,-3.222106931210117452e-03,-3.300957165032258889e-03,-3.379807398854399892e-03,-3.458657632676539161e-03,-3.382133837097381270e-03,-3.305610041518222512e-03,-3.229086245939063755e-03,-3.152562450359905431e-03,-3.076038654780746673e-03,-2.999514859201589216e-03,-2.922991063622430458e-03,-2.846467268043272134e-03,-2.769943472464113810e-03,-2.693419676884955486e-03,-2.616895881305797162e-03,-2.551672785891141715e-03,-2.486449690476487135e-03,-2.421226595061832122e-03,-2.356003499647177108e-03,-2.290780404232522528e-03,-2.225557308817867081e-03,-2.160334213403212068e-03,-2.095111117988557922e-03,-2.029888022573902908e-03,-1.964664927159247895e-03,-1.899441831744593098e-03
8.991427437313136411e-04,8.302438535113630799e-04,7.613449632914125187e-04,6.924460730714619575e-04,6.235471828515112879e-04,5.546482926315607267e-04,4.857494024116101655e-04,4.168505121916596043e-04,3.479516219717089347e-04,2.790527317517583735e-04,2.101538415318077039e-04,1.412549513118572782e-04,2.057576201429367469e-04,2.702602889740162969e-04,3.347629578050959282e-04,3.992656266361754511e-04,4.637682954672550824e-04,5.282709642983347137e-04,5.927736331294142366e-04,6.572763019604937595e-04,7.217789707915733908e-04,7.862816396226528053e-04,8.507843084537322197e-04,8.392470104786165603e-04,8.277097125035009009e-04,8.161724145283852415e-04,8.046351165532696905e-04,7.930978185781540311e-04,7.815605206030382633e-04,7.700232226279226039e-04,7.584859246528070529e-04,7.469486266776913935e-04,7.354113287025757341e-04,7.238740307274596410e-04,6.568584313375712023e-04,5.898428319476824383e-04,5.228272325577939996e-04,4.558116331679052356e-04,3.887960337780165801e-04,3.217804343881280329e-04,2.547648349982393774e-04,1.877492356083507218e-04,1.207336362184621746e-04,5.371803682857354619e-05,-1.329756256131533469e-05,-1.173109768742124759e-04,-2.213243911871095985e-04,-3.253378055000067347e-04,-4.293512198129031932e-04,-5.333646341258004107e-04,-6.373780484386973571e-04,-7.413914627515945203e-04,-8.454048770644917920e-04,-9.494182913773889553e-04,-1.053431705690286227e-03,-1.157445120003183173e-03,-1.274523311408876178e-03,-1.391601502814568967e-03,-1.508679694220261755e-03,-1.625757885625954760e-03,-1.742836077031647765e-03,-1.859914268437340770e-03,-1.976992459843033775e-03,-2.094070651248726347e-03,-2.211148842654419352e-03,-2.328227034060112791e-03,-2.445305225465804495e-03,-2.524587094028558389e-03,-2.603868962591312716e-03,-2.683150831154066177e-03,-2.762432699716820070e-03,-2.841714568279573964e-03,-2.920996436842327858e-03,-3.000278305405081752e-03,-3.079560173967835646e-03,-3.158842042530589107e-03,-3.238123911093343001e-03,-3.317405779656094292e-03,-3.251545702043697698e-03,-3.185685624431299802e-03,-3.119825546818901906e-03,-3.053965469206504444e-03,-2.988105391594106548e-03,-2.922245313981709520e-03,-2.856385236369312058e-03,-2.790525158756914162e-03,-2.724665081144517133e-03,-2.658805003532119238e-03,-2.592944925919720908e-03,-2.536654565705452700e-03,-2.480364205491183190e-03,-2.424073845276913681e-03,-2.367783485062644605e-03,-2.311493124848375096e-03,-2.255202764634105586e-03,-2.198912404419836510e-03,-2.142622044205567868e-03,-2.086331683991298359e-03,-2.030041323777029283e-03,-1.973750963562759773e-03
8.991427437313137495e-04,8.288436905875603417e-04,7.585446374438069338e-04,6.882455843000537428e-04,6.179465311563003349e-04,5.476474780125469271e-04,4.773484248687936819e-04,4.070493717250402740e-04,3.367503185812868662e-04,2.664512654375334583e-04,1.961522122937801318e-04,1.258531591500269679e-04,1.907732332356869601e-04,2.556933073213470066e-04,3.206133814070071886e-04,3.855334554926672080e-04,4.504535295783273358e-04,5.153736036639874635e-04,5.802936777496475913e-04,6.452137518353075023e-04,7.101338259209677385e-04,7.750539000066277578e-04,8.399739740922876688e-04,8.308788401084688576e-04,8.217837061246500464e-04,8.126885721408312353e-04,8.035934381570124241e-04,7.944983041731936129e-04,7.854031701893748017e-04,7.763080362055558821e-04,7.672129022217371794e-04,7.581177682379184766e-04,7.490226342540995570e-04,7.399275002702803122e-04,6.766208722753714634e-04,6.133142442804623978e-04,5.500076162855535491e-04,4.867009882906446461e-04,4.233943602957356347e-04,3.600877323008267318e-04,2.967811043059177746e-04,2.334744763110088717e-04,1.701678483160999145e-04,1.068612203211909844e-04,4.355459232628179687e-05,-5.610108555351808366e-05,-1.557567634333180320e-04,-2.554124413131179396e-04,-3.550681191929170883e-04,-4.547237970727169417e-04,-5.543794749525167952e-04,-6.540351528323167570e-04,-7.536908307121167189e-04,-8.533465085919165723e-04,-9.530021864717164257e-04,-1.052657864351516388e-03,-1.165989457619435272e-03,-1.279321050887354157e-03,-1.392652644155273258e-03,-1.505984237423192143e-03,-1.619315830691111027e-03,-1.732647423959030129e-03,-1.845979017226948796e-03,-1.959310610494867898e-03,-2.072642203762786565e-03,-2.185973797030706101e-03,-2.299305390298624335e-03,-2.379018893601990686e-03,-2.458732396905356603e-03,-2.538445900208722520e-03,-2.618159403512089305e-03,-2.697872906815455222e-03,-2.777586410118821573e-03,-2.857299913422187490e-03,-2.937013416725553841e-03,-3.016726920028919758e-03,-3.096440423332286543e-03,-3.176153926635650292e-03,-3.120957566990013692e-03,-3.065761207344376658e-03,-3.010564847698740058e-03,-2.955368488053103457e-03,-2.900172128407466857e-03,-2.844975768761829824e-03,-2.789779409116193223e-03,-2.734583049470556623e-03,-2.679386689824920023e-03,-2.624190330179283423e-03,-2.568993970533646389e-03,-2.521636345519763251e-03,-2.474278720505879246e-03,-2.426921095491995674e-03,-2.379563470478112102e-03,-2.332205845464228097e-03,-2.284848220450344525e-03,-2.237490595436460953e-03,-2.190132970422577815e-03,-2.142775345408694243e-03,-2.095417720394810671e-03,-2.048060095380927099e-03
8.991427437313138579e-04,8.274435276637577118e-04,7.557443115962014573e-04,6.840450955286455281e-04,6.123458794610892736e-04,5.406466633935332359e-04,4.689474473259771983e-04,3.972482312584210522e-04,3.255490151908649061e-04,2.538497991233088142e-04,1.821505830557526681e-04,1.104513669881967524e-04,1.757888463284372547e-04,2.411263256686778790e-04,3.064638050089185032e-04,3.718012843491591275e-04,4.371387636893997518e-04,5.024762430296404302e-04,5.678137223698810545e-04,6.331512017101216788e-04,6.984886810503621946e-04,7.638261603906028189e-04,8.291636397308431179e-04,8.225106697383212633e-04,8.158576997457993004e-04,8.092047297532771206e-04,8.025517597607551576e-04,7.958987897682333031e-04,7.892458197757112317e-04,7.825928497831892688e-04,7.759398797906671974e-04,7.692869097981451260e-04,7.626339398056232715e-04,7.559809698131008749e-04,6.963833132131716161e-04,6.367856566132423573e-04,5.771880000133129901e-04,5.175903434133837314e-04,4.579926868134544184e-04,3.983950302135251596e-04,3.387973736135958466e-04,2.791997170136665879e-04,2.196020604137373833e-04,1.600044038138080703e-04,1.004067472138785540e-04,5.108805767175851202e-06,-9.018913567952681776e-05,-1.854870771262295240e-04,-2.807850185729315255e-04,-3.760829600196341775e-04,-4.713809014663367753e-04,-5.666788429130395358e-04,-6.619767843597422962e-04,-7.572747258064449483e-04,-8.525726672531474919e-04,-9.478706086998503607e-04,-1.057455603829995233e-03,-1.167040598960140431e-03,-1.276625594090285412e-03,-1.386210589220430176e-03,-1.495795584350575157e-03,-1.605380579480720138e-03,-1.714965574610865118e-03,-1.824550569741009882e-03,-1.934135564871155080e-03,-2.043720560001299844e-03,-2.153305555131444175e-03,-2.233450693175422982e-03,-2.313595831219401790e-03,-2.393740969263379731e-03,-2.473886107307358539e-03,-2.554031245351337347e-03,-2.634176383395316155e-03,-2.714321521439294095e-03,-2.794466659483272903e-03,-2.874611797527251711e-03,-2.954756935571230519e-03,-3.034902073615206725e-03,-2.990369431936331420e-03,-2.945836790257454815e-03,-2.901304148578579076e-03,-2.856771506899703772e-03,-2.812238865220827600e-03,-2.767706223541951428e-03,-2.723173581863075256e-03,-2.678640940184199085e-03,-2.634108298505323346e-03,-2.589575656826447608e-03,-2.545043015147571436e-03,-2.506618125334073802e-03,-2.468193235520575735e-03,-2.429768345707077667e-03,-2.391343455893579599e-03,-2.352918566080081098e-03,-2.314493676266583030e-03,-2.276068786453084962e-03,-2.237643896639587328e-03,-2.199219006826089694e-03,-2.160794117012591192e-03,-2.122369227199093124e-03
8.991427437313137495e-04,8.260433647399548652e-04,7.529439857485959809e-04,6.798446067572372050e-04,6.067452277658783207e-04,5.336458487745194363e-04,4.605464697831607146e-04,3.874470907918018303e-04,3.143477118004429460e-04,2.412483328090840888e-04,1.681489538177252045e-04,9.504957482636653700e-05,1.608044594211875764e-04,2.265593440160086972e-04,2.923142286108298721e-04,3.580691132056509386e-04,4.238239978004720594e-04,4.895788823952932885e-04,5.553337669901144092e-04,6.210886515849355300e-04,6.868435361797566507e-04,7.525984207745777714e-04,8.183533053693985669e-04,8.141424993681736690e-04,8.099316933669484459e-04,8.057208873657232227e-04,8.015100813644979996e-04,7.972992753632727764e-04,7.930884693620476617e-04,7.888776633608223302e-04,7.846668573595972154e-04,7.804560513583721007e-04,7.762452453571467691e-04,7.720344393559213291e-04,7.161457541509717688e-04,6.602570689460221000e-04,6.043683837410724312e-04,5.484796985361229792e-04,4.925910133311732020e-04,4.367023281262236416e-04,3.808136429212739728e-04,3.249249577163244125e-04,2.690362725113747979e-04,2.131475873064251562e-04,1.572589021014752977e-04,6.631869708786979284e-05,-2.462150792573563406e-05,-1.155617129393410813e-04,-2.065019179529459898e-04,-2.974421229665513591e-04,-3.883823279801568097e-04,-4.793225329937623146e-04,-5.702627380073678736e-04,-6.612029430209734326e-04,-7.521431480345786664e-04,-8.430833530481841170e-04,-9.489217500405550858e-04,-1.054760147032926055e-03,-1.160598544025297132e-03,-1.266436941017667992e-03,-1.372275338010039286e-03,-1.478113735002410147e-03,-1.583952131994781007e-03,-1.689790528987152084e-03,-1.795628925979523161e-03,-1.901467322971894022e-03,-2.007305719964264882e-03,-2.087882492748855713e-03,-2.168459265533446544e-03,-2.249036038318037809e-03,-2.329612811102628640e-03,-2.410189583887219471e-03,-2.490766356671810303e-03,-2.571343129456401568e-03,-2.651919902240992399e-03,-2.732496675025583230e-03,-2.813073447810174061e-03,-2.893650220594762724e-03,-2.859781296882648281e-03,-2.825912373170533405e-03,-2.792043449458417662e-03,-2.758174525746303219e-03,-2.724305602034187476e-03,-2.690436678322072166e-03,-2.656567754609957289e-03,-2.622698830897842413e-03,-2.588829907185727103e-03,-2.554960983473611794e-03,-2.521092059761496917e-03,-2.491599905148384354e-03,-2.462107750535271790e-03,-2.432615595922159226e-03,-2.403123441309046662e-03,-2.373631286695934099e-03,-2.344139132082821535e-03,-2.314646977469708971e-03,-2.285154822856597275e-03,-2.255662668243484277e-03,-2.226170513630372147e-03,-2.196678359017259149e-03
8.991427437313137495e-04,8.246432018161520185e-04,7.501436599009905044e-04,6.756441179858289903e-04,6.011445760706672593e-04,5.266450341555056367e-04,4.521454922403441768e-04,3.776459503251825543e-04,3.031464084100208775e-04,2.286468664948592550e-04,1.541473245796976324e-04,7.964778266453624025e-05,1.458200725139377626e-04,2.119923623633394340e-04,2.781646522127410783e-04,3.443369420621427497e-04,4.105092319115444211e-04,4.766815217609460384e-04,5.428538116103477640e-04,6.090261014597493812e-04,6.751983913091509984e-04,7.413706811585526156e-04,8.075429710079540160e-04,8.057743289980257495e-04,8.040056869880974830e-04,8.022370449781689996e-04,8.004684029682407331e-04,7.986997609583124666e-04,7.969311189483839833e-04,7.951624769384556084e-04,7.933938349285273419e-04,7.916251929185989670e-04,7.898565509086705920e-04,7.880879088987421087e-04,7.359081950887720299e-04,6.837284812788020595e-04,6.315487674688321975e-04,5.793690536588622271e-04,5.271893398488922567e-04,4.750096260389222863e-04,4.228299122289524243e-04,3.706501984189823997e-04,3.184704846090125377e-04,2.662907707990425673e-04,2.141110569890723801e-04,1.275285884085641851e-04,4.094611982805592911e-05,-4.563634875245228622e-05,-1.322188173329599391e-04,-2.188012859134681341e-04,-3.053837544939763020e-04,-3.919662230744846054e-04,-4.785486916549928547e-04,-5.651311602355010497e-04,-6.517136288160091905e-04,-7.382960973965174397e-04,-8.403878962511143963e-04,-9.424796951057114614e-04,-1.044571493960308418e-03,-1.146663292814905375e-03,-1.248755091669502548e-03,-1.350846890524099505e-03,-1.452938689378696462e-03,-1.555030488233293418e-03,-1.657122287087890375e-03,-1.759214085942487332e-03,-1.861305884797084071e-03,-1.942314292322287576e-03,-2.023322699847490864e-03,-2.104331107372694153e-03,-2.185339514897897441e-03,-2.266347922423100729e-03,-2.347356329948304017e-03,-2.428364737473507305e-03,-2.509373144998710593e-03,-2.590381552523913881e-03,-2.671389960049117170e-03,-2.752398367574319157e-03,-2.729193161828965142e-03,-2.705987956083610695e-03,-2.682782750338255813e-03,-2.659577544592901799e-03,-2.636372338847547351e-03,-2.613167133102193337e-03,-2.589961927356838889e-03,-2.566756721611484875e-03,-2.543551515866129993e-03,-2.520346310120775979e-03,-2.497141104375421097e-03,-2.476581684962694905e-03,-2.456022265549967845e-03,-2.435462846137241219e-03,-2.414903426724514593e-03,-2.394344007311787099e-03,-2.373784587899060473e-03,-2.353225168486333847e-03,-2.332665749073606788e-03,-2.312106329660880161e-03,-2.291546910248153102e-03,-2.270987490835426476e-03
8.991427437313138579e-04,8.232430388923493887e-04,7.473433340533849195e-04,6.714436292144206671e-04,5.955439243754563064e-04,5.196442195364919456e-04,4.437445146975276932e-04,3.678448098585632782e-04,2.919451050195988632e-04,2.160454001806345024e-04,1.401456953416701416e-04,6.424599050270595705e-05,1.308356856066880030e-04,1.974253807106702251e-04,2.640150758146523930e-04,3.306047709186345608e-04,3.971944660226167287e-04,4.637841611265988966e-04,5.303738562305811187e-04,5.969635513345633408e-04,6.635532464385454545e-04,7.301429415425275682e-04,7.967326366465096819e-04,7.974061586278780468e-04,7.980796806092466285e-04,7.987532025906149934e-04,7.994267245719834667e-04,8.001002465533520484e-04,8.007737685347205217e-04,8.014472905160888866e-04,8.021208124974573599e-04,8.027943344788258332e-04,8.034678564601944149e-04,8.041413784415625630e-04,7.556706360265721826e-04,7.071998936115820190e-04,6.587291511965917470e-04,6.102584087816014750e-04,5.617876663666112030e-04,5.133169239516209310e-04,4.648461815366306590e-04,4.163754391216403870e-04,3.679046967066501150e-04,3.194339542916598430e-04,2.709632118766692999e-04,1.887384797292583334e-04,1.065137475818473669e-04,2.428901543443633267e-05,-5.793571671297404428e-05,-1.401604488603850447e-04,-2.223851810077959569e-04,-3.046099131552070047e-04,-3.868346453026180526e-04,-4.690593774500290461e-04,-5.512841095974400397e-04,-6.335088417448509791e-04,-7.318540424616739237e-04,-8.301992431784969767e-04,-9.285444438953199212e-04,-1.026889644612142974e-03,-1.125234845328966244e-03,-1.223580046045789080e-03,-1.321925246762612133e-03,-1.420270447479434969e-03,-1.518615648196258022e-03,-1.616960848913081075e-03,-1.715306049629903695e-03,-1.796746091895719656e-03,-1.878186134161535402e-03,-1.959626176427350496e-03,-2.041066218693167109e-03,-2.122506260958982420e-03,-2.203946303224798165e-03,-2.285386345490613910e-03,-2.366826387756429222e-03,-2.448266430022244967e-03,-2.529706472288060712e-03,-2.611146514553874722e-03,-2.598605026775282004e-03,-2.586063538996687984e-03,-2.573522051218094398e-03,-2.560980563439501246e-03,-2.548439075660907660e-03,-2.535897587882314508e-03,-2.523356100103720488e-03,-2.510814612325127336e-03,-2.498273124546533750e-03,-2.485731636767940164e-03,-2.473190148989346578e-03,-2.461563464777005456e-03,-2.449936780564663900e-03,-2.438310096352322778e-03,-2.426683412139981656e-03,-2.415056727927640534e-03,-2.403430043715298978e-03,-2.391803359502957856e-03,-2.380176675290616734e-03,-2.368549991078275612e-03,-2.356923306865934056e-03,-2.345296622653592934e-03
8.991427437313137495e-04,8.218428759685466505e-04,7.445430082057795515e-04,6.672431404430124524e-04,5.899432726802452450e-04,5.126434049174781460e-04,4.353435371547111554e-04,3.580436693919440022e-04,2.807438016291768489e-04,2.034439338664097499e-04,1.261440661036426238e-04,4.884419834087568740e-05,1.158512986994382704e-04,1.828583990580009890e-04,2.498654994165636534e-04,3.168725997751263720e-04,3.838797001336890363e-04,4.508868004922517549e-04,5.178939008508144735e-04,5.849010012093771920e-04,6.519081015679399106e-04,7.189152019265025208e-04,7.859223022850651309e-04,7.890379882577303440e-04,7.921536742303957740e-04,7.952693602030609871e-04,7.983850461757262002e-04,8.015007321483915217e-04,8.046164181210568433e-04,8.077321040937221648e-04,8.108477900663874863e-04,8.139634760390526995e-04,8.170791620117181294e-04,8.201948479843830173e-04,7.754330769643725521e-04,7.306713059443618700e-04,6.859095349243512964e-04,6.411477639043407228e-04,5.963859928843301492e-04,5.516242218643194672e-04,5.068624508443088936e-04,4.621006798242982658e-04,4.173389088042877464e-04,3.725771377842771186e-04,3.278153667642663281e-04,2.499483710499525359e-04,1.720813753356387980e-04,9.421437962132503288e-05,1.634738390701180312e-05,-6.151961180730198230e-05,-1.393866075216156661e-04,-2.172536032359294583e-04,-2.951205989502432504e-04,-3.729875946645570426e-04,-4.508545903788707264e-04,-5.287215860931845186e-04,-6.233201886722334511e-04,-7.179187912512824919e-04,-8.125173938303315328e-04,-9.071159964093805737e-04,-1.001714598988429506e-03,-1.096313201567478655e-03,-1.190911804146527805e-03,-1.285510406725576520e-03,-1.380109009304625670e-03,-1.474707611883674819e-03,-1.569306214462723318e-03,-1.651177891469151737e-03,-1.733049568475579722e-03,-1.814921245482007273e-03,-1.896792922488436126e-03,-1.978664599494864111e-03,-2.060536276501292313e-03,-2.142407953507720082e-03,-2.224279630514147850e-03,-2.306151307520576052e-03,-2.388022984527004254e-03,-2.469894661533430288e-03,-2.468016891721598865e-03,-2.466139121909766141e-03,-2.464261352097932550e-03,-2.462383582286100693e-03,-2.460505812474267535e-03,-2.458628042662435245e-03,-2.456750272850602088e-03,-2.454872503038769797e-03,-2.452994733226937073e-03,-2.451116963415104349e-03,-2.449239193603271626e-03,-2.446545244591316007e-03,-2.443851295579360823e-03,-2.441157346567404338e-03,-2.438463397555449587e-03,-2.435769448543493101e-03,-2.433075499531537483e-03,-2.430381550519581865e-03,-2.427687601507626247e-03,-2.424993652495670629e-03,-2.422299703483715011e-03,-2.419605754471759393e-03
8.991427437313137495e-04,8.204427130447439123e-04,7.417426823581739666e-04,6.630426516716042377e-04,5.843426209850344005e-04,5.056425902984643464e-04,4.269425596118946176e-04,3.482425289253247261e-04,2.695424982387548346e-04,1.908424675521849703e-04,1.121424368656150788e-04,3.344240617904541775e-05,1.008669117921885108e-04,1.682914174053317259e-04,2.357159230184749680e-04,3.031404286316181831e-04,3.705649342447613981e-04,4.379894398579046132e-04,5.054139454710478282e-04,5.728384510841910433e-04,6.402629566973341499e-04,7.076874623104774734e-04,7.751119679236204716e-04,7.806698178875826413e-04,7.862276678515447027e-04,7.917855178155069808e-04,7.973433677794690422e-04,8.029012177434311035e-04,8.084590677073933817e-04,8.140169176713554430e-04,8.195747676353176128e-04,8.251326175992796741e-04,8.306904675632418439e-04,8.362483175272035800e-04,7.951955179021728132e-04,7.541427182771417211e-04,7.130899186521107375e-04,6.720371190270799707e-04,6.309843194020488787e-04,5.899315197770181119e-04,5.488787201519871282e-04,5.078259205269561446e-04,4.667731209019253236e-04,4.257203212768943942e-04,3.846675216518632479e-04,3.111582623706467656e-04,2.376490030894302290e-04,1.641397438082136653e-04,9.063048452699765730e-05,1.712122524578114783e-05,-5.638803403543537519e-05,-1.298972933166519118e-04,-2.034065525978684483e-04,-2.769158118790850391e-04,-3.504250711603015215e-04,-4.239343304415180581e-04,-5.147863348827929784e-04,-6.056383393240681156e-04,-6.964903437653431444e-04,-7.873423482066181731e-04,-8.781943526478932019e-04,-9.690463570891682307e-04,-1.059898361530443259e-03,-1.150750365971718288e-03,-1.241602370412993317e-03,-1.332454374854268563e-03,-1.423306379295543374e-03,-1.505609691042583817e-03,-1.587913002789624259e-03,-1.670216314536664484e-03,-1.752519626283705143e-03,-1.834822938030745369e-03,-1.917126249777785811e-03,-1.999429561524826253e-03,-2.081732873271866478e-03,-2.164036185018907571e-03,-2.246339496765947796e-03,-2.328642808512986721e-03,-2.337428756667915726e-03,-2.346214704822842997e-03,-2.355000652977771568e-03,-2.363786601132699706e-03,-2.372572549287627845e-03,-2.381358497442555983e-03,-2.390144445597484121e-03,-2.398930393752412259e-03,-2.407716341907340830e-03,-2.416502290062268535e-03,-2.425288238217196239e-03,-2.431527024405626992e-03,-2.437765810594056445e-03,-2.444004596782486764e-03,-2.450243382970916650e-03,-2.456482169159346536e-03,-2.462720955347776422e-03,-2.468959741536206308e-03,-2.475198527724636194e-03,-2.481437313913066080e-03,-2.487676100101496399e-03,-2.493914886289925852e-03
8.991427437313137495e-04,8.190425501209410656e-04,7.389423565105684901e-04,6.588421629001959146e-04,5.787419692898233391e-04,4.986417756794506552e-04,4.185415820690780797e-04,3.384413884587055043e-04,2.583411948483328203e-04,1.782410012379602178e-04,9.814080762758756096e-05,1.804061401721516165e-05,8.588252488493877831e-05,1.537244357526625169e-04,2.215663466203862285e-04,2.894082574881099942e-04,3.572501683558337057e-04,4.250920792235574172e-04,4.929339900912811830e-04,5.607759009590050029e-04,6.286178118267286060e-04,6.964597226944524259e-04,7.643016335621759206e-04,7.723016475174349386e-04,7.803016614726939566e-04,7.883016754279527577e-04,7.963016893832117757e-04,8.043017033384706853e-04,8.123017172937297033e-04,8.203017312489887213e-04,8.283017452042475224e-04,8.363017591595065404e-04,8.443017731147655584e-04,8.523017870700241427e-04,8.149579588399729659e-04,7.776141306099216806e-04,7.402703023798703954e-04,7.029264741498193270e-04,6.655826459197678249e-04,6.282388176897166481e-04,5.908949894596653629e-04,5.535511612296140777e-04,5.162073329995629008e-04,4.788635047695116698e-04,4.415196765394602220e-04,3.723681536913409410e-04,3.032166308432215516e-04,2.340651079951022165e-04,1.649135851469833963e-04,9.576206229886411532e-05,2.661053945074487502e-05,-4.254098339737446015e-05,-1.116925062454937818e-04,-1.808440290936131169e-04,-2.499955519417323708e-04,-3.191470747898517060e-04,-4.062524810933526684e-04,-4.933578873968537393e-04,-5.804632937003548643e-04,-6.675687000038557726e-04,-7.546741063073568977e-04,-8.417795126108580227e-04,-9.288849189143589310e-04,-1.015990325217860056e-03,-1.103095731521361181e-03,-1.190201137824862306e-03,-1.277306544128363214e-03,-1.360041490616016114e-03,-1.442776437103669013e-03,-1.525511383591321695e-03,-1.608246330078974377e-03,-1.690981276566627060e-03,-1.773716223054279959e-03,-1.856451169541932858e-03,-1.939186116029585540e-03,-2.021921062517238656e-03,-2.104656009004891339e-03,-2.187390955492543154e-03,-2.206840621614232154e-03,-2.226290287735921587e-03,-2.245739953857610154e-03,-2.265189619979299154e-03,-2.284639286100988154e-03,-2.304088952222677154e-03,-2.323538618344366154e-03,-2.342988284466054720e-03,-2.362437950587744154e-03,-2.381887616709432720e-03,-2.401337282831121286e-03,-2.416508804219937110e-03,-2.431680325608752934e-03,-2.446851846997568324e-03,-2.462023368386383713e-03,-2.477194889775199103e-03,-2.492366411164014927e-03,-2.507537932552830751e-03,-2.522709453941646141e-03,-2.537880975330461530e-03,-2.553052496719276920e-03,-2.568224018108092744e-03
8.991427437313137495e-04,8.176423871971384358e-04,7.361420306629629052e-04,6.546416741287876999e-04,5.731413175946123862e-04,4.916409610604368556e-04,4.101406045262616503e-04,3.286402479920862282e-04,2.471398914579108061e-04,1.656395349237354381e-04,8.413917838956005665e-05,2.638821855384887344e-06,7.089813797768903224e-05,1.391574540999932809e-04,2.074167702222975431e-04,2.756760863446018053e-04,3.439354024669060675e-04,4.121947185892102755e-04,4.804540347115145919e-04,5.487133508338188541e-04,6.169726669561230621e-04,6.852319830784273785e-04,7.534912992007314781e-04,7.639334771472872359e-04,7.743756550938429937e-04,7.848178330403987515e-04,7.952600109869545093e-04,8.057021889335102671e-04,8.161443668800660248e-04,8.265865448266217826e-04,8.370287227731775404e-04,8.474709007197335150e-04,8.579130786662892728e-04,8.683552566128447054e-04,8.347203997777731185e-04,8.010855429427015317e-04,7.674506861076299449e-04,7.338158292725584664e-04,7.001809724374867712e-04,6.665461156024152928e-04,6.329112587673435975e-04,5.992764019322720107e-04,5.656415450972005323e-04,5.320066882621289454e-04,4.983718314270571418e-04,4.335780450120350622e-04,3.687842585970129827e-04,3.039904721819909031e-04,2.391966857669692572e-04,1.744028993519472319e-04,1.096091129369251794e-04,4.481532652190309989e-05,-1.997845989311897966e-05,-8.477224630814109987e-05,-1.495660327231631117e-04,-2.143598191381851912e-04,-2.977186273039122500e-04,-3.810774354696393087e-04,-4.644362436353664217e-04,-5.477950518010934805e-04,-6.311538599668204850e-04,-7.145126681325477064e-04,-7.978714762982746025e-04,-8.812302844640017155e-04,-9.645890926297287201e-04,-1.047947900795455833e-03,-1.131306708961182838e-03,-1.214473290189448194e-03,-1.297639871417713333e-03,-1.380806452645978472e-03,-1.463973033874243612e-03,-1.547139615102508751e-03,-1.630306196330774107e-03,-1.713472777559039246e-03,-1.796639358787304169e-03,-1.879805940015569525e-03,-1.962972521243834881e-03,-2.046139102472099153e-03,-2.076252486560549015e-03,-2.106365870648998877e-03,-2.136479254737448305e-03,-2.166592638825898601e-03,-2.196706022914348029e-03,-2.226819407002797891e-03,-2.256932791091247753e-03,-2.287046175179697181e-03,-2.317159559268147043e-03,-2.347272943356596905e-03,-2.377386327445046767e-03,-2.401490584034248095e-03,-2.425594840623448989e-03,-2.449699097212649883e-03,-2.473803353801851644e-03,-2.497907610391052538e-03,-2.522011866980253432e-03,-2.546116123569454760e-03,-2.570220380158655653e-03,-2.594324636747856981e-03,-2.618428893337057875e-03,-2.642533149926259203e-03
8.991427437313137495e-04,8.156645841311758452e-04,7.321864245310380492e-04,6.487082649309002533e-04,5.652301053307624574e-04,4.817519457306244988e-04,3.982737861304867029e-04,3.147956265303489070e-04,2.313174669302110026e-04,1.478393073300731796e-04,6.436114772993530237e-05,-1.911701187020233093e-05,4.816682979914253148e-05,1.154506714684875159e-04,1.827345131378324528e-04,2.500183548071774711e-04,3.173021964765224351e-04,3.845860381458673450e-04,4.518698798152124174e-04,5.191537214845573815e-04,5.864375631539022913e-04,6.537214048232473096e-04,7.210052464925921110e-04,7.336365527473140326e-04,7.462678590020360627e-04,7.588991652567580928e-04,7.715304715114800144e-04,7.841617777662020445e-04,7.967930840209240745e-04,8.094243902756462130e-04,8.220556965303680262e-04,8.346870027850900563e-04,8.473183090398120863e-04,8.599496152945337911e-04,8.300895767951301050e-04,8.002295382957265273e-04,7.703694997963228411e-04,7.405094612969194802e-04,7.106494227975155772e-04,6.807893842981121079e-04,6.509293457987084218e-04,6.210693072993047356e-04,5.912092687999012663e-04,5.613492303004976886e-04,5.314891918010936772e-04,4.716650728631280928e-04,4.118409539251622915e-04,3.520168349871965444e-04,2.921927160492311768e-04,2.323685971112654839e-04,1.725444781732998181e-04,1.127203592353340710e-04,5.289624029736830362e-05,-6.927878640597443470e-06,-6.675199757856311602e-05,-1.265761165165288902e-04,-2.044482678099454490e-04,-2.823204191033620619e-04,-3.601925703967787020e-04,-4.380647216901952337e-04,-5.159368729836118737e-04,-5.938090242770285680e-04,-6.716811755704450455e-04,-7.495533268638616313e-04,-8.274254781572783256e-04,-9.052976294506950199e-04,-9.831697807441116058e-04,-1.061625215513067747e-03,-1.140080650282024105e-03,-1.218536085050980246e-03,-1.296991519819936604e-03,-1.375446954588892745e-03,-1.453902389357849103e-03,-1.532357824126805461e-03,-1.610813258895761602e-03,-1.689268693664717959e-03,-1.767724128433674101e-03,-1.846179563202629591e-03,-1.876621975643678886e-03,-1.907064388084727963e-03,-1.937506800525777041e-03,-1.967949212966826119e-03,-1.998391625407874763e-03,-2.028834037848924708e-03,-2.059276450289973786e-03,-2.089718862731022430e-03,-2.120161275172071941e-03,-2.150603687613120586e-03,-2.181046100054169663e-03,-2.205480997384858845e-03,-2.229915894715548026e-03,-2.254350792046237208e-03,-2.278785689376926389e-03,-2.303220586707615137e-03,-2.327655484038304318e-03,-2.352090381368993500e-03,-2.376525278699682681e-03,-2.400960176030371863e-03,-2.425395073361060611e-03,-2.449829970691750226e-03
8.991427437313137495e-04,8.136867810652134714e-04,7.282308183991131932e-04,6.427748557330129151e-04,5.573188930669125286e-04,4.718629304008120336e-04,3.864069677347119181e-04,3.009510050686115316e-04,2.154950424025111721e-04,1.300390797364108669e-04,4.458311707031048710e-05,-4.087284559578961484e-05,2.543552162059595958e-05,9.174388883698166952e-05,1.580522560533673625e-04,2.243606232697530826e-04,2.906689904861387485e-04,3.569773577025244686e-04,4.232857249189101887e-04,4.895940921352959089e-04,5.559024593516816290e-04,6.222108265680672406e-04,6.885191937844527439e-04,7.033396283473409378e-04,7.181600629102292402e-04,7.329804974731174341e-04,7.478009320360056280e-04,7.626213665988938219e-04,7.774418011617821242e-04,7.922622357246702097e-04,8.070826702875584036e-04,8.219031048504468143e-04,8.367235394133348998e-04,8.515439739762228769e-04,8.254587538124873083e-04,7.993735336487515228e-04,7.732883134850158458e-04,7.472030933212802772e-04,7.211178731575446001e-04,6.950326529938090315e-04,6.689474328300733545e-04,6.428622126663375690e-04,6.167769925026020004e-04,5.906917723388664318e-04,5.646065521751305379e-04,5.097521007142211775e-04,4.548976492533117629e-04,4.000431977924024025e-04,3.451887463314933673e-04,2.903342948705840069e-04,2.354798434096746465e-04,1.806253919487652319e-04,1.257709404878558715e-04,7.091648902694648398e-05,1.606203756603715067e-05,-3.879241389487226395e-05,-1.111779083159784311e-04,-1.835634027370845441e-04,-2.559488971581906571e-04,-3.283343915792968784e-04,-4.007198860004029372e-04,-4.731053804215091044e-04,-5.454908748426151631e-04,-6.178763692637214387e-04,-6.902618636848274975e-04,-7.626473581059336647e-04,-8.350328525270397234e-04,-9.087771408366870831e-04,-9.825214291463346596e-04,-1.056265717455981586e-03,-1.130010005765628945e-03,-1.203754294075276305e-03,-1.277498582384923665e-03,-1.351242870694571024e-03,-1.424987159004218384e-03,-1.498731447313865744e-03,-1.572475735623513320e-03,-1.646220023933159596e-03,-1.676991464726808540e-03,-1.707762905520456833e-03,-1.738534346314104693e-03,-1.769305787107753637e-03,-1.800077227901401931e-03,-1.830848668695050224e-03,-1.861620109488698951e-03,-1.892391550282347028e-03,-1.923162991075995322e-03,-1.953934431869643832e-03,-1.984705872663291692e-03,-2.009471410735469594e-03,-2.034236948807646630e-03,-2.059002486879823665e-03,-2.083768024952000700e-03,-2.108533563024178169e-03,-2.133299101096354771e-03,-2.158064639168532240e-03,-2.182830177240708842e-03,-2.207595715312885877e-03,-2.232361253385063346e-03,-2.257126791457239948e-03
8.991427437313137495e-04,8.117089779992508808e-04,7.242752122671881204e-04,6.368414465351253601e-04,5.494076808030624913e-04,4.619739150709997310e-04,3.745401493389370791e-04,2.871063836068742103e-04,1.996726178748113687e-04,1.122388521427485677e-04,2.480508641068575993e-05,-6.262867932137685810e-05,2.704213442049450351e-06,6.803710620547587739e-05,1.333699989689022722e-04,1.987028917323286942e-04,2.640357844957551704e-04,3.293686772591814839e-04,3.947015700226079601e-04,4.600344627860343278e-04,5.253673555494608582e-04,5.907002483128872801e-04,6.560331410763135937e-04,6.730427039473680598e-04,6.900522668184224176e-04,7.070618296894766669e-04,7.240713925605311331e-04,7.410809554315855993e-04,7.580905183026399570e-04,7.751000811736944232e-04,7.921096440447488894e-04,8.091192069158033556e-04,8.261287697868578217e-04,8.431383326579119626e-04,8.208279308298442947e-04,7.985175290017767352e-04,7.762071271737088505e-04,7.538967253456411825e-04,7.315863235175735146e-04,7.092759216895057383e-04,6.869655198614381788e-04,6.646551180333702940e-04,6.423447162053027345e-04,6.200343143772350666e-04,5.977239125491671818e-04,5.478391285653140454e-04,4.979543445814611259e-04,4.480695605976080980e-04,3.981847766137553411e-04,3.482999926299023131e-04,2.984152086460492852e-04,2.485304246621962030e-04,1.986456406783431751e-04,1.487608566944900929e-04,9.887607271063710566e-05,4.899128872678406416e-05,-1.790754882201161318e-05,-8.480638637080729729e-05,-1.517052239196029374e-04,-2.186040614683986316e-04,-2.855028990171942717e-04,-3.524017365659899660e-04,-4.193005741147856603e-04,-4.861994116635813545e-04,-5.530982492123769946e-04,-6.199970867611726347e-04,-6.868959243099683832e-04,-7.559290661603067446e-04,-8.249622080106451061e-04,-8.939953498609835760e-04,-9.630284917113219375e-04,-1.032061633561660299e-03,-1.101094775411998877e-03,-1.170127917262337239e-03,-1.239161059112675383e-03,-1.308194200963013962e-03,-1.377227342813352540e-03,-1.446260484663690034e-03,-1.477360953809938194e-03,-1.508461422956185486e-03,-1.539561892102433429e-03,-1.570662361248681372e-03,-1.601762830394928882e-03,-1.632863299541176825e-03,-1.663963768687424551e-03,-1.695064237833672277e-03,-1.726164706979920220e-03,-1.757265176126167729e-03,-1.788365645272415021e-03,-1.813461824086080561e-03,-1.838558002899745450e-03,-1.863654181713410773e-03,-1.888750360527075879e-03,-1.913846539340740768e-03,-1.938942718154405657e-03,-1.964038896968070980e-03,-1.989135075781735870e-03,-2.014231254595400759e-03,-2.039327433409065648e-03,-2.064423612222730971e-03
8.991427437313137495e-04,8.097311749332883985e-04,7.203196061352631560e-04,6.309080373372379135e-04,5.414964685392126709e-04,4.520848997411873742e-04,3.626733309431622401e-04,2.732617621451368891e-04,1.838501933471115924e-04,9.443862454908630917e-05,5.027055751061012428e-06,-8.438451304696405393e-05,-2.002709473649704532e-05,4.433032357397008526e-05,1.086877418844372362e-04,1.730451601949043600e-04,2.374025785053714838e-04,3.017599968158386618e-04,3.661174151263057856e-04,4.304748334367729094e-04,4.948322517472400874e-04,5.591896700577072112e-04,6.235470883681742266e-04,6.427457795473948566e-04,6.619444707266154866e-04,6.811431619058360082e-04,7.003418530850567467e-04,7.195405442642774851e-04,7.387392354434981151e-04,7.579379266227186367e-04,7.771366178019393752e-04,7.963353089811600052e-04,8.155340001603807436e-04,8.347326913396010484e-04,8.161971078472013896e-04,7.976615243548017308e-04,7.791259408624017467e-04,7.605903573700020879e-04,7.420547738776023207e-04,7.235191903852025534e-04,7.049836068928028946e-04,6.864480234004032358e-04,6.679124399080034686e-04,6.493768564156037013e-04,6.308412729232037173e-04,5.859261564164071302e-04,5.410110399096104347e-04,4.960959234028136308e-04,4.511808068960173690e-04,4.062656903892205651e-04,3.613505738824239781e-04,3.164354573756272284e-04,2.715203408688304787e-04,2.266052243620337832e-04,1.816901078552370877e-04,1.367749913484403923e-04,7.536281067195518444e-05,1.395062999546996306e-05,-4.746155068101521089e-05,-1.088737313575004390e-04,-1.702859120339856062e-04,-2.316980927104708818e-04,-2.931102733869560490e-04,-3.545224540634413246e-04,-4.159346347399263833e-04,-4.773468154164116047e-04,-5.387589960928968261e-04,-6.030809914839264062e-04,-6.674029868749557694e-04,-7.317249822659853496e-04,-7.960469776570149297e-04,-8.603689730480444013e-04,-9.246909684390739815e-04,-9.890129638301034531e-04,-1.053334959221132816e-03,-1.117656954612162397e-03,-1.181978950003191760e-03,-1.246300945394220689e-03,-1.277730442893067848e-03,-1.309159940391915007e-03,-1.340589437890761949e-03,-1.372018935389609324e-03,-1.403448432888456266e-03,-1.434877930387302991e-03,-1.466307427886150367e-03,-1.497736925384997309e-03,-1.529166422883844250e-03,-1.560595920382691409e-03,-1.592025417881538351e-03,-1.617452237436691311e-03,-1.642879056991844704e-03,-1.668305876546997447e-03,-1.693732696102150841e-03,-1.719159515657303801e-03,-1.744586335212456761e-03,-1.770013154767609721e-03,-1.795439974322762680e-03,-1.820866793877915640e-03,-1.846293613433068600e-03,-1.871720432988221777e-03
8.991427437313137495e-04,8.077533718673260248e-04,7.163640000033383000e-04,6.249746281393506837e-04,5.335852562753628505e-04,4.421958844113749632e-04,3.508065125473873468e-04,2.594171406833996763e-04,1.680277688194117889e-04,7.663839695542403710e-05,-1.475097490856372830e-05,-1.061403467725512769e-04,-4.275840291504353252e-05,2.062354094246433378e-05,8.400548479997220009e-05,1.473874286574800799e-04,2.107693725149879056e-04,2.741513163724957854e-04,3.375332602300036653e-04,4.009152040875114910e-04,4.642971479450194250e-04,5.276790918025271422e-04,5.910610356600348595e-04,6.124488551474217618e-04,6.338366746348087725e-04,6.552244941221954579e-04,6.766123136095823602e-04,6.980001330969692625e-04,7.193879525843561648e-04,7.407757720717430671e-04,7.621635915591297526e-04,7.835514110465166548e-04,8.049392305339035571e-04,8.263270500212902426e-04,8.115662848645584845e-04,7.968055197078266179e-04,7.820447545510948598e-04,7.672839893943631017e-04,7.525232242376312351e-04,7.377624590808995854e-04,7.230016939241677189e-04,7.082409287674359608e-04,6.934801636107042026e-04,6.787193984539724445e-04,6.639586332972404695e-04,6.240131842674999981e-04,5.840677352377598519e-04,5.441222862080192721e-04,5.041768371782792343e-04,4.642313881485388713e-04,4.242859391187985083e-04,3.843404900890581453e-04,3.443950410593177823e-04,3.044495920295773651e-04,2.645041429998371105e-04,2.245586939700966391e-04,1.686331701659219177e-04,1.127076463617471963e-04,5.678212255757240717e-05,8.565987533976451331e-07,-5.506892505077707624e-05,-1.109944488549519060e-04,-1.669199726591265732e-04,-2.228454964633013488e-04,-2.787710202674760973e-04,-3.346965440716508458e-04,-3.906220678758255942e-04,-4.502329168075462303e-04,-5.098437657392668665e-04,-5.694546146709874484e-04,-6.290654636027080302e-04,-6.886763125344287206e-04,-7.482871614661490856e-04,-8.078980103978697759e-04,-8.675088593295903578e-04,-9.271197082613110482e-04,-9.867305571930316301e-04,-1.046341406124751778e-03,-1.078099931976198153e-03,-1.109858457827644310e-03,-1.141616983679090685e-03,-1.173375509530537493e-03,-1.205134035381983651e-03,-1.236892561233430025e-03,-1.268651087084876183e-03,-1.300409612936322774e-03,-1.332168138787768932e-03,-1.363926664639215523e-03,-1.395685190490661464e-03,-1.421442650787302711e-03,-1.447200111083943959e-03,-1.472957571380584772e-03,-1.498715031677225803e-03,-1.524472491973867050e-03,-1.550229952270508081e-03,-1.575987412567148895e-03,-1.601744872863789925e-03,-1.627502333160430522e-03,-1.653259793457071769e-03,-1.679017253753712800e-03
8.991427437313137495e-04,8.057755688013635426e-04,7.124083938714132272e-04,6.190412189414631287e-04,5.256740440115129217e-04,4.323068690815626064e-04,3.389396941516125620e-04,2.455725192216622467e-04,1.522053442917119855e-04,5.883816936176177858e-05,-3.452900556818845547e-05,-1.278961804981384998e-04,-6.548971109359002650e-05,-3.083241689041431245e-06,5.932322771550715723e-05,1.217296971200557186e-04,1.841361665246042732e-04,2.465426359291529091e-04,3.089491053337014908e-04,3.713555747382500725e-04,4.337620441427986542e-04,4.961685135473471817e-04,5.585749829518956008e-04,5.821519307474487754e-04,6.057288785430018415e-04,6.293058263385549076e-04,6.528827741341078654e-04,6.764597219296610399e-04,7.000366697252141061e-04,7.236136175207671722e-04,7.471905653163202383e-04,7.707675131118733045e-04,7.943444609074263706e-04,8.179214087029793284e-04,8.069354618819155793e-04,7.959495150608516135e-04,7.849635682397877560e-04,7.739776214187240070e-04,7.629916745976601496e-04,7.520057277765962922e-04,7.410197809555325432e-04,7.300338341344686857e-04,7.190478873134049367e-04,7.080619404923410793e-04,6.970759936712770050e-04,6.621002121185930829e-04,6.271244305659089439e-04,5.921486490132249134e-04,5.571728674605412081e-04,5.221970859078571775e-04,4.872213043551731470e-04,4.522455228024891164e-04,4.172697412498050859e-04,3.822939596971210554e-04,3.473181781444370248e-04,3.123423965917529943e-04,2.619035296598887187e-04,2.114646627280243889e-04,1.610257957961600591e-04,1.105869288642958377e-04,6.014806193243148083e-05,9.709195000567205245e-06,-4.072967193129698902e-05,-9.116853886316131882e-05,-1.416074057950257028e-04,-1.920462727268899784e-04,-2.424851396587543624e-04,-2.973848421311660003e-04,-3.522845446035777466e-04,-4.071842470759892219e-04,-4.620839495484009682e-04,-5.169836520208127145e-04,-5.718833544932241898e-04,-6.267830569656359903e-04,-6.816827594380475740e-04,-7.365824619104591577e-04,-7.914821643828710666e-04,-8.463818668552822166e-04,-8.784694210593280237e-04,-9.105569752633737223e-04,-9.426445294674192042e-04,-9.747320836714651196e-04,-1.006819637875510601e-03,-1.038907192079556409e-03,-1.070994746283602216e-03,-1.103082300487647806e-03,-1.135169854691693613e-03,-1.167257408895738986e-03,-1.199344963099784793e-03,-1.225433064137913895e-03,-1.251521165176042996e-03,-1.277609266214171663e-03,-1.303697367252300982e-03,-1.329785468290429866e-03,-1.355873569328558750e-03,-1.381961670366687852e-03,-1.408049771404816519e-03,-1.434137872442945404e-03,-1.460225973481074722e-03,-1.486314074519203389e-03
8.991427437313136411e-04,8.037977657354010604e-04,7.084527877394882628e-04,6.131078097435757905e-04,5.177628317476629929e-04,4.224178537517503038e-04,3.270728757558375604e-04,2.317278977599249255e-04,1.363829197640122092e-04,4.103794176809949295e-05,-5.430703622781319620e-05,-1.496520142237257227e-04,-8.822101927213652048e-05,-2.679002432054725048e-05,3.464097063104207373e-05,9.607196558263137083e-05,1.575029605342206950e-04,2.189339554858099786e-04,2.803649504373993163e-04,3.417959453889885999e-04,4.032269403405778834e-04,4.646579352921672212e-04,5.260889302437562337e-04,5.518550063474756805e-04,5.776210824511949105e-04,6.033871585549141405e-04,6.291532346586334789e-04,6.549193107623528173e-04,6.806853868660721557e-04,7.064514629697913857e-04,7.322175390735107241e-04,7.579836151772299541e-04,7.837496912809494010e-04,8.095157673846683057e-04,8.023046388992725658e-04,7.950935104138765006e-04,7.878823819284807607e-04,7.806712534430850208e-04,7.734601249576890641e-04,7.662489964722932157e-04,7.590378679868973674e-04,7.518267395015014107e-04,7.446156110161055624e-04,7.374044825307097140e-04,7.301933540453137573e-04,7.001872399696860592e-04,6.701811258940582527e-04,6.401750118184306631e-04,6.101688977428031818e-04,5.801627836671753753e-04,5.501566695915477857e-04,5.201505555159200876e-04,4.901444414402923895e-04,4.601383273646646914e-04,4.301322132890370476e-04,4.001260992134092953e-04,3.551738891538554384e-04,3.102216790943015815e-04,2.652694690347478330e-04,2.203172589751940303e-04,1.753650489156401734e-04,1.304128388560863436e-04,8.546062879653254095e-05,4.050841873697862985e-05,-4.443791322575145735e-06,-4.939600138212900263e-05,-9.434821144168287308e-05,-1.445367674547856076e-04,-1.947253234678884099e-04,-2.449138794809910496e-04,-2.951024354940939062e-04,-3.452909915071966543e-04,-3.954795475202993482e-04,-4.456681035334022047e-04,-4.958566595465047902e-04,-5.460452155596074841e-04,-5.962337715727103948e-04,-6.464223275858127634e-04,-6.788389101424578947e-04,-7.112554926991029175e-04,-7.436720752557477235e-04,-7.760886578123928547e-04,-8.085052403690378775e-04,-8.409218229256829004e-04,-8.733384054823279232e-04,-9.057549880389729460e-04,-9.381715705956178604e-04,-9.705881531522628832e-04,-1.003004735708907906e-03,-1.029423477488524644e-03,-1.055842219268141816e-03,-1.082260961047758555e-03,-1.108679702827375727e-03,-1.135098444606992682e-03,-1.161517186386609637e-03,-1.187935928166226809e-03,-1.214354669945843113e-03,-1.240773411725460285e-03,-1.267192153505077240e-03,-1.293610895284694196e-03
8.991427437313138579e-04,8.018199626694387950e-04,7.044971816075632984e-04,6.071744005456883439e-04,5.098516194838131725e-04,4.125288384219378385e-04,3.152060573600628298e-04,2.178832762981876313e-04,1.205604952363124058e-04,2.323771417443726154e-05,-7.408506688743797758e-05,-1.714078479493129456e-04,-1.109523274506830416e-04,-5.049680695205298840e-05,9.958713546577010545e-06,7.041423404520705015e-05,1.308697545438370627e-04,1.913252750424671023e-04,2.517807955410971419e-04,3.122363160397271273e-04,3.726918365383571127e-04,4.331473570369871523e-04,4.936028775356170835e-04,5.215580819475025857e-04,5.495132863593879795e-04,5.774684907712735902e-04,6.054236951831589841e-04,6.333788995950445947e-04,6.613341040069302054e-04,6.892893084188155993e-04,7.172445128307009931e-04,7.451997172425867122e-04,7.731549216544722145e-04,8.011101260663574999e-04,7.976738159166295522e-04,7.942375057669016046e-04,7.908011956171737654e-04,7.873648854674458178e-04,7.839285753177179785e-04,7.804922651679900309e-04,7.770559550182621917e-04,7.736196448685342441e-04,7.701833347188062964e-04,7.667470245690784572e-04,7.633107144193504012e-04,7.382742678207791440e-04,7.132378212222076699e-04,6.882013746236363043e-04,6.631649280250651556e-04,6.381284814264937899e-04,6.130920348279224243e-04,5.880555882293510587e-04,5.630191416307796931e-04,5.379826950322084359e-04,5.129462484336370703e-04,4.879098018350657047e-04,4.484442486478223207e-04,4.089786954605789367e-04,3.695131422733354985e-04,3.300475890860922229e-04,2.905820358988488389e-04,2.511164827116054007e-04,2.116509295243620980e-04,1.721853763371187140e-04,1.327198231498753571e-04,9.325426996263197314e-05,5.378871677538856204e-05,8.311307221594725747e-06,-3.716610233219916814e-05,-8.264351188599295870e-05,-1.281209214397867899e-04,-1.735983309935806482e-04,-2.190757405473744794e-04,-2.645531501011683649e-04,-3.100305596549621148e-04,-3.555079692087559189e-04,-4.009853787625497772e-04,-4.464627883163434187e-04,-4.792083992255877656e-04,-5.119540101348321126e-04,-5.446996210440764596e-04,-5.774452319533206982e-04,-6.101908428625650452e-04,-6.429364537718093922e-04,-6.756820646810537392e-04,-7.084276755902980862e-04,-7.411732864995423248e-04,-7.739188974087865634e-04,-8.066645083180308019e-04,-8.334138908391358277e-04,-8.601632733602406367e-04,-8.869126558813456625e-04,-9.136620384024507968e-04,-9.404114209235557142e-04,-9.671608034446605232e-04,-9.939101859657655490e-04,-1.020659568486870141e-03,-1.047408951007975167e-03,-1.074158333529079976e-03,-1.100907716050185002e-03
8.991427437313137495e-04,7.998421596034760959e-04,7.005415754756385508e-04,6.012409913478007888e-04,5.019404072199631353e-04,4.026398230921255359e-04,3.033392389642879908e-04,2.040386548364503372e-04,1.047380707086126295e-04,5.437486580774975910e-06,-9.386309754706269120e-05,-1.931636816749001415e-04,-1.336836356292294813e-04,-7.420358958355876698e-05,-1.472354353788801198e-05,4.475650250778271592e-05,1.042365485534534709e-04,1.637165945991241717e-04,2.231966406447949674e-04,2.826766866904656546e-04,3.421567327361364503e-04,4.016367787818071917e-04,4.611168248274778790e-04,4.912611575475295993e-04,5.214054902675812654e-04,5.515498229876329315e-04,5.816941557076845976e-04,6.118384884277363722e-04,6.419828211477881467e-04,6.721271538678398128e-04,7.022714865878915873e-04,7.324158193079432534e-04,7.625601520279950279e-04,7.927044847480465856e-04,7.930429929339868639e-04,7.933815011199268170e-04,7.937200093058667701e-04,7.940585174918069400e-04,7.943970256777466762e-04,7.947355338636868461e-04,7.950740420496269075e-04,7.954125502355670774e-04,7.957510584215071389e-04,7.960895666074469836e-04,7.964280747933870450e-04,7.763612956718720119e-04,7.562945165503569787e-04,7.362277374288418372e-04,7.161609583073271293e-04,6.960941791858119877e-04,6.760274000642970630e-04,6.559606209427819214e-04,6.358938418212669967e-04,6.158270626997518551e-04,5.957602835782369304e-04,5.756935044567218973e-04,5.417146081417889862e-04,5.077357118268560751e-04,4.737568155119231640e-04,4.397779191969903613e-04,4.057990228820572876e-04,3.718201265671244307e-04,3.378412302521915196e-04,3.038623339372586085e-04,2.698834376223256974e-04,2.359045413073927321e-04,2.019256449924596855e-04,1.611593818979747711e-04,1.203931188034899246e-04,7.962685570900496961e-05,3.886059261452007562e-05,-1.905670479964831918e-06,-4.267193357444975979e-05,-8.343819666893470121e-05,-1.242044597634195749e-04,-1.649707228579045163e-04,-2.057369859523894306e-04,-2.465032490468741823e-04,-2.795778883087179077e-04,-3.126525275705614704e-04,-3.457271668324050874e-04,-3.788018060942488670e-04,-4.118764453560924297e-04,-4.449510846179360467e-04,-4.780257238797797179e-04,-5.111003631416233348e-04,-5.441750024034668976e-04,-5.772496416653105688e-04,-6.103242809271541315e-04,-6.374043041897471196e-04,-6.644843274523401077e-04,-6.915643507149328790e-04,-7.186443739775258670e-04,-7.457243972401187467e-04,-7.728044205027117348e-04,-7.998844437653046145e-04,-8.269644670278971689e-04,-8.540444902904900486e-04,-8.811245135530829282e-04,-9.082045368156760248e-04
8.991427437313137495e-04,7.978643565375135053e-04,6.965859693437134780e-04,5.953075821499134506e-04,4.940291949561134233e-04,3.927508077623130707e-04,2.914724205685131518e-04,1.901940333747129889e-04,8.891564618091282604e-05,-1.236274101288728261e-05,-1.136411282066874455e-04,-2.149195154004873644e-04,-1.564149438077760024e-04,-9.791037221506451846e-05,-3.940580062235307516e-05,1.909877097035840880e-05,7.760334256306987920e-05,1.361079141557813225e-04,1.946124857484927929e-04,2.531170573412042904e-04,3.116216289339157337e-04,3.701262005266272312e-04,4.286307721193384577e-04,4.609642331475565045e-04,4.932976941757743344e-04,5.256311552039922728e-04,5.579646162322102112e-04,5.902980772604281496e-04,6.226315382886460879e-04,6.549649993168641347e-04,6.872984603450819647e-04,7.196319213733000115e-04,7.519653824015179499e-04,7.842988434297356714e-04,7.884121699513437420e-04,7.925254964729518126e-04,7.966388229945597747e-04,8.007521495161677369e-04,8.048654760377756991e-04,8.089788025593837697e-04,8.130921290809917318e-04,8.172054556025995856e-04,8.213187821242077646e-04,8.254321086458157267e-04,8.295454351674236889e-04,8.144483235229648798e-04,7.993512118785063960e-04,7.842541002340476953e-04,7.691569885895891030e-04,7.540598769451302939e-04,7.389627653006717017e-04,7.238656536562130010e-04,7.087685420117543003e-04,6.936714303672955996e-04,6.785743187228370074e-04,6.634772070783781983e-04,6.349849676357557059e-04,6.064927281931333219e-04,5.780004887505108295e-04,5.495082493078883371e-04,5.210160098652659531e-04,4.925237704226434607e-04,4.640315309800210767e-04,4.355392915373985843e-04,4.070470520947761460e-04,3.785548126521537078e-04,3.500625732095311070e-04,3.140074565743551367e-04,2.779523399391791122e-04,2.418972233040031419e-04,2.058421066688271987e-04,1.697869900336511199e-04,1.337318733984751767e-04,9.767675676329915218e-05,6.162164012812315476e-05,2.556652349294717089e-05,-1.048859314222884008e-05,-4.654370977740476974e-05,-7.994737739184777864e-05,-1.133510450062907469e-04,-1.467547126207336609e-04,-1.801583802351766563e-04,-2.135620478496195974e-04,-2.469657154640625385e-04,-2.803693830785054797e-04,-3.137730506929484750e-04,-3.471767183073914162e-04,-3.805803859218344115e-04,-4.139840535362771900e-04,-4.413947175403581946e-04,-4.688053815444390366e-04,-4.962160455485198785e-04,-5.236267095526009373e-04,-5.510373735566816708e-04,-5.784480375607627296e-04,-6.058587015648434632e-04,-6.332693655689239799e-04,-6.606800295730049302e-04,-6.880906935770858806e-04,-7.155013575811667225e-04
8.991427437313136411e-04,7.958865534715512400e-04,6.926303632117884052e-04,5.893741729520260040e-04,4.861179826922632776e-04,3.828617924325007139e-04,2.796056021727382586e-04,1.763494119129756406e-04,7.309322165321296841e-05,-3.016296860654962922e-05,-1.334191588663122675e-04,-2.366753491260746686e-04,-1.791462519863226048e-04,-1.216171548465704190e-04,-6.408805770681826031e-05,-6.558960567066077049e-06,5.097013657268608419e-05,1.084992337124382429e-04,1.660283308521904016e-04,2.235574279919425738e-04,2.810865251316946919e-04,3.386156222714469454e-04,3.961447194111990364e-04,4.306673087475831928e-04,4.651898980839671866e-04,4.997124874203512888e-04,5.342350767567354995e-04,5.687576660931197101e-04,6.032802554295038124e-04,6.378028447658879146e-04,6.723254341022720168e-04,7.068480234386563359e-04,7.413706127750405465e-04,7.758932021114243235e-04,7.837813469687004032e-04,7.916694918259763744e-04,7.995576366832522373e-04,8.074457815405283170e-04,8.153339263978041799e-04,8.232220712550801511e-04,8.311102161123559056e-04,8.389983609696319853e-04,8.468865058269080650e-04,8.547746506841840362e-04,8.626627955414596823e-04,8.525353513740575309e-04,8.424079072066552711e-04,8.322804630392527945e-04,8.221530188718504262e-04,8.120255747044480580e-04,8.018981305370459067e-04,7.917706863696434300e-04,7.816432422022411702e-04,7.715157980348386936e-04,7.613883538674365422e-04,7.512609097000340656e-04,7.282553271297221003e-04,7.052497445594100266e-04,6.822441619890980613e-04,6.592385794187860960e-04,6.362329968484741307e-04,6.132274142781621654e-04,5.902218317078500916e-04,5.672162491375381263e-04,5.442106665672261610e-04,5.212050839969141957e-04,4.981995014266020136e-04,4.668555312507350415e-04,4.355115610748678525e-04,4.041675908990008262e-04,3.728236207231336915e-04,3.414796505472667194e-04,3.101356803713996389e-04,2.787917101955325041e-04,2.474477400196654778e-04,2.161037698437983702e-04,1.847597996679312625e-04,1.534158294920641820e-04,1.196831335250219303e-04,8.595043755797965139e-05,5.221774159093741318e-05,1.848504562389516480e-05,-1.524765034314708188e-05,-4.898034631018934211e-05,-8.271304227723159388e-05,-1.164457382442738185e-04,-1.501784342113160974e-04,-1.839111301783583356e-04,-2.176438261454004925e-04,-2.453851308909693238e-04,-2.731264356365382365e-04,-3.008677403821070407e-04,-3.286090451276758992e-04,-3.563503498732447576e-04,-3.840916546188136160e-04,-4.118329593643824745e-04,-4.395742641099508992e-04,-4.673155688555197577e-04,-4.950568736010886161e-04,-5.227981783466575287e-04
8.991427437313138579e-04,7.938738935901960402e-04,6.886050434490782225e-04,5.833361933079606217e-04,4.780673431668428582e-04,3.727984930257250947e-04,2.675296428846074938e-04,1.622607927434896761e-04,5.699194260237193973e-05,-4.827690753874581020e-05,-1.535457576798635601e-04,-2.588146078209811068e-04,-2.040906580946106046e-04,-1.493667083682400211e-04,-9.464275864186941049e-05,-3.991880891549884054e-05,1.480514081087175651e-05,6.952909053724235357e-05,1.242530402636129506e-04,1.789769899899835341e-04,2.337009397163541447e-04,2.884248894427247282e-04,3.431488391690952033e-04,3.769673816457729519e-04,4.107859241224504836e-04,4.446044665991282321e-04,4.784230090758058722e-04,5.122415515524836750e-04,5.460600940291612066e-04,5.798786365058389552e-04,6.136971789825165953e-04,6.475157214591942354e-04,6.813342639358720924e-04,7.151528064125495156e-04,7.242341035864302643e-04,7.333154007603109046e-04,7.423966979341915448e-04,7.514779951080721851e-04,7.605592922819529337e-04,7.696405894558336824e-04,7.787218866297142142e-04,7.878031838035950713e-04,7.968844809774757116e-04,8.059657781513564602e-04,8.150470753252369921e-04,8.070118568074989215e-04,7.989766382897607426e-04,7.909414197720227805e-04,7.829062012542848184e-04,7.748709827365467479e-04,7.668357642188085689e-04,7.588005457010707153e-04,7.507653271833325363e-04,7.427301086655945742e-04,7.346948901478563953e-04,7.266596716301183248e-04,7.062971952863637305e-04,6.859347189426092447e-04,6.655722425988546504e-04,6.452097662551001646e-04,6.248472899113455704e-04,6.044848135675908677e-04,5.841223372238364903e-04,5.637598608800817876e-04,5.433973845363274102e-04,5.230349081925727076e-04,5.026724318488181133e-04,4.744316966540059518e-04,4.461909614591938445e-04,4.179502262643817372e-04,3.897094910695697383e-04,3.614687558747576852e-04,3.332280206799455237e-04,3.049872854851334706e-04,2.767465502903214175e-04,2.485058150955093102e-04,2.202650799006972300e-04,1.920243447058851498e-04,1.614903829040697527e-04,1.309564211022543826e-04,1.004224593004389584e-04,6.988849749862364254e-05,3.935453569680823183e-05,8.820573894992865175e-06,-2.171338790682254892e-05,-5.224734970863788508e-05,-8.278131151045328901e-05,-1.133152733122686591e-04,-1.438492351140839478e-04,-1.690979517997651127e-04,-1.943466684854462505e-04,-2.195953851711273611e-04,-2.448441018568085531e-04,-2.700928185424896909e-04,-2.953415352281708287e-04,-3.205902519138520207e-04,-3.458389685995327248e-04,-3.710876852852139710e-04,-3.963364019708950545e-04,-4.215851186565761923e-04
8.991427437313137495e-04,7.918612337088409489e-04,6.845797236863679315e-04,5.772982136638950225e-04,4.700167036414222219e-04,3.627351936189493128e-04,2.554536835964765665e-04,1.481721735740036574e-04,4.089066355153077553e-05,-6.639084647094213349e-05,-1.736723564934150154e-04,-2.809538665158876534e-04,-2.290350642028987670e-04,-1.771162618899097994e-04,-1.251974595769208046e-04,-7.327865726393178276e-05,-2.135985495094278801e-05,3.055894736204615932e-05,8.247774967503518795e-05,1.343965519880241963e-04,1.863153543010131910e-04,2.382341566140021858e-04,2.901529589269910992e-04,3.232674545439622772e-04,3.563819501609334010e-04,3.894964457779046332e-04,4.226109413948758112e-04,4.557254370118470977e-04,4.888399326288182757e-04,5.219544282457894537e-04,5.550689238627607401e-04,5.881834194797319181e-04,6.212979150967030961e-04,6.544124107136741657e-04,6.646868602041596918e-04,6.749613096946451094e-04,6.852357591851304186e-04,6.955102086756159447e-04,7.057846581661012539e-04,7.160591076565866716e-04,7.263335571470720892e-04,7.366080066375575068e-04,7.468824561280430329e-04,7.571569056185283421e-04,7.674313551090137598e-04,7.614883622409399869e-04,7.555453693728662141e-04,7.496023765047924413e-04,7.436593836367186685e-04,7.377163907686448956e-04,7.317733979005712312e-04,7.258304050324974584e-04,7.198874121644236856e-04,7.139444192963499127e-04,7.080014264282760315e-04,7.020584335602023671e-04,6.843390634430052523e-04,6.666196933258081376e-04,6.489003232086109144e-04,6.311809530914139080e-04,6.134615829742167932e-04,5.957422128570196785e-04,5.780228427398226721e-04,5.603034726226254489e-04,5.425841025054283341e-04,5.248647323882312194e-04,5.071453622710338878e-04,4.820078620572769705e-04,4.568703618435198364e-04,4.317328616297628650e-04,4.065953614160057851e-04,3.814578612022487053e-04,3.563203609884916796e-04,3.311828607747345455e-04,3.060453605609775741e-04,2.809078603472205484e-04,2.557703601334634686e-04,2.306328599197063616e-04,2.032976322831179139e-04,1.759624046465294120e-04,1.486271770099409101e-04,1.212919493733524354e-04,9.395672173676393349e-05,6.662149410017545871e-05,3.928626646358694327e-05,1.195103882699849560e-05,-1.538418880958997918e-05,-4.271941644617850817e-05,-7.005464408276690163e-05,-9.281077270856031875e-05,-1.155669013343537494e-04,-1.383230299601471394e-04,-1.610791585859405837e-04,-1.838352872117339737e-04,-2.065914158375273908e-04,-2.293475444633208621e-04,-2.521036730891139540e-04,-2.748598017149073711e-04,-2.976159303407007882e-04,-3.203720589664942053e-04
8.991427437313138579e-04,7.898485738274857492e-04,6.805544039236577488e-04,5.712602340198298569e-04,4.619660641160018566e-04,3.526718942121736936e-04,2.433777243083458559e-04,1.340835544045178285e-04,2.478938450068971975e-05,-8.450478540313829414e-05,-1.937989553069663080e-04,-3.030931252107940915e-04,-2.539794703111867939e-04,-2.048658154115794150e-04,-1.557521605119719819e-04,-1.066385056123645488e-04,-5.752485071275714279e-05,-8.411195813149709676e-06,4.070245908645770311e-05,8.981611398606514300e-05,1.389297688856725626e-04,1.880434237852799686e-04,2.371570786848873475e-04,2.695675274421520905e-04,3.019779761994167522e-04,3.343884249566814681e-04,3.667988737139462382e-04,3.992093224712109541e-04,4.316197712284757242e-04,4.640302199857404943e-04,4.964406687430053186e-04,5.288511175002700345e-04,5.612615662575346420e-04,5.936720150147994663e-04,6.051396168218895529e-04,6.166072186289796395e-04,6.280748204360697261e-04,6.395424222431600296e-04,6.510100240502501162e-04,6.624776258573403112e-04,6.739452276644303979e-04,6.854128294715204845e-04,6.968804312786106795e-04,7.083480330857007661e-04,7.198156348927908527e-04,7.159648676743813776e-04,7.121141004559720109e-04,7.082633332375624273e-04,7.044125660191530606e-04,7.005617988007434771e-04,6.967110315823340019e-04,6.928602643639246352e-04,6.890094971455150517e-04,6.851587299271056850e-04,6.813079627086961014e-04,6.774571954902867347e-04,6.623809315996469910e-04,6.473046677090072473e-04,6.322284038183676120e-04,6.171521399277279767e-04,6.020758760370882329e-04,5.869996121464485976e-04,5.719233482558088539e-04,5.568470843651691102e-04,5.417708204745294749e-04,5.266945565838898396e-04,5.116182926932499875e-04,4.895840274605479893e-04,4.675497622278459368e-04,4.455154969951438302e-04,4.234812317624418320e-04,4.014469665297397253e-04,3.794127012970376729e-04,3.573784360643356204e-04,3.353441708316335680e-04,3.133099055989314614e-04,2.912756403662294631e-04,2.692413751335273023e-04,2.451048816621657499e-04,2.209683881908041162e-04,1.968318947194424825e-04,1.726954012480808758e-04,1.485589077767192692e-04,1.244224143053576355e-04,1.002859208339960153e-04,7.614942736263440872e-05,5.201293389127278856e-05,2.787644041991118194e-05,3.739946948549620219e-06,-1.652359361735608048e-05,-3.678713418326180404e-05,-5.705067474916748695e-05,-7.731421531507316985e-05,-9.757775588097887987e-05,-1.178412964468846441e-04,-1.381048370127903541e-04,-1.583683775786957795e-04,-1.786319181446014760e-04,-1.988954587105071453e-04,-2.191589992764129231e-04
8.991427437313136411e-04,7.878359139461305494e-04,6.765290841609474578e-04,5.652222543757643661e-04,4.539154245905811119e-04,3.426085948053980202e-04,2.313017650202149286e-04,1.199949352350318234e-04,8.688105449848582650e-06,-1.026187243353345632e-04,-2.139255541205177633e-04,-3.252323839057006381e-04,-2.789238764194750106e-04,-2.326153689332491391e-04,-1.863068614470233218e-04,-1.399983539607975046e-04,-9.368984647457167375e-05,-4.738133898834587005e-05,-1.072831502120032458e-06,4.523567598410577803e-05,9.154418347033160884e-05,1.378526909565573990e-04,1.841611984427831620e-04,2.158676003403414700e-04,2.475740022378996696e-04,2.792804041354579776e-04,3.109868060330162314e-04,3.426932079305744310e-04,3.743996098281327932e-04,4.061060117256910470e-04,4.378124136232493008e-04,4.695188155208075546e-04,5.012252174183657542e-04,5.329316193159240080e-04,5.455923734396187635e-04,5.582531275633137360e-04,5.709138816870086000e-04,5.835746358107035724e-04,5.962353899343983280e-04,6.088961440580931920e-04,6.215568981817881644e-04,6.342176523054830284e-04,6.468784064291780008e-04,6.595391605528727564e-04,6.721999146765676204e-04,6.704413731078224430e-04,6.686828315390772656e-04,6.669242899703320881e-04,6.651657484015869107e-04,6.634072068328417332e-04,6.616486652640965558e-04,6.598901236953514868e-04,6.581315821266062009e-04,6.563730405578611319e-04,6.546144989891158460e-04,6.528559574203706686e-04,6.404227997562884044e-04,6.279896420922061401e-04,6.155564844281239843e-04,6.031233267640417200e-04,5.906901690999594558e-04,5.782570114358773000e-04,5.658238537717950357e-04,5.533906961077127715e-04,5.409575384436305073e-04,5.285243807795483514e-04,5.160912231154658704e-04,4.971601928638189538e-04,4.782291626121719288e-04,4.592981323605248496e-04,4.403671021088778246e-04,4.214360718572307996e-04,4.025050416055837204e-04,3.835740113539367496e-04,3.646429811022897246e-04,3.457119508506426454e-04,3.267809205989956204e-04,3.078498903473484869e-04,2.869121310412138027e-04,2.659743717350790643e-04,2.450366124289443800e-04,2.240988531228096958e-04,2.031610938166749302e-04,1.822233345105402189e-04,1.612855752044054804e-04,1.403478158982707962e-04,1.194100565921360848e-04,9.847229728600135994e-05,7.753453797986667570e-05,5.976358547384865924e-05,4.199263296783069699e-05,2.422168046181272119e-05,6.450727955794718286e-06,-1.132022455022321686e-05,-2.909117705624124687e-05,-4.686212956225922267e-05,-6.463308206827692742e-05,-8.240403457429490322e-05,-1.001749870803129061e-04,-1.179459395863308819e-04
8.991427437313136411e-04,7.858232540647754581e-04,6.725037643982370583e-04,5.591842747316989838e-04,4.458647850651606924e-04,3.325452953986222926e-04,2.192258057320842181e-04,1.059063160655458725e-04,-7.413173600992418923e-06,-1.207326632675307374e-04,-2.340521529340690288e-04,-3.473716426006070762e-04,-3.038682825277630103e-04,-2.603649224549186734e-04,-2.168615623820744449e-04,-1.733582023092302435e-04,-1.298548422363859879e-04,-8.635148216354175937e-05,-4.284812209069748342e-05,6.552379821467518677e-07,4.415859805499099393e-05,8.766195812783523600e-05,1.311653182006794374e-04,1.621676732385312562e-04,1.931700282763829666e-04,2.241723833142348125e-04,2.551747383520866041e-04,2.861770933899384500e-04,3.171794484277902417e-04,3.481818034656420334e-04,3.791841585034938251e-04,4.101865135413456168e-04,4.411888685791975169e-04,4.721912236170492001e-04,4.860451300573488415e-04,4.998990364976483745e-04,5.137529429379479075e-04,5.276068493782476573e-04,5.414607558185471903e-04,5.553146622588468317e-04,5.691685686991464731e-04,5.830224751394461145e-04,5.968763815797455390e-04,6.107302880200451804e-04,6.245841944603447134e-04,6.249178785412639421e-04,6.252515626221830623e-04,6.255852467031020742e-04,6.259189307840211944e-04,6.262526148649402062e-04,6.265862989458594349e-04,6.269199830267784468e-04,6.272536671076975670e-04,6.275873511886166873e-04,6.279210352695358075e-04,6.282547193504549278e-04,6.184646679129300346e-04,6.086746164754053582e-04,5.988845650378804650e-04,5.890945136003556803e-04,5.793044621628308955e-04,5.695144107253061107e-04,5.597243592877813260e-04,5.499343078502565412e-04,5.401442564127317564e-04,5.303542049752068633e-04,5.205641535376819701e-04,5.047363582670900267e-04,4.889085629964978665e-04,4.730807677259057605e-04,4.572529724553138172e-04,4.414251771847218196e-04,4.255973819141297678e-04,4.097695866435377161e-04,3.939417913729456643e-04,3.781139961023536125e-04,3.622862008317615607e-04,3.464584055611694548e-04,3.287193804202616387e-04,3.109803552793538226e-04,2.932413301384458981e-04,2.755023049975380820e-04,2.577632798566302660e-04,2.400242547157223957e-04,2.222852295748145254e-04,2.045462044339067093e-04,1.868071792929988390e-04,1.690681541520909687e-04,1.513291290111832069e-04,1.360507645650529246e-04,1.207724001189226424e-04,1.054940356727923330e-04,9.021567122666206433e-05,7.493730678053182274e-05,5.965894233440151339e-05,4.438057788827123114e-05,2.910221344214119284e-05,1.382384899601091059e-05,-1.454515450119371655e-06,-1.673287989624965390e-05
8.991427437313137495e-04,7.838105941834202584e-04,6.684784446355268757e-04,5.531462950876334930e-04,4.378141455397400019e-04,3.224819959918466734e-04,2.071498464439533178e-04,9.181769689605979957e-05,-2.351445265183352892e-05,-1.388466021997270742e-04,-2.541787517476205112e-04,-3.695109012955136770e-04,-3.288126886360511728e-04,-2.881144759765885601e-04,-2.474162633171258390e-04,-2.067180506576632264e-04,-1.660198379982005595e-04,-1.253216253387379468e-04,-8.462341267927527997e-05,-4.392520001981265376e-05,-3.226987360349986892e-06,3.747122529911266643e-05,7.816943795857526553e-05,1.084677461367205816e-04,1.387660543148658569e-04,1.690643624930111865e-04,1.993626706711565432e-04,2.296609788493018999e-04,2.599592870274472565e-04,2.902575952055925319e-04,3.205559033837378615e-04,3.508542115618832453e-04,3.811525197400286290e-04,4.114508279181738502e-04,4.264978866750781606e-04,4.415449454319825794e-04,4.565920041888868355e-04,4.716390629457912543e-04,4.866861217026955105e-04,5.017331804595999293e-04,5.167802392165042396e-04,5.318272979734085500e-04,5.468743567303128604e-04,5.619214154872172792e-04,5.769684742441215895e-04,5.793943839747048991e-04,5.818202937052883170e-04,5.842462034358717349e-04,5.866721131664550445e-04,5.890980228970384624e-04,5.915239326276219888e-04,5.939498423582052983e-04,5.963757520887887163e-04,5.988016618193721342e-04,6.012275715499555521e-04,6.036534812805389701e-04,5.965065360695715564e-04,5.893595908586042511e-04,5.822126456476369458e-04,5.750657004366695321e-04,5.679187552257022268e-04,5.607718100147348131e-04,5.536248648037675078e-04,5.464779195928002025e-04,5.393309743818327888e-04,5.321840291708653751e-04,5.250370839598980698e-04,5.123125236703609912e-04,4.995879633808240211e-04,4.868634030912869426e-04,4.741388428017499724e-04,4.614142825122130023e-04,4.486897222226759237e-04,4.359651619331388452e-04,4.232406016436018751e-04,4.105160413540648507e-04,3.977914810645278264e-04,3.850669207749907478e-04,3.705266297993098541e-04,3.559863388236289062e-04,3.414460478479479041e-04,3.269057568722670104e-04,3.123654658965860083e-04,2.978251749209050604e-04,2.832848839452241124e-04,2.687445929695431645e-04,2.542043019938621624e-04,2.396640110181812145e-04,2.251237200425002395e-04,2.123379436562577321e-04,1.995521672700151976e-04,1.867663908837726631e-04,1.739806144975301287e-04,1.611948381112875942e-04,1.484090617250450055e-04,1.356232853388024710e-04,1.228375089525600991e-04,1.100517325663175918e-04,9.726595618007503018e-05,8.448017979383244148e-05
8.991427437313136411e-04,7.817979343020652755e-04,6.644531248728165846e-04,5.471083154435681106e-04,4.297635060143194740e-04,3.124186965850709458e-04,1.950738871558225802e-04,7.772907772657394352e-05,-3.961573170267463891e-05,-1.569605411319232213e-04,-2.743053505611718038e-04,-3.916501599904201694e-04,-3.537570947443391184e-04,-3.158640294982580673e-04,-2.779709642521769621e-04,-2.400778990060959382e-04,-2.021848337600148601e-04,-1.642917685139337820e-04,-1.263987032678527309e-04,-8.850563802177163926e-05,-5.061257277569058825e-05,-1.271950752960952368e-05,2.517355771647154428e-05,5.476781903491040836e-05,8.436208035334919451e-05,1.139563416717880620e-04,1.435506029902269430e-04,1.731448643086658105e-04,2.027391256271047050e-04,2.323333869455435725e-04,2.619276482639824942e-04,2.915219095824213616e-04,3.211161709008602291e-04,3.507104322192989882e-04,3.669506432928080759e-04,3.831908543663171095e-04,3.994310654398261972e-04,4.156712765133352850e-04,4.319114875868443186e-04,4.481516986603533521e-04,4.643919097338624399e-04,4.806321208073715818e-04,4.968723318808806154e-04,5.131125429543895947e-04,5.293527540278986825e-04,5.338708894081463981e-04,5.383890247883940054e-04,5.429071601686417210e-04,5.474252955488893282e-04,5.519434309291369354e-04,5.564615663093847595e-04,5.609797016896324751e-04,5.654978370698800823e-04,5.700159724501279064e-04,5.745341078303755136e-04,5.790522432106232293e-04,5.745484042262131866e-04,5.700445652418033608e-04,5.655407262573934266e-04,5.610368872729834923e-04,5.565330482885735581e-04,5.520292093041637323e-04,5.475253703197536896e-04,5.430215313353438638e-04,5.385176923509338211e-04,5.340138533665239953e-04,5.295100143821139527e-04,5.198886890736319558e-04,5.102673637651499589e-04,5.006460384566679619e-04,4.910247131481858566e-04,4.814033878397038597e-04,4.717820625312218628e-04,4.621607372227398117e-04,4.525394119142577606e-04,4.429180866057757637e-04,4.332967612972937668e-04,4.236754359888116614e-04,4.123338791783576359e-04,4.009923223679035019e-04,3.896507655574494764e-04,3.783092087469953424e-04,3.669676519365412627e-04,3.556260951260871829e-04,3.442845383156331032e-04,3.329429815051790234e-04,3.216014246947249437e-04,3.102598678842708639e-04,2.989183110738167300e-04,2.886251227474619704e-04,2.783319344211070481e-04,2.680387460947522343e-04,2.577455577683974205e-04,2.474523694420426067e-04,2.371591811156877386e-04,2.268659927893328977e-04,2.165728044629781652e-04,2.062796161366233514e-04,1.959864278102685375e-04,1.856932394839136695e-04
8.991427437313138579e-04,7.797852744207101842e-04,6.604278051101062936e-04,5.410703357995027283e-04,4.217128664888990545e-04,3.023553971782952723e-04,1.829979278676917070e-04,6.364045855708795195e-05,-5.571701075351577601e-05,-1.750744800641195040e-04,-2.944319493747232048e-04,-4.137894186853267701e-04,-3.787015008526273350e-04,-3.436135830199278456e-04,-3.085256651872284104e-04,-2.734377473545289211e-04,-2.383498295218294046e-04,-2.032619116891299152e-04,-1.681739938564304529e-04,-1.330860760237309907e-04,-9.799815819103150131e-05,-6.291024035833203904e-05,-2.782232252563258016e-05,1.067891933099841295e-06,2.995810639183212553e-05,5.884832085056455799e-05,8.773853530929693625e-05,1.166287497680293552e-04,1.455189642267617741e-04,1.744091786854941794e-04,2.032993931442265848e-04,2.321896076029589901e-04,2.610798220616913955e-04,2.899700365204237467e-04,3.074033999105375576e-04,3.248367633006512601e-04,3.422701266907651253e-04,3.597034900808789362e-04,3.771368534709926930e-04,3.945702168611065039e-04,4.120035802512203148e-04,4.294369436413341258e-04,4.468703070314478825e-04,4.643036704215616935e-04,4.817370338116754502e-04,4.883473948415874635e-04,4.949577558714994769e-04,5.015681169014113818e-04,5.081784779313233951e-04,5.147888389612353000e-04,5.213991999911474218e-04,5.280095610210593267e-04,5.346199220509713400e-04,5.412302830808833533e-04,5.478406441107952583e-04,5.544510051407072716e-04,5.525902723828547084e-04,5.507295396250023621e-04,5.488688068671497989e-04,5.470080741092973441e-04,5.451473413514448894e-04,5.432866085935924346e-04,5.414258758357399798e-04,5.395651430778875251e-04,5.377044103200349619e-04,5.358436775621826156e-04,5.339829448043298355e-04,5.274648544769030287e-04,5.209467641494760050e-04,5.144286738220489813e-04,5.079105834946219577e-04,5.013924931671949340e-04,4.948744028397679103e-04,4.883563125123409950e-04,4.818382221849139713e-04,4.753201318574869477e-04,4.688020415300599240e-04,4.622839512026328461e-04,4.541411285574057971e-04,4.459983059121785313e-04,4.378554832669513197e-04,4.297126606217241624e-04,4.215698379764969508e-04,4.134270153312697392e-04,4.052841926860425276e-04,3.971413700408153702e-04,3.889985473955881587e-04,3.808557247503609471e-04,3.727129021051337355e-04,3.649123018386666423e-04,3.571117015721995492e-04,3.493111013057324018e-04,3.415105010392653628e-04,3.337099007727982155e-04,3.259093005063310681e-04,3.181087002398639749e-04,3.103080999733969360e-04,3.025074997069298428e-04,2.947068994404628038e-04,2.869062991739956565e-04
8.991427437313137495e-04,7.777726145393549844e-04,6.564024853473960025e-04,5.350323561554373459e-04,4.136622269634785808e-04,2.922920977715195989e-04,1.709219685795608610e-04,4.955183938760206880e-05,-7.181828980435683179e-05,-1.931884189963156782e-04,-3.145585481882744974e-04,-4.359286773802332083e-04,-4.036459069609153890e-04,-3.713631365415974070e-04,-3.390803661222795877e-04,-3.067975957029616058e-04,-2.745148252836437323e-04,-2.422320548643258316e-04,-2.099492844450079310e-04,-1.776665140256900575e-04,-1.453837436063721569e-04,-1.131009731870542562e-04,-8.081820276773636917e-05,-5.263203516871042592e-05,-2.444586756968458431e-05,3.740300029341355549e-06,3.192646762836729541e-05,6.011263522739322511e-05,8.829880282641919547e-05,1.164849704254451116e-04,1.446711380244710549e-04,1.728573056234969981e-04,2.010434732225229414e-04,2.292296408215488033e-04,2.478561565282673645e-04,2.664826722349858444e-04,2.851091879417043786e-04,3.037357036484229127e-04,3.223622193551414468e-04,3.409887350618599810e-04,3.596152507685785151e-04,3.782417664752970492e-04,3.968682821820155833e-04,4.154947978887341175e-04,4.341213135954525974e-04,4.428239002750287458e-04,4.515264869546050568e-04,4.602290736341813136e-04,4.689316603137575704e-04,4.776342469933338815e-04,4.863368336729101383e-04,4.950394203524863951e-04,5.037420070320627061e-04,5.124445937116390171e-04,5.211471803912152197e-04,5.298497670707914223e-04,5.306321405394964471e-04,5.314145140082013634e-04,5.321968874769062796e-04,5.329792609456113044e-04,5.337616344143163291e-04,5.345440078830211370e-04,5.353263813517262701e-04,5.361087548204311864e-04,5.368911282891361027e-04,5.376735017578411274e-04,5.384558752265459353e-04,5.350410198801739932e-04,5.316261645338019428e-04,5.282113091874300007e-04,5.247964538410579503e-04,5.213815984946860082e-04,5.179667431483138493e-04,5.145518878019420157e-04,5.111370324555699653e-04,5.077221771091979148e-04,5.043073217628258643e-04,5.008924664164539223e-04,4.959483779364536873e-04,4.910042894564532355e-04,4.860602009764528920e-04,4.811161124964526570e-04,4.761720240164523136e-04,4.712279355364519702e-04,4.662838470564516810e-04,4.613397585764512834e-04,4.563956700964509942e-04,4.514515816164506507e-04,4.465074931364503073e-04,4.411994809298709890e-04,4.358914687232915081e-04,4.305834565167121356e-04,4.252754443101327631e-04,4.199674321035532822e-04,4.146594198969739097e-04,4.093514076903945371e-04,4.040433954838151646e-04,3.987353832772357921e-04,3.934273710706564196e-04,3.881193588640769387e-04
8.991427437313137495e-04,7.757599546579996763e-04,6.523771655846857115e-04,5.289943765113718551e-04,4.056115874380579445e-04,2.822287983647438713e-04,1.588460092914300691e-04,3.546322021811605012e-05,-8.791956885519796889e-05,-2.113023579285119608e-04,-3.346851470018259527e-04,-4.580679360751398091e-04,-4.285903130692034972e-04,-3.991126900632671853e-04,-3.696350670573309277e-04,-3.401574440513946158e-04,-3.106798210454583039e-04,-2.812021980395219920e-04,-2.517245750335856801e-04,-2.222469520276493683e-04,-1.927693290217130564e-04,-1.632917060157767987e-04,-1.338140830098404868e-04,-1.063319622705210057e-04,-7.884984153120166007e-05,-5.136772079188215860e-05,-2.388560005256268424e-05,3.596520686756783354e-06,3.107864142607624417e-05,5.856076216539572531e-05,8.604288290471518612e-05,1.135250036440346537e-04,1.410071243833541349e-04,1.684892451226735347e-04,1.883089131459967920e-04,2.081285811693201035e-04,2.279482491926433608e-04,2.477679172159665639e-04,2.675875852392898754e-04,2.874072532626130785e-04,3.072269212859363358e-04,3.270465893092595932e-04,3.468662573325829047e-04,3.666859253559061078e-04,3.865055933792293651e-04,3.973004057084699196e-04,4.080952180377105283e-04,4.188900303669510828e-04,4.296848426961915289e-04,4.404796550254321376e-04,4.512744673546726921e-04,4.620692796839132466e-04,4.728640920131538554e-04,4.836589043423944641e-04,4.944537166716349644e-04,5.052485290008755731e-04,5.086740086961378604e-04,5.120994883914003646e-04,5.155249680866627604e-04,5.189504477819251562e-04,5.223759274771875519e-04,5.258014071724500561e-04,5.292268868677123435e-04,5.326523665629748477e-04,5.360778462582372434e-04,5.395033259534996392e-04,5.429288056487619266e-04,5.426171852834449577e-04,5.423055649181279889e-04,5.419939445528110201e-04,5.416823241874940513e-04,5.413707038221770825e-04,5.410590834568601137e-04,5.407474630915430364e-04,5.404358427262261760e-04,5.401242223609090988e-04,5.398126019955921300e-04,5.395009816302750527e-04,5.377556273155017401e-04,5.360102730007282107e-04,5.342649186859547896e-04,5.325195643711813686e-04,5.307742100564079475e-04,5.290288557416345265e-04,5.272835014268611054e-04,5.255381471120876844e-04,5.237927927973142633e-04,5.220474384825407339e-04,5.203020841677672044e-04,5.174866600210757152e-04,5.146712358743840091e-04,5.118558117276923031e-04,5.090403875810005970e-04,5.062249634343089994e-04,5.034095392876172933e-04,5.005941151409255873e-04,4.977786909942339896e-04,4.949632668475422836e-04,4.921478427008505775e-04,4.893324185541588715e-04
8.991427437313137495e-04,7.737472947766446934e-04,6.483518458219755289e-04,5.229563968673065812e-04,3.975609479126374166e-04,2.721654989579682521e-04,1.467700500032993044e-04,2.137460104863013986e-05,-1.040208479060390247e-04,-2.294162968607081621e-04,-3.548117458153772453e-04,-4.802071947700462472e-04,-4.535347191774914970e-04,-4.268622435849368010e-04,-4.001897679923821049e-04,-3.735172923998273547e-04,-3.468448168072726045e-04,-3.201723412147179084e-04,-2.934998656221631582e-04,-2.668273900296084080e-04,-2.401549144370537390e-04,-2.134824388444990159e-04,-1.868099632519442928e-04,-1.600318893723312738e-04,-1.332538154927183631e-04,-1.064757416131053441e-04,-7.969766773349235217e-05,-5.291959385387936025e-05,-2.614151997426632766e-05,6.365539053466642708e-07,2.741462778495966298e-05,5.419270166457264813e-05,8.097077554418568072e-05,1.077488494237986320e-04,1.287616697637266260e-04,1.497744901036546336e-04,1.707873104435826141e-04,1.918001307835105675e-04,2.128129511234385751e-04,2.338257714633665556e-04,2.548385918032945903e-04,2.758514121432225708e-04,2.968642324831504971e-04,3.178770528230785318e-04,3.388898731630064580e-04,3.517769111419113102e-04,3.646639491208161625e-04,3.775509870997210147e-04,3.904380250786258126e-04,4.033250630575306106e-04,4.162121010364355170e-04,4.290991390153403692e-04,4.419861769942452214e-04,4.548732149731500194e-04,4.677602529520549259e-04,4.806472909309597781e-04,4.867158768527795991e-04,4.927844627745993659e-04,4.988530486964193496e-04,5.049216346182391164e-04,5.109902205400589916e-04,5.170588064618787585e-04,5.231273923836986337e-04,5.291959783055185090e-04,5.352645642273382758e-04,5.413331501491582595e-04,5.474017360709779179e-04,5.501933506867159223e-04,5.529849653024540351e-04,5.557765799181920395e-04,5.585681945339300439e-04,5.613598091496680483e-04,5.641514237654060527e-04,5.669430383811440571e-04,5.697346529968820615e-04,5.725262676126200660e-04,5.753178822283580704e-04,5.781094968440960748e-04,5.795628766945495761e-04,5.810162565450029690e-04,5.824696363954563619e-04,5.839230162459098632e-04,5.853763960963632561e-04,5.868297759468167575e-04,5.882831557972701504e-04,5.897365356477236517e-04,5.911899154981770446e-04,5.926432953486304375e-04,5.940966751990839389e-04,5.937738391122800077e-04,5.934510030254759681e-04,5.931281669386719285e-04,5.928053308518681057e-04,5.924824947650640661e-04,5.921596586782601349e-04,5.918368225914562037e-04,5.915139865046521641e-04,5.911911504178481245e-04,5.908683143310441933e-04,5.905454782442402621e-04
8.991427437313138579e-04,7.844479978114514852e-04,6.697532518915893292e-04,5.550585059717271733e-04,4.403637600518650174e-04,3.256690141320026989e-04,2.109742682121405971e-04,9.627952229227835991e-05,-1.841522362758387055e-05,-1.331099695474460875e-04,-2.478047154673082976e-04,-3.624994613871704535e-04,-3.403573843270368913e-04,-3.182153072669033291e-04,-2.960732302067697126e-04,-2.739311531466362046e-04,-2.517890760865026424e-04,-2.296469990263690802e-04,-2.075049219662354909e-04,-1.853628449061019015e-04,-1.632207678459683393e-04,-1.410786907858348042e-04,-1.189366137257012555e-04,-9.736215968552454922e-05,-7.578770564534791066e-05,-5.421325160517121111e-05,-3.263879756499448446e-05,-1.106434352481779507e-05,1.051011051535893836e-05,3.208456455553563452e-05,5.365901859571234084e-05,7.523347263588904717e-05,9.680792667606576704e-05,1.183823807162424463e-04,1.352628815560238517e-04,1.521433823958052436e-04,1.690238832355866355e-04,1.859043840753680545e-04,2.027848849151494463e-04,2.196653857549308382e-04,2.365458865947122030e-04,2.534263874344936762e-04,2.703068882742749868e-04,2.871873891140564600e-04,3.040678899538377705e-04,3.140446194707266991e-04,3.240213489876154649e-04,3.339980785045043934e-04,3.439748080213931593e-04,3.539515375382819794e-04,3.639282670551708537e-04,3.739049965720597280e-04,3.838817260889485481e-04,3.938584556058374766e-04,4.038351851227262967e-04,4.138119146396151168e-04,4.182307793675422492e-04,4.226496440954692732e-04,4.270685088233964056e-04,4.314873735513234838e-04,4.359062382792505620e-04,4.403251030071776402e-04,4.447439677351047184e-04,4.491628324630317966e-04,4.535816971909588748e-04,4.580005619188859530e-04,4.624194266468129770e-04,4.654898653839920878e-04,4.685603041211710900e-04,4.716307428583500381e-04,4.747011815955290946e-04,4.777716203327081511e-04,4.808420590698871534e-04,4.839124978070661557e-04,4.869829365442451038e-04,4.900533752814240519e-04,4.931238140186031084e-04,4.961942527557820564e-04,4.973046485226233606e-04,4.984150442894647731e-04,4.995254400563059688e-04,5.006358358231474898e-04,5.017462315899885771e-04,5.028566273568299896e-04,5.039670231236712938e-04,5.050774188905125979e-04,5.061878146573539020e-04,5.072982104241950977e-04,5.084086061910365103e-04,5.079721325595997795e-04,5.075356589281632656e-04,5.070991852967265349e-04,5.066627116652900210e-04,5.062262380338535071e-04,5.057897644024167763e-04,5.053532907709802624e-04,5.049168171395435317e-04,5.044803435081070177e-04,5.040438698766702870e-04,5.036073962452336647e-04
8.991427437313137495e-04,7.951487008462583854e-04,6.911546579612028044e-04,5.871606150761476571e-04,4.831665721910922929e-04,3.791725293060367661e-04,2.751784864209814562e-04,1.711844435359260921e-04,6.719040065087064661e-05,-3.680364223418477175e-05,-1.407976851192401359e-04,-2.447917280042954729e-04,-2.271800494765830445e-04,-2.095683709488705890e-04,-1.919566924211582148e-04,-1.743450138934457051e-04,-1.567333353657332767e-04,-1.391216568380208483e-04,-1.215099783103084334e-04,-1.038982997825959914e-04,-8.628662125488353592e-05,-6.867494272717112106e-05,-5.106326419945866554e-05,-3.469242999871823127e-05,-1.832159579797784443e-05,-1.950761597237394909e-06,1.442007260350305630e-05,3.079090680424349227e-05,4.716174100498395365e-05,6.353257520572438792e-05,7.990340940646484930e-05,9.627424360720527002e-05,1.126450778079457450e-04,1.290159120086861657e-04,1.417640933483209961e-04,1.545122746879558535e-04,1.672604560275906568e-04,1.800086373672255143e-04,1.927568187068603718e-04,2.055050000464951751e-04,2.182531813861300326e-04,2.310013627257648629e-04,2.437495440653997204e-04,2.564977254050346050e-04,2.692459067446693541e-04,2.763123277995422505e-04,2.833787488544151469e-04,2.904451699092879349e-04,2.975115909641608313e-04,3.045780120190336735e-04,3.116444330739066241e-04,3.187108541287794121e-04,3.257772751836523627e-04,3.328436962385251507e-04,3.399101172933981013e-04,3.469765383482709435e-04,3.497456818823053331e-04,3.525148254163395600e-04,3.552839689503740038e-04,3.580531124844083392e-04,3.608222560184426745e-04,3.635913995524770099e-04,3.663605430865113995e-04,3.691296866205456806e-04,3.718988301545800702e-04,3.746679736886144598e-04,3.774371172226487410e-04,3.807863800812687953e-04,3.841356429398887413e-04,3.874849057985087415e-04,3.908341686571286874e-04,3.941834315157486876e-04,3.975326943743686878e-04,4.008819572329887422e-04,4.042312200916086881e-04,4.075804829502287425e-04,4.109297458088486885e-04,4.142790086674685802e-04,4.150464203506978498e-04,4.158138320339269567e-04,4.165812437171561721e-04,4.173486554003854416e-04,4.181160670836145486e-04,4.188834787668437639e-04,4.196508904500729250e-04,4.204183021333020862e-04,4.211857138165312473e-04,4.219531254997605169e-04,4.227205371829895696e-04,4.221704260069204730e-04,4.216203148308510511e-04,4.210702036547817918e-04,4.205200924787126410e-04,4.199699813026433275e-04,4.194198701265740683e-04,4.188697589505048090e-04,4.183196477744355497e-04,4.177695365983662905e-04,4.172194254222969770e-04,4.166693142462277177e-04
8.991427437313138579e-04,8.058494038810652856e-04,7.125560640308168216e-04,6.192627241805684661e-04,5.259693843303197853e-04,4.326760444800712129e-04,3.393827046298228574e-04,2.460893647795743934e-04,1.527960249293257669e-04,5.950268507907722159e-05,-3.379065477117124236e-05,-1.270839946214196792e-04,-1.140027146261283846e-04,-1.009214346308371442e-04,-8.784015463554583605e-05,-7.475887464025454145e-05,-6.167759464496330106e-05,-4.859631464967199290e-05,-3.551503465438072540e-05,-2.243375465908945790e-05,-9.352474663798163298e-06,3.728805331493104201e-06,1.681008532678433443e-05,2.797729968808852714e-05,3.914451404939262160e-05,5.031172841069679060e-05,6.147894277200092572e-05,7.264615713330506083e-05,8.381337149460923661e-05,9.498058585591337172e-05,1.061478002172175339e-04,1.173150145785216691e-04,1.284822289398258313e-04,1.396494433011299528e-04,1.482653051406182217e-04,1.568811669801064364e-04,1.654970288195947053e-04,1.741128906590829742e-04,1.827287524985712159e-04,1.913446143380594577e-04,1.999604761775477266e-04,2.085763380170359955e-04,2.171921998565242372e-04,2.258080616960124790e-04,2.344239235355007208e-04,2.385800361283575580e-04,2.427361487212144223e-04,2.468922613140713137e-04,2.510483739069281780e-04,2.552044864997849881e-04,2.593605990926419608e-04,2.635167116854987709e-04,2.676728242783556894e-04,2.718289368712125537e-04,2.759850494640694180e-04,2.801411620569263365e-04,2.812605843970679290e-04,2.823800067372095215e-04,2.834994290773511141e-04,2.846188514174926524e-04,2.857382737576342991e-04,2.868576960977758375e-04,2.879771184379174842e-04,2.890965407780590225e-04,2.902159631182006693e-04,2.913353854583422076e-04,2.924548077984838543e-04,2.960828947785447982e-04,2.997109817586058505e-04,3.033390687386667943e-04,3.069671557187278466e-04,3.105952426987887362e-04,3.142233296788497885e-04,3.178514166589107323e-04,3.214795036389716761e-04,3.251075906190326742e-04,3.287356775990937265e-04,3.323637645791545619e-04,3.327881921787716885e-04,3.332126197783887066e-04,3.336370473780057790e-04,3.340614749776227971e-04,3.344859025772398695e-04,3.349103301768569419e-04,3.353347577764740142e-04,3.357591853760910324e-04,3.361836129757081590e-04,3.366080405753251771e-04,3.370324681749421953e-04,3.363687194542402991e-04,3.357049707335384029e-04,3.350412220128365067e-04,3.343774732921345021e-04,3.337137245714326059e-04,3.330499758507307097e-04,3.323862271300287593e-04,3.317224784093269173e-04,3.310587296886249669e-04,3.303949809679231249e-04,3.297312322472211745e-04
8.991427437313136411e-04,8.165501069158720773e-04,7.339574701004305136e-04,6.513648332849889498e-04,5.687721964695472776e-04,4.861795596541057139e-04,4.035869228386641501e-04,3.209942860232225322e-04,2.384016492077809142e-04,1.558090123923392962e-04,7.321637557689773248e-05,-9.376261238543817720e-06,-8.253797756737450155e-07,7.725501687196398840e-06,1.627638315006648171e-05,2.482726461293660185e-05,3.337814607580670843e-05,4.192902753867682180e-05,5.047990900154694194e-05,5.903079046441706208e-05,6.758167192728715511e-05,7.613255339015727525e-05,8.468343485302739539e-05,9.064702937489525845e-05,9.661062389676309441e-05,1.025742184186309168e-04,1.085378129404987934e-04,1.145014074623666158e-04,1.204650019842344789e-04,1.264285965061023420e-04,1.323921910279701915e-04,1.383557855498380410e-04,1.443193800717058905e-04,1.502829745935737400e-04,1.547665169329153932e-04,1.592500592722570735e-04,1.637336016115987266e-04,1.682171439509404069e-04,1.727006862902820601e-04,1.771842286296237132e-04,1.816677709689653664e-04,1.861513133083070467e-04,1.906348556476487269e-04,1.951183979869903801e-04,1.996019403263320062e-04,2.008477444571729197e-04,2.020935485880138061e-04,2.033393527188546383e-04,2.045851568496954976e-04,2.058309609805363840e-04,2.070767651113772703e-04,2.083225692422181567e-04,2.095683733730590160e-04,2.108141775038998482e-04,2.120599816347407346e-04,2.133057857655816210e-04,2.127754869118304436e-04,2.122451880580793204e-04,2.117148892043281701e-04,2.111845903505769927e-04,2.106542914968258153e-04,2.101239926430747192e-04,2.095936937893235418e-04,2.090633949355723644e-04,2.085330960818212141e-04,2.080027972280700638e-04,2.074724983743188593e-04,2.113794094758209366e-04,2.152863205773229054e-04,2.191932316788248200e-04,2.231001427803268431e-04,2.270070538818288119e-04,2.309139649833307807e-04,2.348208760848327495e-04,2.387277871863347184e-04,2.426346982878366872e-04,2.465416093893386018e-04,2.504485204908405436e-04,2.505299640068455271e-04,2.506114075228504565e-04,2.506928510388553317e-04,2.507742945548602611e-04,2.508557380708651904e-04,2.509371815868701198e-04,2.510186251028750492e-04,2.511000686188799786e-04,2.511815121348849079e-04,2.512629556508898373e-04,2.513443991668947125e-04,2.505670129015602336e-04,2.497896266362255378e-04,2.490122403708909505e-04,2.482348541055565258e-04,2.474574678402218842e-04,2.466800815748873511e-04,2.459026953095527638e-04,2.451253090442182306e-04,2.443479227788837517e-04,2.435705365135491644e-04,2.427931502482145228e-04
8.991427437313136411e-04,8.272508099506788691e-04,7.553588761700440971e-04,6.834669423894094336e-04,6.115750086087746616e-04,5.396830748281397812e-04,4.677911410475050092e-04,3.958992072668702372e-04,3.240072734862354652e-04,2.521153397056005848e-04,1.802234059249658129e-04,1.083314721443311222e-04,1.123519550747800679e-04,1.163724380052290678e-04,1.203929209356780541e-04,1.244134038661270133e-04,1.284338867965760132e-04,1.324543697270250131e-04,1.364748526574739588e-04,1.404953355879229857e-04,1.445158185183719585e-04,1.485363014488209855e-04,1.525567843792699583e-04,1.533167590617015086e-04,1.540767337441331403e-04,1.548367084265647178e-04,1.555966831089962952e-04,1.563566577914278998e-04,1.571166324738595044e-04,1.578766071562911089e-04,1.586365818387226864e-04,1.593965565211542910e-04,1.601565312035858684e-04,1.609165058860174730e-04,1.612677287252125646e-04,1.616189515644076834e-04,1.619701744036027751e-04,1.623213972427979210e-04,1.626726200819930126e-04,1.630238429211881043e-04,1.633750657603832502e-04,1.637262885995783147e-04,1.640775114387734064e-04,1.644287342779685523e-04,1.647799571171636168e-04,1.631154527859885253e-04,1.614509484548134067e-04,1.597864441236382881e-04,1.581219397924632237e-04,1.564574354612881051e-04,1.547929311301130136e-04,1.531284267989378950e-04,1.514639224677627764e-04,1.497994181365876849e-04,1.481349138054125934e-04,1.464704094742374748e-04,1.442903894265935546e-04,1.421103693789496614e-04,1.399303493313058225e-04,1.377503292836619023e-04,1.355703092360180091e-04,1.333902891883741160e-04,1.312102691407302229e-04,1.290302490930863026e-04,1.268502290454424095e-04,1.246702089977985164e-04,1.224901889501546503e-04,1.266759241730976713e-04,1.308616593960406109e-04,1.350473946189835505e-04,1.392331298419265443e-04,1.434188650648694568e-04,1.476046002878124235e-04,1.517903355107554173e-04,1.559760707336983298e-04,1.601618059566413236e-04,1.643475411795842632e-04,1.685332764025271757e-04,1.682717358349199621e-04,1.680101952673127756e-04,1.677486546997055620e-04,1.674871141320983484e-04,1.672255735644911077e-04,1.669640329968839483e-04,1.667024924292767076e-04,1.664409518616695211e-04,1.661794112940623617e-04,1.659178707264551210e-04,1.656563301588478802e-04,1.647653063488807373e-04,1.638742825389135401e-04,1.629832587289463158e-04,1.620922349189790916e-04,1.612012111090118673e-04,1.603101872990446701e-04,1.594191634890774459e-04,1.585281396791102487e-04,1.576371158691430787e-04,1.567460920591758815e-04,1.558550682492086301e-04
8.991427437313137495e-04,8.379515129854857693e-04,7.767602822396578975e-04,7.155690514938300257e-04,6.543778207480021539e-04,5.931865900021743906e-04,5.319953592563464104e-04,4.708041285105185386e-04,4.096128977646906668e-04,3.484216670188626866e-04,2.872304362730348148e-04,2.260392055272069159e-04,2.255292899252348091e-04,2.250193743232626210e-04,2.245094587212904870e-04,2.239995431193183260e-04,2.234896275173460566e-04,2.229797119153739497e-04,2.224697963134017616e-04,2.219598807114295735e-04,2.214499651094573853e-04,2.209400495074852243e-04,2.204301339055130091e-04,2.159864887485083416e-04,2.115428435915036470e-04,2.070991984344989253e-04,2.026555532774942036e-04,1.982119081204895090e-04,1.937682629634848144e-04,1.893246178064800656e-04,1.848809726494753981e-04,1.804373274924706764e-04,1.759936823354659547e-04,1.715500371784612601e-04,1.677689405175097632e-04,1.639878438565583205e-04,1.602067471956067964e-04,1.564256505346553537e-04,1.526445538737038296e-04,1.488634572127523598e-04,1.450823605518008629e-04,1.413012638908494201e-04,1.375201672298979232e-04,1.337390705689464263e-04,1.299579739079949564e-04,1.253831611148038599e-04,1.208083483216127228e-04,1.162335355284216262e-04,1.116587227352305433e-04,1.070839099420393926e-04,1.025090971488483232e-04,9.793428435565715892e-05,9.335947156246608952e-05,8.878465876927496591e-05,8.420984597608385585e-05,7.963503318289275935e-05,7.580529194135609628e-05,7.197555069981944676e-05,6.814580945828283790e-05,6.431606821674621549e-05,6.048632697520952531e-05,5.665658573367283513e-05,5.282684449213622627e-05,4.899710325059959031e-05,4.516736200906287303e-05,4.133762076752623706e-05,3.750787952598971629e-05,4.197243887037367411e-05,4.643699821475761160e-05,5.090155755914154231e-05,5.536611690352550013e-05,5.983067624790946472e-05,6.429523559229340221e-05,6.875979493667735325e-05,7.322435428106126363e-05,7.768891362544525533e-05,8.215347296982924703e-05,8.661803231421311676e-05,8.601350766299376016e-05,8.540898301177439001e-05,8.480445836055503341e-05,8.419993370933571747e-05,8.359540905811641508e-05,8.299088440689709914e-05,8.238635975567771544e-05,8.178183510445841305e-05,8.117731045323908355e-05,8.057278580201975406e-05,7.996826115080042457e-05,7.896359979620056336e-05,7.795893844160070216e-05,7.695427708700082741e-05,7.594961573240097976e-05,7.494495437780107790e-05,7.394029302320123025e-05,7.293563166860136905e-05,7.193097031400156206e-05,7.092630895940170085e-05,6.992164760480183965e-05,6.891698625020200556e-05
8.991427437313136411e-04,8.486522160202926695e-04,7.981616883092714811e-04,7.476711605982506179e-04,6.971806328872293210e-04,6.466901051762083494e-04,5.961995774651873779e-04,5.457090497541661894e-04,4.952185220431450010e-04,4.447279943321240294e-04,3.942374666211028952e-04,3.437469389100818152e-04,3.387066247756885745e-04,3.336663106412951713e-04,3.286259965069019307e-04,3.235856823725086358e-04,3.185453682381153952e-04,3.135050541037220462e-04,3.084647399693287513e-04,3.034244258349354023e-04,2.983841117005421617e-04,2.933437975661488668e-04,2.883034834317555178e-04,2.786562184353146053e-04,2.690089534388736929e-04,2.593616884424326720e-04,2.497144234459917596e-04,2.400671584495507659e-04,2.304198934531097721e-04,2.207726284566688055e-04,2.111253634602278388e-04,2.014780984637868993e-04,1.918308334673459326e-04,1.821835684709049660e-04,1.742701523098069618e-04,1.663567361487089304e-04,1.584433199876108720e-04,1.505299038265128406e-04,1.426164876654147822e-04,1.347030715043167509e-04,1.267896553432186924e-04,1.188762391821206882e-04,1.109628230210226162e-04,1.030494068599245849e-04,9.513599069882655351e-05,8.765086944361946556e-05,8.016574818841236405e-05,7.268062693320526254e-05,6.519550567799826946e-05,5.771038442279115440e-05,5.022526316758409355e-05,4.274014191237697849e-05,3.525502065716990408e-05,2.776989940196278902e-05,2.028477814675571462e-05,1.279965689154864022e-05,7.320194456119237704e-06,1.840732020689862293e-06,-3.638730414739536835e-06,-9.118192850168942739e-06,-1.459765528559832154e-05,-2.007711772102771389e-05,-2.555658015645709269e-05,-3.103604259188652570e-05,-3.651550502731587739e-05,-4.199496746274528330e-05,-4.747442989817449269e-05,-4.273104643234959120e-05,-3.798766296652464905e-05,-3.324427950069972046e-05,-2.850089603487478509e-05,-2.375751256904984972e-05,-1.901412910322490080e-05,-1.427074563739997898e-05,-9.527362171575043609e-06,-4.783978705750108239e-06,-4.059523992514576379e-08,4.702788225899700668e-06,3.755279491068256139e-06,2.807770756236783658e-06,1.860262021405311177e-06,9.127532865738454716e-07,-3.475544825759990450e-08,-9.822641830890723857e-07,-1.929772917920517762e-06,-2.877281652751963138e-06,-3.824790387583435619e-06,-4.772299122414935205e-06,-5.719807857246376346e-06,-6.838106756478878716e-06,-7.956405655711390403e-06,-9.074704554943868208e-06,-1.019300345417641378e-05,-1.131130235340891191e-05,-1.242960125264139649e-05,-1.354790015187392173e-05,-1.466619905110636566e-05,-1.578449795033891800e-05,-1.690279684957141614e-05,-1.802109574880388716e-05
8.991427437313138579e-04,8.593529190550996781e-04,8.195630943788851730e-04,7.797732697026712101e-04,7.399834450264570302e-04,7.001936203502427420e-04,6.604037956740285622e-04,6.206139709978143824e-04,5.808241463216000941e-04,5.410343216453860227e-04,5.012444969691718429e-04,4.614546722929576089e-04,4.518839596261432345e-04,4.423132469593286974e-04,4.327425342925141603e-04,4.231718216256997317e-04,4.136011089588853031e-04,4.040303962920708202e-04,3.944596836252563373e-04,3.848889709584419629e-04,3.753182582916274801e-04,3.657475456248130514e-04,3.561768329579985144e-04,3.413259481221212486e-04,3.264750632862440912e-04,3.116241784503668254e-04,2.967732936144895596e-04,2.819224087786123480e-04,2.670715239427350280e-04,2.522206391068577622e-04,2.373697542709804964e-04,2.225188694351032848e-04,2.076679845992259919e-04,1.928170997633487803e-04,1.807713641021041603e-04,1.687256284408595133e-04,1.566798927796148933e-04,1.446341571183702734e-04,1.325884214571256534e-04,1.205426857958810335e-04,1.084969501346364000e-04,9.645121447339175295e-05,8.440547881214714655e-05,7.235974315090252661e-05,6.031400748965789989e-05,4.991857777243480015e-05,3.952314805521172752e-05,2.912771833798864134e-05,1.873228862076562970e-05,8.336858903542536739e-06,-2.058570813680556219e-06,-1.245400053090364918e-05,-2.284943024812672858e-05,-3.324485996534982154e-05,-4.364028968257291450e-05,-5.403571939979599391e-05,-6.116490302911814264e-05,-6.829408665844029138e-05,-7.542327028776241301e-05,-8.255245391708457530e-05,-8.968163754640671049e-05,-9.681082117572883212e-05,-1.039400048050509809e-04,-1.110691884343731431e-04,-1.181983720636952648e-04,-1.253275556930174542e-04,-1.324567393223394132e-04,-1.274345317350734799e-04,-1.224123241478075196e-04,-1.173901165605415863e-04,-1.123679089732756666e-04,-1.073457013860097469e-04,-1.023234937987438137e-04,-9.730128621147788042e-05,-9.227907862421194716e-05,-8.725687103694606812e-05,-8.223466344968010776e-05,-7.721245586241426938e-05,-7.850294868085789840e-05,-7.979344149930145966e-05,-8.108393431774504802e-05,-8.237442713618863639e-05,-8.366491995463222475e-05,-8.495541277307584022e-05,-8.624590559151940148e-05,-8.753639840996298984e-05,-8.882689122840663242e-05,-9.011738404685016657e-05,-9.140787686529375494e-05,-9.263981330915897132e-05,-9.387174975302407928e-05,-9.510368619688926856e-05,-9.633562264075440362e-05,-9.756755908461952514e-05,-9.879949552848468731e-05,-1.000314319723498359e-04,-1.012633684162149710e-04,-1.024953048600801467e-04,-1.037272413039453224e-04,-1.049591777478104304e-04
8.991427437313137495e-04,8.700536220899063615e-04,8.409645004484988650e-04,8.118753788070916938e-04,7.827862571656843058e-04,7.536971355242769177e-04,7.246080138828695297e-04,6.955188922414621416e-04,6.664297706000547536e-04,6.373406489586473656e-04,6.082515273172399775e-04,5.791624056758326979e-04,5.650612944765971354e-04,5.509601832773614646e-04,5.368590720781259021e-04,5.227579608788903397e-04,5.086568496796546688e-04,4.945557384804191063e-04,4.804546272811834897e-04,4.663535160819479814e-04,4.522524048827123106e-04,4.381512936834767481e-04,4.240501824842411315e-04,4.039956778089275665e-04,3.839411731336142184e-04,3.638866684583006534e-04,3.438321637829871427e-04,3.237776591076736319e-04,3.037231544323601212e-04,2.836686497570465562e-04,2.636141450817330997e-04,2.435596404064195347e-04,2.235051357311059698e-04,2.034506310557924861e-04,1.872725758944013318e-04,1.710945207330101503e-04,1.549164655716189147e-04,1.387384104102277603e-04,1.225603552488365789e-04,1.063823000874453703e-04,9.020424492605420245e-05,7.402618976466300744e-05,5.784813460327182600e-05,4.167007944188063100e-05,2.549202428048947326e-05,1.218628610125039563e-05,-1.119452077988678613e-06,-1.442519025722773592e-05,-2.773092843646671191e-05,-4.103666661570579632e-05,-5.434240479494486040e-05,-6.764814297418392448e-05,-8.095388115342298178e-05,-9.425961933266207974e-05,-1.075653575119011370e-04,-1.208710956911402079e-04,-1.296500005143550859e-04,-1.384289053375699504e-04,-1.472078101607848691e-04,-1.559867149839997335e-04,-1.647656198072146251e-04,-1.735445246304295167e-04,-1.823234294536444353e-04,-1.911023342768592727e-04,-1.998812391000741643e-04,-2.086601439232890287e-04,-2.174390487465036764e-04,-2.121380170377968266e-04,-2.068369853290898954e-04,-2.015359536203829914e-04,-1.962349219116760874e-04,-1.909338902029691562e-04,-1.856328584942622251e-04,-1.803318267855553753e-04,-1.750307950768484170e-04,-1.697297633681415130e-04,-1.644287316594345548e-04,-1.591276999507277321e-04,-1.607611768527834905e-04,-1.623946537548392219e-04,-1.640281306568948990e-04,-1.656616075589506304e-04,-1.672950844610063617e-04,-1.689285613630620931e-04,-1.705620382651178244e-04,-1.721955151671735016e-04,-1.738289920692292329e-04,-1.754624689712849100e-04,-1.770959458733406685e-04,-1.784415198618384947e-04,-1.797870938503362396e-04,-1.811326678388340929e-04,-1.824782418273318920e-04,-1.838238158158296911e-04,-1.851693898043274631e-04,-1.865149637928253164e-04,-1.878605377813230342e-04,-1.892061117698208875e-04,-1.905516857583186595e-04,-1.918972597468164587e-04
8.991427437313137495e-04,8.807543251247132617e-04,8.623659065181126654e-04,8.439774879115122860e-04,8.255890693049119065e-04,8.072006506983113103e-04,7.888122320917109308e-04,7.704238134851103346e-04,7.520353948785098467e-04,7.336469762719093589e-04,7.152585576653088710e-04,6.968701390587083832e-04,6.782386293270515785e-04,6.596071195953949907e-04,6.409756098637380776e-04,6.223441001320813813e-04,6.037125904004246851e-04,5.850810806687679888e-04,5.664495709371110757e-04,5.478180612054544879e-04,5.291865514737976832e-04,5.105550417421409869e-04,4.919235320104841823e-04,4.666654074957343181e-04,4.414072829809846709e-04,4.161491584662348068e-04,3.908910339514849968e-04,3.656329094367351869e-04,3.403747849219853228e-04,3.151166604072355671e-04,2.898585358924857030e-04,2.646004113777359473e-04,2.393422868629860561e-04,2.140841623482363004e-04,1.937737876866985304e-04,1.734634130251607603e-04,1.531530383636229902e-04,1.328426637020852202e-04,1.125322890405474095e-04,9.222191437900966653e-05,7.191153971747188292e-05,5.160116505593410609e-05,3.129079039439634281e-05,1.098041573285856598e-05,-9.329958928679175280e-06,-2.554600556993424945e-05,-4.176205221118932192e-05,-5.797809885244438423e-05,-7.419414549369935166e-05,-9.041019213495441397e-05,-1.066262387762094763e-04,-1.228422854174645521e-04,-1.390583320587196416e-04,-1.552743786999747039e-04,-1.714904253412297391e-04,-1.877064719824848285e-04,-1.981350979995924900e-04,-2.085637240167000702e-04,-2.189923500338077046e-04,-2.294209760509153661e-04,-2.398496020680230005e-04,-2.502782280851306349e-04,-2.607068541022382422e-04,-2.711354801193459037e-04,-2.815641061364535110e-04,-2.919927321535611725e-04,-3.024213581706686172e-04,-2.968415023405206882e-04,-2.912616465103728134e-04,-2.856817906802248844e-04,-2.801019348500770095e-04,-2.745220790199290805e-04,-2.689422231897811515e-04,-2.633623673596332225e-04,-2.577825115294853477e-04,-2.522026556993374729e-04,-2.466227998691895439e-04,-2.410429440390416962e-04,-2.430194050247096247e-04,-2.449958660103774720e-04,-2.469723269960452921e-04,-2.489487879817131664e-04,-2.509252489673810408e-04,-2.529017099530488609e-04,-2.548781709387166810e-04,-2.568546319243845554e-04,-2.588310929100523755e-04,-2.608075538957202498e-04,-2.627840148813881242e-04,-2.642432264145185331e-04,-2.657024379476489420e-04,-2.671616494807794052e-04,-2.686208610139098683e-04,-2.700800725470403315e-04,-2.715392840801707946e-04,-2.729984956133012035e-04,-2.744577071464316667e-04,-2.759169186795621298e-04,-2.773761302126925388e-04,-2.788353417458230019e-04
8.991427437313137495e-04,8.914550281595200534e-04,8.837673125877263574e-04,8.760795970159327697e-04,8.683918814441390736e-04,8.607041658723453776e-04,8.530164503005517899e-04,8.453287347287580938e-04,8.376410191569643978e-04,8.299533035851708101e-04,8.222655880133770056e-04,8.145778724415834180e-04,7.914159641775054795e-04,7.682540559134276494e-04,7.450921476493497109e-04,7.219302393852719893e-04,6.987683311211940508e-04,6.756064228571161123e-04,6.524445145930382823e-04,6.292826063289604522e-04,6.061206980648825137e-04,5.829587898008046836e-04,5.597968815367267452e-04,5.293351371825406361e-04,4.988733928283547439e-04,4.684116484741686348e-04,4.379499041199825258e-04,4.074881597657964709e-04,3.770264154116103618e-04,3.465646710574243070e-04,3.161029267032381979e-04,2.856411823490521431e-04,2.551794379948660340e-04,2.247176936406800063e-04,2.002749994789957018e-04,1.758323053173113432e-04,1.513896111556270116e-04,1.269469169939427071e-04,1.025042228322583349e-04,7.806152867057403048e-05,5.361883450888968537e-05,2.917614034720534703e-05,4.733446185521022250e-06,-1.970924797616331608e-05,-4.415194213784761376e-05,-6.327829724111866752e-05,-8.240465234438972128e-05,-1.015310074476607615e-04,-1.206573625509316933e-04,-1.397837176542027335e-04,-1.589100727574737737e-04,-1.780364278607448410e-04,-1.971627829640159083e-04,-2.162891380672869485e-04,-2.354154931705579887e-04,-2.545418482738290560e-04,-2.666201954848294062e-04,-2.786985426958298105e-04,-2.907768899068301606e-04,-3.028552371178305650e-04,-3.149335843288309693e-04,-3.270119315398313195e-04,-3.390902787508316696e-04,-3.511686259618320739e-04,-3.632469731728324241e-04,-3.753253203838328284e-04,-3.874036675948329075e-04,-3.815449876432440890e-04,-3.756863076916551621e-04,-3.698276277400662352e-04,-3.639689477884773625e-04,-3.581102678368884898e-04,-3.522515878852996172e-04,-3.463929079337106903e-04,-3.405342279821218176e-04,-3.346755480305328907e-04,-3.288168680789440180e-04,-3.229581881273551995e-04,-3.252776331966352168e-04,-3.275970782659151800e-04,-3.299165233351951431e-04,-3.322359684044751604e-04,-3.345554134737551235e-04,-3.368748585430350866e-04,-3.391943036123150497e-04,-3.415137486815950671e-04,-3.438331937508750302e-04,-3.461526388201549933e-04,-3.484720838894349564e-04,-3.500449329671981107e-04,-3.516177820449611566e-04,-3.531906311227242566e-04,-3.547634802004873567e-04,-3.563363292782504568e-04,-3.579091783560135569e-04,-3.594820274337766569e-04,-3.610548765115397028e-04,-3.626277255893028571e-04,-3.642005746670659030e-04,-3.657734237448290030e-04
8.991427437313137495e-04,8.899092640503814206e-04,8.806757843694490917e-04,8.714423046885168712e-04,8.622088250075844338e-04,8.529753453266521049e-04,8.437418656457198844e-04,8.345083859647875555e-04,8.252749062838552266e-04,8.160414266029228977e-04,8.068079469219906772e-04,7.975744672410583483e-04,7.712092934462972315e-04,7.448441196515357896e-04,7.184789458567746728e-04,6.921137720620133393e-04,6.657485982672521141e-04,6.393834244724908890e-04,6.130182506777295554e-04,5.866530768829683303e-04,5.602879030882071051e-04,5.339227292934458800e-04,5.075575554986845464e-04,4.760886480575301106e-04,4.446197406163757831e-04,4.131508331752212389e-04,3.816819257340668030e-04,3.502130182929123130e-04,3.187441108517578229e-04,2.872752034106033328e-04,2.558062959694488970e-04,2.243373885282944340e-04,1.928684810871399168e-04,1.613995736459855352e-04,1.381359004772833739e-04,1.148722273085812261e-04,9.160855413987906485e-05,6.834488097117693065e-05,4.508120780247476935e-05,2.181753463377263515e-05,-1.446138534929526155e-06,-2.470981170363168068e-05,-4.797348487233380133e-05,-7.123715804103596940e-05,-9.450083120973806294e-05,-1.103183732490090350e-04,-1.261359152882799936e-04,-1.419534573275509927e-04,-1.577709993668218293e-04,-1.735885414060928014e-04,-1.894060834453637735e-04,-2.052236254846347455e-04,-2.210411675239057176e-04,-2.368587095631766897e-04,-2.526762516024476618e-04,-2.684937936417186068e-04,-2.786712728542191202e-04,-2.888487520667196336e-04,-2.990262312792201470e-04,-3.092037104917207146e-04,-3.193811897042212280e-04,-3.295586689167217414e-04,-3.397361481292222548e-04,-3.499136273417227682e-04,-3.600911065542232274e-04,-3.702685857667238492e-04,-3.804460649792240374e-04,-3.739557220714458553e-04,-3.674653791636676731e-04,-3.609750362558894910e-04,-3.544846933481113089e-04,-3.479943504403331268e-04,-3.415040075325549446e-04,-3.350136646247766541e-04,-3.285233217169985262e-04,-3.220329788092202898e-04,-3.155426359014421077e-04,-3.090522929936639798e-04,-3.099731493050115593e-04,-3.108940056163589220e-04,-3.118148619277063389e-04,-3.127357182390538642e-04,-3.136565745504012268e-04,-3.145774308617486979e-04,-3.154982871730962232e-04,-3.164191434844436401e-04,-3.173399997957911112e-04,-3.182608561071385280e-04,-3.191817124184859449e-04,-3.203944016816674158e-04,-3.216070909448486698e-04,-3.228197802080300322e-04,-3.240324694712113946e-04,-3.252451587343927570e-04,-3.264578479975741195e-04,-3.276705372607554277e-04,-3.288832265239367359e-04,-3.300959157871180983e-04,-3.313086050502994607e-04,-3.325212943134807689e-04
8.991427437313137495e-04,8.883634999412427877e-04,8.775842561511717176e-04,8.668050123611010811e-04,8.560257685710299025e-04,8.452465247809590491e-04,8.344672809908880873e-04,8.236880372008172340e-04,8.129087934107462722e-04,8.021295496206753105e-04,7.913503058306042403e-04,7.805710620405333870e-04,7.510026227150888752e-04,7.214341833896441465e-04,6.918657440641997431e-04,6.622973047387550145e-04,6.327288654133103943e-04,6.031604260878657741e-04,5.735919867624212623e-04,5.440235474369766420e-04,5.144551081115321303e-04,4.848866687860874016e-04,4.553182294606428356e-04,4.228421589325199645e-04,3.903660884043972019e-04,3.578900178762742766e-04,3.254139473481514598e-04,2.929378768200285345e-04,2.604618062919057176e-04,2.279857357637828466e-04,1.955096652356599484e-04,1.630335947075371044e-04,1.305575241794142334e-04,9.808145365129141650e-05,7.599680147557147966e-05,5.391214929985150216e-05,3.182749712413155178e-05,9.742844948411567504e-06,-1.234180722730840321e-05,-3.442645940302836716e-05,-5.651111157874834465e-05,-7.859576375446832215e-05,-1.006804159301882725e-04,-1.227650681059082500e-04,-1.448497202816281598e-04,-1.573584492568990908e-04,-1.698671782321699677e-04,-1.823759072074408716e-04,-1.948846361827116943e-04,-2.073933651579826253e-04,-2.199020941332535564e-04,-2.324108231085244333e-04,-2.449195520837953643e-04,-2.574282810590662954e-04,-2.699370100343372264e-04,-2.824457390096081033e-04,-2.907223502236087800e-04,-2.989989614376095109e-04,-3.072755726516101333e-04,-3.155521838656108100e-04,-3.238287950796114867e-04,-3.321054062936121634e-04,-3.403820175076128400e-04,-3.486586287216134625e-04,-3.569352399356141934e-04,-3.652118511496149243e-04,-3.734884623636153299e-04,-3.663664564996478384e-04,-3.592444506356802926e-04,-3.521224447717128010e-04,-3.450004389077453095e-04,-3.378784330437778179e-04,-3.307564271798103805e-04,-3.236344213158428348e-04,-3.165124154518753432e-04,-3.093904095879078517e-04,-3.022684037239403601e-04,-2.951463978599729227e-04,-2.946686654133878476e-04,-2.941909329668028266e-04,-2.937132005202177515e-04,-2.932354680736326221e-04,-2.927577356270476554e-04,-2.922800031804625260e-04,-2.918022707338774509e-04,-2.913245382872924299e-04,-2.908468058407073548e-04,-2.903690733941222796e-04,-2.898913409475372045e-04,-2.907438703961368835e-04,-2.915963998447364540e-04,-2.924489292933360246e-04,-2.933014587419356493e-04,-2.941539881905352199e-04,-2.950065176391347905e-04,-2.958590470877344152e-04,-2.967115765363340400e-04,-2.975641059849336106e-04,-2.984166354335331811e-04,-2.992691648821328059e-04
8.991427437313137495e-04,8.868177358321040465e-04,8.744927279328944519e-04,8.621677200336848573e-04,8.498427121344753711e-04,8.375177042352658849e-04,8.251926963360562903e-04,8.128676884368465872e-04,8.005426805376371011e-04,7.882176726384275064e-04,7.758926647392180203e-04,7.635676568400083172e-04,7.307959519838804104e-04,6.980242471277523951e-04,6.652525422716243798e-04,6.324808374154963645e-04,5.997091325593684576e-04,5.669374277032405507e-04,5.341657228471125354e-04,5.013940179909845201e-04,4.686223131348566133e-04,4.358506082787286522e-04,4.030789034226006369e-04,3.695956698075094390e-04,3.361124361924182412e-04,3.026292025773269891e-04,2.691459689622356828e-04,2.356627353471444578e-04,2.021795017320531787e-04,1.686962681169619266e-04,1.352130345018706203e-04,1.017298008867793818e-04,6.824656727168810263e-05,3.476333365659690477e-05,1.385770247385914835e-05,-7.047928708878631782e-06,-2.795355989161644919e-05,-4.885919107435420222e-05,-6.976482225709199590e-05,-9.067045343982977604e-05,-1.115760846225675833e-04,-1.324817158053053770e-04,-1.533873469880431164e-04,-1.742929781707809101e-04,-1.951986093535186225e-04,-2.043985252647894854e-04,-2.135984411760602400e-04,-2.227983570873311300e-04,-2.319982729986018845e-04,-2.411981889098726932e-04,-2.503981048211435020e-04,-2.595980207324143649e-04,-2.687979366436852278e-04,-2.779978525549560366e-04,-2.871977684662268453e-04,-2.963976843774977082e-04,-3.027734275929984940e-04,-3.091491708084993339e-04,-3.155249140240000655e-04,-3.219006572395009596e-04,-3.282764004550017996e-04,-3.346521436705025853e-04,-3.410278868860034253e-04,-3.474036301015042652e-04,-3.537793733170050510e-04,-3.601551165325058367e-04,-3.665308597480064598e-04,-3.587771909278496588e-04,-3.510235221076928578e-04,-3.432698532875360568e-04,-3.355161844673793100e-04,-3.277625156472224548e-04,-3.200088468270656538e-04,-3.122551780069088528e-04,-3.045015091867521060e-04,-2.967478403665953050e-04,-2.889941715464385040e-04,-2.812405027262817030e-04,-2.793641815217641359e-04,-2.774878603172465145e-04,-2.756115391127288931e-04,-2.737352179082113801e-04,-2.718588967036937587e-04,-2.699825754991761915e-04,-2.681062542946585701e-04,-2.662299330901409487e-04,-2.643536118856233815e-04,-2.624772906811058144e-04,-2.606009694765881930e-04,-2.610933391106061343e-04,-2.615857087446239672e-04,-2.620780783786418001e-04,-2.625704480126596872e-04,-2.630628176466775201e-04,-2.635551872806953530e-04,-2.640475569147131859e-04,-2.645399265487310188e-04,-2.650322961827489060e-04,-2.655246658167667389e-04,-2.660170354507845718e-04
8.991427437313138579e-04,8.852719717229655221e-04,8.714011997146172946e-04,8.575304277062690671e-04,8.436596556979208397e-04,8.297888836895726122e-04,8.159181116812244932e-04,8.020473396728762657e-04,7.881765676645280383e-04,7.743057956561798108e-04,7.604350236478315834e-04,7.465642516394833559e-04,7.105892812526720540e-04,6.746143108658606436e-04,6.386393404790494501e-04,6.026643700922381481e-04,5.666893997054267378e-04,5.307144293186154358e-04,4.947394589318041339e-04,4.587644885449928861e-04,4.227895181581815300e-04,3.868145477713701738e-04,3.508395773845588718e-04,3.163491806824992388e-04,2.818587839804396599e-04,2.473683872783800810e-04,2.128779905763203667e-04,1.783875938742607065e-04,1.438971971722010463e-04,1.094068004701413997e-04,7.491640376808175305e-05,4.042600706602209287e-05,5.935610363962378483e-06,-2.855478633809716650e-05,-4.828139652785275605e-05,-6.800800671760836593e-05,-8.773461690736393515e-05,-1.074612270971195857e-04,-1.271878372868751549e-04,-1.469144474766307783e-04,-1.666410576663863747e-04,-1.863676678561419981e-04,-2.060942780458975944e-04,-2.258208882356531908e-04,-2.455474984254087329e-04,-2.514386012726794735e-04,-2.573297041199502683e-04,-2.632208069672210089e-04,-2.691119098144916953e-04,-2.750030126617625443e-04,-2.808941155090332849e-04,-2.867852183563040797e-04,-2.926763212035748745e-04,-2.985674240508456151e-04,-3.044585268981164100e-04,-3.103496297453871506e-04,-3.148245049623881538e-04,-3.192993801793891570e-04,-3.237742553963901060e-04,-3.282491306133910550e-04,-3.327240058303920583e-04,-3.371988810473930615e-04,-3.416737562643939563e-04,-3.461486314813949595e-04,-3.506235066983959627e-04,-3.550983819153969118e-04,-3.595732571323976981e-04,-3.511879253560516419e-04,-3.428025935797055315e-04,-3.344172618033593668e-04,-3.260319300270133106e-04,-3.176465982506672002e-04,-3.092612664743211439e-04,-3.008759346979749793e-04,-2.924906029216288689e-04,-2.841052711452827584e-04,-2.757199393689366480e-04,-2.673346075925905918e-04,-2.640596976301405868e-04,-2.607847876676904191e-04,-2.575098777052403057e-04,-2.542349677427902465e-04,-2.509600577803400788e-04,-2.476851478178899654e-04,-2.444102378554399062e-04,-2.411353278929897657e-04,-2.378604179305396252e-04,-2.345855079680895388e-04,-2.313105980056394525e-04,-2.314428078250755749e-04,-2.315750176445116701e-04,-2.317072274639477654e-04,-2.318394372833839148e-04,-2.319716471028199830e-04,-2.321038569222560782e-04,-2.322360667416921735e-04,-2.323682765611282688e-04,-2.325004863805643911e-04,-2.326326962000004864e-04,-2.327649060194365816e-04
8.991427437313138579e-04,8.837262076138267808e-04,8.683096714963399205e-04,8.528931353788530602e-04,8.374765992613663083e-04,8.220600631438793396e-04,8.066435270263926961e-04,7.912269909089057274e-04,7.758104547914189755e-04,7.603939186739321152e-04,7.449773825564451465e-04,7.295608464389581778e-04,6.903826105214636976e-04,6.512043746039690006e-04,6.120261386864741951e-04,5.728479027689794981e-04,5.336696668514849095e-04,4.944914309339901040e-04,4.553131950164954612e-04,4.161349590990007642e-04,3.769567231815060672e-04,3.377784872640114244e-04,2.986002513465167815e-04,2.631026915574887133e-04,2.276051317684607534e-04,1.921075719794326851e-04,1.566100121904046439e-04,1.211124524013765892e-04,8.561489261234849380e-05,5.011733282332046617e-05,1.461977303429239788e-05,-2.087778675473569751e-05,-5.637534654376376579e-05,-9.187290633279169855e-05,-1.104204955295650840e-04,-1.289680847263384965e-04,-1.475156739231119497e-04,-1.660632631198853215e-04,-1.846108523166587476e-04,-2.031584415134321737e-04,-2.217060307102055997e-04,-2.402536199069790258e-04,-2.588012091037523977e-04,-2.773487983005257966e-04,-2.958963874972991414e-04,-2.984786772805698681e-04,-3.010609670638404864e-04,-3.036432568471112130e-04,-3.062255466303818855e-04,-3.088078364136525580e-04,-3.113901261969232847e-04,-3.139724159801939572e-04,-3.165547057634646297e-04,-3.191369955467353563e-04,-3.217192853300060830e-04,-3.243015751132767555e-04,-3.268755823317778678e-04,-3.294495895502789259e-04,-3.320235967687800924e-04,-3.345976039872812047e-04,-3.371716112057823712e-04,-3.397456184242834834e-04,-3.423196256427845415e-04,-3.448936328612857080e-04,-3.474676400797867661e-04,-3.500416472982879326e-04,-3.526156545167888822e-04,-3.435986597842534624e-04,-3.345816650517179883e-04,-3.255646703191826768e-04,-3.165476755866473112e-04,-3.075306808541118371e-04,-2.985136861215764714e-04,-2.894966913890409973e-04,-2.804796966565056317e-04,-2.714627019239702118e-04,-2.624457071914347919e-04,-2.534287124588993721e-04,-2.487552137385168208e-04,-2.440817150181341611e-04,-2.394082162977515557e-04,-2.347347175773689231e-04,-2.300612188569862906e-04,-2.253877201366036309e-04,-2.207142214162209984e-04,-2.160407226958383658e-04,-2.113672239754557061e-04,-2.066937252550730736e-04,-2.020202265346904681e-04,-2.017922765395448799e-04,-2.015643265443992104e-04,-2.013363765492535680e-04,-2.011084265541079256e-04,-2.008804765589622832e-04,-2.006525265638165866e-04,-2.004245765686709442e-04,-2.001966265735253289e-04,-1.999686765783796594e-04,-1.997407265832340441e-04,-1.995127765880883746e-04
8.991427437313137495e-04,8.821804435046883648e-04,8.652181432780626548e-04,8.482558430514372701e-04,8.312935428248116685e-04,8.143312425981862838e-04,7.973689423715608991e-04,7.804066421449352975e-04,7.634443419183098043e-04,7.464820416916843112e-04,7.295197414650589265e-04,7.125574412384333249e-04,6.701759397902553412e-04,6.277944383420772491e-04,5.854129368938992654e-04,5.430314354457211733e-04,5.006499339975431897e-04,4.582684325493651518e-04,4.158869311011871139e-04,3.735054296530090760e-04,3.311239282048310381e-04,2.887424267566530002e-04,2.463609253084749623e-04,2.098562024324785401e-04,1.733514795564821721e-04,1.368467566804857228e-04,1.003420338044893007e-04,6.383731092849283782e-05,2.733258805249637498e-05,-9.172134823500101416e-06,-4.567685769949652360e-05,-8.218158057549294578e-05,-1.186863034514894493e-04,-1.551910263274857088e-04,-1.725595945312769918e-04,-1.899281627350682205e-04,-2.072967309388594492e-04,-2.246652991426506779e-04,-2.420338673464419337e-04,-2.594024355502331895e-04,-2.767710037540244182e-04,-2.941395719578156469e-04,-3.115081401616068757e-04,-3.288767083653981044e-04,-3.462452765691892247e-04,-3.455187532884598832e-04,-3.447922300077304876e-04,-3.440657067270010919e-04,-3.433391834462717505e-04,-3.426126601655424091e-04,-3.418861368848130676e-04,-3.411596136040837262e-04,-3.404330903233543306e-04,-3.397065670426249349e-04,-3.389800437618955935e-04,-3.382535204811662520e-04,-3.389266597011675276e-04,-3.395997989211687489e-04,-3.402729381411700245e-04,-3.409460773611713543e-04,-3.416192165811725756e-04,-3.422923558011738512e-04,-3.429654950211751810e-04,-3.436386342411764565e-04,-3.443117734611776779e-04,-3.449849126811789534e-04,-3.456580519011800121e-04,-3.360093942124553913e-04,-3.263607365237306619e-04,-3.167120788350059868e-04,-3.070634211462812575e-04,-2.974147634575565824e-04,-2.877661057688318531e-04,-2.781174480801071238e-04,-2.684687903913824487e-04,-2.588201327026577194e-04,-2.491714750139329901e-04,-2.395228173252083150e-04,-2.334507298468932446e-04,-2.273786423685780658e-04,-2.213065548902628599e-04,-2.152344674119477353e-04,-2.091623799336325836e-04,-2.030902924553174048e-04,-1.970182049770022531e-04,-1.909461174986871014e-04,-1.848740300203719497e-04,-1.788019425420567981e-04,-1.727298550637417277e-04,-1.721417452540143747e-04,-1.715536354442869405e-04,-1.709655256345595333e-04,-1.703774158248321804e-04,-1.697893060151047461e-04,-1.692011962053773660e-04,-1.686130863956499589e-04,-1.680249765859225788e-04,-1.674368667761951717e-04,-1.668487569664677916e-04,-1.662606471567403845e-04
8.991427437313137495e-04,8.806346793955496235e-04,8.621266150597853891e-04,8.436185507240213715e-04,8.251104863882571371e-04,8.066024220524931196e-04,7.880943577167288851e-04,7.695862933809647592e-04,7.510782290452006332e-04,7.325701647094365072e-04,7.140621003736723812e-04,6.955540360379082552e-04,6.499692690590469848e-04,6.043845020801854977e-04,5.587997351013241189e-04,5.132149681224626317e-04,4.676302011436011988e-04,4.220454341647398200e-04,3.764606671858784412e-04,3.308759002070169541e-04,2.852911332281556295e-04,2.397063662492942236e-04,1.941215992704327907e-04,1.566097133074679875e-04,1.190978273445032385e-04,8.158594138153836756e-05,4.407405541857356438e-05,6.562169455608693426e-06,-3.094971650735616397e-05,-6.846160247032104847e-05,-1.059734884332858517e-04,-1.434853743962506820e-04,-1.809972603592155665e-04,-2.185091463221802612e-04,-2.346986935329892926e-04,-2.508882407437983781e-04,-2.670777879546074366e-04,-2.832673351654164950e-04,-2.994568823762254993e-04,-3.156464295870345577e-04,-3.318359767978436162e-04,-3.480255240086526747e-04,-3.642150712194616789e-04,-3.804046184302707374e-04,-3.965941656410796332e-04,-3.925588292963502778e-04,-3.885234929516208141e-04,-3.844881566068914045e-04,-3.804528202621619407e-04,-3.764174839174324770e-04,-3.723821475727030674e-04,-3.683468112279735494e-04,-3.643114748832441399e-04,-3.602761385385147303e-04,-3.562408021937853208e-04,-3.522054658490558028e-04,-3.509777370705572416e-04,-3.497500082920586262e-04,-3.485222795135600109e-04,-3.472945507350614497e-04,-3.460668219565628885e-04,-3.448390931780642731e-04,-3.436113643995657120e-04,-3.423836356210671508e-04,-3.411559068425685896e-04,-3.399281780640699743e-04,-3.387004492855712505e-04,-3.284201286406572659e-04,-3.181398079957432272e-04,-3.078594873508292426e-04,-2.975791667059152581e-04,-2.872988460610012194e-04,-2.770185254160871806e-04,-2.667382047711731419e-04,-2.564578841262591573e-04,-2.461775634813451186e-04,-2.358972428364311340e-04,-2.256169221915171495e-04,-2.181462459552695058e-04,-2.106755697190217807e-04,-2.032048934827740828e-04,-1.957342172465264391e-04,-1.882635410102787411e-04,-1.807928647740310974e-04,-1.733221885377833995e-04,-1.658515123015357287e-04,-1.583808360652880036e-04,-1.509101598290403328e-04,-1.434394835927927162e-04,-1.424912139684836256e-04,-1.415429443441744537e-04,-1.405946747198653088e-04,-1.396464050955561911e-04,-1.386981354712470192e-04,-1.377498658469378744e-04,-1.368015962226287296e-04,-1.358533265983195848e-04,-1.349050569740104400e-04,-1.339567873497013223e-04,-1.330085177253921775e-04
8.991427437313138579e-04,8.790889152864109907e-04,8.590350868415081234e-04,8.389812583966056898e-04,8.189274299517026057e-04,7.988736015067998469e-04,7.788197730618971965e-04,7.587659446169944377e-04,7.387121161720916788e-04,7.186582877271889200e-04,6.986044592822860527e-04,6.785506308373832939e-04,6.297625983278385201e-04,5.809745658182938546e-04,5.321865333087490808e-04,4.833985007992043612e-04,4.346104682896595873e-04,3.858224357801148135e-04,3.370344032705700397e-04,2.882463707610252658e-04,2.394583382514805191e-04,1.906703057419357724e-04,1.418822732323910527e-04,1.033632241824578279e-04,6.484417513252473857e-05,2.632512608259144596e-05,-1.219392296734177889e-05,-5.071297201727500373e-05,-8.923202106720828279e-05,-1.277510701171415076e-04,-1.662701191670747460e-04,-2.047891682170079844e-04,-2.433082172669412499e-04,-2.818272663168743257e-04,-2.968377925347012681e-04,-3.118483187525280479e-04,-3.268588449703549361e-04,-3.418693711881818243e-04,-3.568798974060086583e-04,-3.718904236238356007e-04,-3.869009498416624347e-04,-4.019114760594893229e-04,-4.169220022773162111e-04,-4.319325284951430451e-04,-4.469430547129698249e-04,-4.395989053042402930e-04,-4.322547558955108153e-04,-4.249106064867812292e-04,-4.175664570780518057e-04,-4.102223076693223280e-04,-4.028781582605927961e-04,-3.955340088518633185e-04,-3.881898594431338408e-04,-3.808457100344043089e-04,-3.735015606256748312e-04,-3.661574112169452993e-04,-3.630288144399468472e-04,-3.599002176629484493e-04,-3.567716208859499430e-04,-3.536430241089515993e-04,-3.505144273319531472e-04,-3.473858305549547493e-04,-3.442572337779562430e-04,-3.411286370009578451e-04,-3.380000402239594472e-04,-3.348714434469610493e-04,-3.317428466699624346e-04,-3.208308630688591948e-04,-3.099188794677558466e-04,-2.990068958666525526e-04,-2.880949122655492587e-04,-2.771829286644459647e-04,-2.662709450633425623e-04,-2.553589614622392683e-04,-2.444469778611360286e-04,-2.335349942600326804e-04,-2.226230106589293322e-04,-2.117110270578260111e-04,-2.028417620636458482e-04,-1.939724970694656583e-04,-1.851032320752854683e-04,-1.762339670811052784e-04,-1.673647020869250884e-04,-1.584954370927448713e-04,-1.496261720985646814e-04,-1.407569071043845185e-04,-1.318876421102042743e-04,-1.230183771160240844e-04,-1.141491121218439622e-04,-1.128406826829531068e-04,-1.115322532440622108e-04,-1.102238238051713148e-04,-1.089153943662804188e-04,-1.076069649273895363e-04,-1.062985354884986267e-04,-1.049901060496077443e-04,-1.036816766107168754e-04,-1.023732471718259658e-04,-1.010648177329350833e-04,-9.975638829404418731e-05
8.991427437313137495e-04,8.775431511772723578e-04,8.559435586232308577e-04,8.343439660691894660e-04,8.127443735151480744e-04,7.911447809611066827e-04,7.695451884070652910e-04,7.479455958530238993e-04,7.263460032989825076e-04,7.047464107449411160e-04,6.831468181908997243e-04,6.615472256368582242e-04,6.095559275966301637e-04,5.575646295564021032e-04,5.055733315161739343e-04,4.535820334759457654e-04,4.015907354357175964e-04,3.495994373954895360e-04,2.976081393552614212e-04,2.456168413150333065e-04,1.936255432748050834e-04,1.416342452345769687e-04,8.964294719434890823e-05,5.011673505744726850e-05,1.059052292054576429e-05,-2.893568921635589577e-05,-6.846190135325752873e-05,-1.079881134901591888e-04,-1.475143256270608624e-04,-1.870405377639624547e-04,-2.265667499008641012e-04,-2.660929620377656935e-04,-3.056191741746674484e-04,-3.451453863115688239e-04,-3.589768915364135960e-04,-3.728083967612582598e-04,-3.866399019861029235e-04,-4.004714072109475873e-04,-4.143029124357922510e-04,-4.281344176606369147e-04,-4.419659228854816869e-04,-4.557974281103263506e-04,-4.696289333351710144e-04,-4.834604385600156781e-04,-4.972919437848601250e-04,-4.866389813121306876e-04,-4.759860188394010876e-04,-4.653330563666714876e-04,-4.546800938939419418e-04,-4.440271314212123417e-04,-4.333741689484827959e-04,-4.227212064757531959e-04,-4.120682440030236501e-04,-4.014152815302940501e-04,-3.907623190575644501e-04,-3.801093565848349043e-04,-3.750798918093366154e-04,-3.700504270338382182e-04,-3.650209622583399835e-04,-3.599914974828417489e-04,-3.549620327073434601e-04,-3.499325679318451713e-04,-3.449031031563468824e-04,-3.398736383808485936e-04,-3.348441736053503048e-04,-3.298147088298520159e-04,-3.247852440543535645e-04,-3.132415974970610695e-04,-3.016979509397684119e-04,-2.901543043824757542e-04,-2.786106578251831508e-04,-2.670670112678905474e-04,-2.555233647105978898e-04,-2.439797181533053406e-04,-2.324360715960127101e-04,-2.208924250387200795e-04,-2.093487784814274761e-04,-1.978051319241348727e-04,-1.875372781720221636e-04,-1.772694244199094274e-04,-1.670015706677966912e-04,-1.567337169156839821e-04,-1.464658631635712459e-04,-1.361980094114585368e-04,-1.259301556593458006e-04,-1.156623019072330644e-04,-1.053944481551203418e-04,-9.512659440300760556e-05,-8.485874065089500488e-05,-8.319015139742237121e-05,-8.152156214394972399e-05,-7.985297289047706322e-05,-7.818438363700444310e-05,-7.651579438353179588e-05,-7.484720513005914866e-05,-7.317861587658650144e-05,-7.151002662311389487e-05,-6.984143736964124765e-05,-6.817284811616860043e-05,-6.650425886269596676e-05
8.991427437313137495e-04,8.759973870681336166e-04,8.528520304049535920e-04,8.297066737417736759e-04,8.065613170785936514e-04,7.834159604154136269e-04,7.602706037522334939e-04,7.371252470890535778e-04,7.139798904258734449e-04,6.908345337626934203e-04,6.676891770995133958e-04,6.445438204363332629e-04,5.893492568654219157e-04,5.341546932945104601e-04,4.789601297235988962e-04,4.237655661526874948e-04,3.685710025817759308e-04,3.133764390108644752e-04,2.581818754399530197e-04,2.029873118690415099e-04,1.477927482981300272e-04,9.259818472721855810e-05,3.740362115630713641e-05,-3.129754067562904652e-06,-4.366312929143278986e-05,-8.419650451530284448e-05,-1.247298797391728584e-04,-1.652632549630428859e-04,-2.057966301869129677e-04,-2.463300054107829952e-04,-2.868633806346530227e-04,-3.273967558585230502e-04,-3.679301310823930777e-04,-4.084635063062629426e-04,-4.211159905381254361e-04,-4.337684747699879296e-04,-4.464209590018504772e-04,-4.590734432337129165e-04,-4.717259274655754100e-04,-4.843784116974380119e-04,-4.970308959293004512e-04,-5.096833801611629989e-04,-5.223358643930255465e-04,-5.349883486248879858e-04,-5.476408328567503167e-04,-5.336790573200205943e-04,-5.197172817832909804e-04,-5.057555062465614749e-04,-4.917937307098317525e-04,-4.778319551731021386e-04,-4.638701796363725247e-04,-4.499084040996429107e-04,-4.359466285629132968e-04,-4.219848530261836286e-04,-4.080230774894540147e-04,-3.940613019527243466e-04,-3.871309691787262752e-04,-3.802006364047280955e-04,-3.732703036307300241e-04,-3.663399708567317901e-04,-3.594096380827337188e-04,-3.524793053087355932e-04,-3.455489725347374134e-04,-3.386186397607393421e-04,-3.316883069867411623e-04,-3.247579742127430910e-04,-3.178276414387448570e-04,-3.056523319252629441e-04,-2.934770224117810855e-04,-2.813017128982991184e-04,-2.691264033848172056e-04,-2.569510938713352385e-04,-2.447757843578533257e-04,-2.326004748443714399e-04,-2.204251653308895271e-04,-2.082498558174075871e-04,-1.960745463039256743e-04,-1.838992367904437343e-04,-1.722327942803985332e-04,-1.605663517703533050e-04,-1.488999092603080496e-04,-1.372334667502628214e-04,-1.255670242402175661e-04,-1.139005817301723243e-04,-1.022341392201270689e-04,-9.056769671008184071e-05,-7.890125420003658537e-05,-6.723481168999134359e-05,-5.556836917994623733e-05,-5.353962011189185245e-05,-5.151087104383746758e-05,-4.948212197578306237e-05,-4.745337290772868428e-05,-4.542462383967429263e-05,-4.339587477161990098e-05,-4.136712570356550932e-05,-3.933837663551114478e-05,-3.730962756745675991e-05,-3.528087849940237503e-05,-3.325212943134798338e-05
8.991427437313138579e-04,8.744516229589949837e-04,8.497605021866764348e-04,8.250693814143577774e-04,8.003782606420390116e-04,7.756871398697203542e-04,7.509960190974016968e-04,7.263048983250829311e-04,7.016137775527642737e-04,6.769226567804456163e-04,6.522315360081268505e-04,6.275404152358080847e-04,5.691425861342132341e-04,5.107447570326184919e-04,4.523469279310235870e-04,3.939490988294287906e-04,3.355512697278339399e-04,2.771534406262390351e-04,2.187556115246442115e-04,1.603577824230493338e-04,1.019599533214544967e-04,4.356212421985965281e-05,-1.483570488173513346e-05,-5.637624319257353859e-05,-9.791678150341179125e-05,-1.394573198142501998e-04,-1.809978581250886083e-04,-2.225383964359270439e-04,-2.640789347467653982e-04,-3.056194730576038067e-04,-3.471600113684422152e-04,-3.887005496792805695e-04,-4.302410879901190865e-04,-4.717816263009572239e-04,-4.832550895398375472e-04,-4.947285527787178162e-04,-5.062020160175980310e-04,-5.176754792564782458e-04,-5.291489424953584606e-04,-5.406224057342388922e-04,-5.520958689731191070e-04,-5.635693322119993218e-04,-5.750427954508796451e-04,-5.865162586897598599e-04,-5.979897219286399663e-04,-5.807191333279103926e-04,-5.634485447271804937e-04,-5.461779561264509201e-04,-5.289073675257213464e-04,-5.116367789249915560e-04,-4.943661903242618739e-04,-4.770956017235321376e-04,-4.598250131228024556e-04,-4.425544245220727193e-04,-4.252838359213430915e-04,-4.080132473206133552e-04,-3.991820465481153929e-04,-3.903508457756174306e-04,-3.815196450031194141e-04,-3.726884442306215061e-04,-3.638572434581235438e-04,-3.550260426856255815e-04,-3.461948419131276192e-04,-3.373636411406296569e-04,-3.285324403681316404e-04,-3.197012395956337323e-04,-3.108700388231356616e-04,-2.980630663534645478e-04,-2.852560938837932713e-04,-2.724491214141220490e-04,-2.596421489444509351e-04,-2.468351764747797128e-04,-2.340282040051084905e-04,-2.212212315354372683e-04,-2.084142590657661002e-04,-1.956072865960948779e-04,-1.828003141264236827e-04,-1.699933416567524604e-04,-1.569283103887747402e-04,-1.438632791207969928e-04,-1.307982478528192183e-04,-1.177332165848415116e-04,-1.046681853168637642e-04,-9.160315404888601687e-05,-7.853812278090825595e-05,-6.547309151293053569e-05,-5.240806024495278832e-05,-3.934302897697502740e-05,-2.627799770899743928e-05,-2.388908882636130659e-05,-2.150017994372517389e-05,-1.911127106108903781e-05,-1.672236217845290512e-05,-1.433345329581677074e-05,-1.194454441318063635e-05,-9.555635530544501967e-06,-7.166726647908401463e-06,-4.777817765272267077e-06,-2.388908882636134809e-06,0.000000000000000000e+00
8.991427437313137495e-04,8.725019028158760136e-04,8.458610619004384946e-04,8.192202209850006503e-04,7.925793800695630229e-04,7.659385391541253954e-04,7.392976982386878764e-04,7.126568573232501405e-04,6.860160164078125131e-04,6.593751754923747772e-04,6.327343345769371498e-04,6.060934936614994139e-04,5.464439666585758568e-04,4.867944396556520828e-04,4.271449126527284714e-04,3.674953856498047516e-04,3.078458586468809776e-04,2.481963316439573662e-04,1.885468046410336735e-04,1.288972776381099538e-04,6.924775063518626107e-05,9.598223632262568384e-06,-5.005130337066103621e-05,-8.973390025007427857e-05,-1.294164971294874057e-04,-1.690990940089006549e-04,-2.087816908883139040e-04,-2.484642877677271260e-04,-2.881468846471404023e-04,-3.278294815265536243e-04,-3.675120784059669006e-04,-4.071946752853801226e-04,-4.468772721647933446e-04,-4.865598690442063498e-04,-4.937778534216256173e-04,-5.009958377990448306e-04,-5.082138221764640439e-04,-5.154318065538831487e-04,-5.226497909313024704e-04,-5.298677753087215753e-04,-5.370857596861407885e-04,-5.443037440635600018e-04,-5.515217284409793235e-04,-5.587397128183984284e-04,-5.659576971958174248e-04,-5.482271005350913004e-04,-5.304965038743652845e-04,-5.127659072136391601e-04,-4.950353105529131442e-04,-4.773047138921870198e-04,-4.595741172314608955e-04,-4.418435205707348253e-04,-4.241129239100087009e-04,-4.063823272492825766e-04,-3.886517305885565064e-04,-3.709211339278303821e-04,-3.628927695891958315e-04,-3.548644052505613351e-04,-3.468360409119268387e-04,-3.388076765732922881e-04,-3.307793122346578459e-04,-3.227509478960232953e-04,-3.147225835573887989e-04,-3.066942192187543026e-04,-2.986658548801197520e-04,-2.906374905414852014e-04,-2.826091262028507050e-04,-2.709664239576951026e-04,-2.593237217125393917e-04,-2.476810194673837893e-04,-2.360383172222281598e-04,-2.243956149770724761e-04,-2.127529127319168737e-04,-2.011102104867612170e-04,-1.894675082416055604e-04,-1.778248059964499309e-04,-1.661821037512943014e-04,-1.545394015061386447e-04,-1.426621003534315894e-04,-1.307847992007245611e-04,-1.189074980480175057e-04,-1.070301968953104774e-04,-9.515289574260342204e-05,-8.327559458989639376e-05,-7.139829343718933838e-05,-5.952099228448231010e-05,-4.764369113177526150e-05,-3.576638997906821967e-05,-2.388908882636131336e-05,-2.171735347851028549e-05,-1.954561813065925084e-05,-1.737388278280821958e-05,-1.520214743495719002e-05,-1.303041208710615876e-05,-1.085867673925512580e-05,-8.686941391404094545e-06,-6.515206043553093779e-06,-4.343470695702061672e-06,-2.171735347851032107e-06,0.000000000000000000e+00
8.991427437313137495e-04,8.705521826727570436e-04,8.419616216142004460e-04,8.133710605556437401e-04,7.847804994970871426e-04,7.561899384385306535e-04,7.275993773799739476e-04,6.990088163214172416e-04,6.704182552628607525e-04,6.418276942043040466e-04,6.132371331457474491e-04,5.846465720871908515e-04,5.237453471829383710e-04,4.628441222786857279e-04,4.019428973744332474e-04,3.410416724701807126e-04,2.801404475659281779e-04,2.192392226616756161e-04,1.583379977574230814e-04,9.743677285317056019e-05,3.653554794891803224e-05,-2.436567695533450927e-05,-8.526690185958696268e-05,-1.230915573075750660e-04,-1.609162127555629931e-04,-1.987408682035510829e-04,-2.365655236515391184e-04,-2.743901790995272624e-04,-3.122148345475154064e-04,-3.500394899955033877e-04,-3.878641454434914775e-04,-4.256888008914795673e-04,-4.635134563394677112e-04,-5.013381117874555299e-04,-5.043006173034136333e-04,-5.072631228193718450e-04,-5.102256283353300568e-04,-5.131881338512880517e-04,-5.161506393672461550e-04,-5.191131448832043667e-04,-5.220756503991625785e-04,-5.250381559151206818e-04,-5.280006614310787851e-04,-5.309631669470369969e-04,-5.339256724629948834e-04,-5.157350677422724251e-04,-4.975444630215499668e-04,-4.793538583008274544e-04,-4.611632535801049961e-04,-4.429726488593824837e-04,-4.247820441386600254e-04,-4.065914394179374588e-04,-3.884008346972150005e-04,-3.702102299764924338e-04,-3.520196252557699756e-04,-3.338290205350474631e-04,-3.266034926302763242e-04,-3.193779647255052937e-04,-3.121524368207342632e-04,-3.049269089159631786e-04,-2.977013810111920939e-04,-2.904758531064210634e-04,-2.832503252016500329e-04,-2.760247972968789482e-04,-2.687992693921078635e-04,-2.615737414873367788e-04,-2.543482135825656399e-04,-2.438697815619256303e-04,-2.333913495412855393e-04,-2.229129175206454212e-04,-2.124344855000053845e-04,-2.019560534793652935e-04,-1.914776214587252025e-04,-1.809991894380851116e-04,-1.705207574174450748e-04,-1.600423253968049839e-04,-1.495638933761648929e-04,-1.390854613555248019e-04,-1.283958903180884928e-04,-1.177063192806521294e-04,-1.070167482432157931e-04,-9.632717720577947034e-05,-8.563760616834310694e-05,-7.494803513090677065e-05,-6.425846409347042080e-05,-5.356889305603409806e-05,-4.287932201859774822e-05,-3.218975098116140515e-05,-2.150017994372518745e-05,-1.954561813065926101e-05,-1.759105631759333118e-05,-1.563649450452740135e-05,-1.368193269146147491e-05,-1.172737087839554508e-05,-9.772809065329615257e-06,-7.818247252263687123e-06,-5.863685439197786095e-06,-3.909123626131856267e-06,-1.954561813065929404e-06,0.000000000000000000e+00
8.991427437313138579e-04,8.686024625296381819e-04,8.380621813279626143e-04,8.075219001262871552e-04,7.769816189246114791e-04,7.464413377229356947e-04,7.159010565212602355e-04,6.853607753195846680e-04,6.548204941179091004e-04,6.242802129162335328e-04,5.937399317145578568e-04,5.631996505128821807e-04,5.010467277073008853e-04,4.388938049017194814e-04,3.767408820961381860e-04,3.145879592905567821e-04,2.524350364849753240e-04,1.902821136793940015e-04,1.281291908738125705e-04,6.597626806823116662e-05,3.823345262649789850e-06,-5.832957754293158014e-05,-1.204825003485128553e-04,-1.564492143650758128e-04,-1.924159283816386347e-04,-2.283826423982015380e-04,-2.643493564147644955e-04,-3.003160704313274530e-04,-3.362827844478903563e-04,-3.722494984644532596e-04,-4.082162124810162713e-04,-4.441829264975791203e-04,-4.801496405141420778e-04,-5.161163545307047643e-04,-5.148233811852017576e-04,-5.135304078396988594e-04,-5.122374344941958528e-04,-5.109444611486930630e-04,-5.096514878031900564e-04,-5.083585144576871582e-04,-5.070655411121842600e-04,-5.057725677666813618e-04,-5.044795944211783552e-04,-5.031866210756754569e-04,-5.018936477301725587e-04,-4.832430349494535498e-04,-4.645924221687345950e-04,-4.459418093880156944e-04,-4.272911966072969565e-04,-4.086405838265779475e-04,-3.899899710458591554e-04,-3.713393582651402006e-04,-3.526887454844212458e-04,-3.340381327037023453e-04,-3.153875199229834447e-04,-2.967369071422645442e-04,-2.903142156713569254e-04,-2.838915242004493066e-04,-2.774688327295416878e-04,-2.710461412586340690e-04,-2.646234497877264502e-04,-2.582007583168188314e-04,-2.517780668459112126e-04,-2.453553753750035938e-04,-2.389326839040959750e-04,-2.325099924331883834e-04,-2.260873009622807104e-04,-2.167731391661562122e-04,-2.074589773700316869e-04,-1.981448155739071616e-04,-1.888306537777826363e-04,-1.795164919816581381e-04,-1.702023301855335857e-04,-1.608881683894090604e-04,-1.515740065932845893e-04,-1.422598447971600640e-04,-1.329456830010355387e-04,-1.236315212049109863e-04,-1.141296802827453691e-04,-1.046278393605797248e-04,-9.512599843841408045e-05,-8.562415751624844970e-05,-7.612231659408279184e-05,-6.662047567191716109e-05,-5.711863474975151001e-05,-4.761679382758587925e-05,-3.811495290542024172e-05,-2.861311198325459742e-05,-1.911127106108906492e-05,-1.737388278280823991e-05,-1.563649450452741490e-05,-1.389910622624658651e-05,-1.216171794796576150e-05,-1.042432966968493480e-05,-8.686941391404106404e-06,-6.949553113123279702e-06,-5.212164834842478411e-06,-3.474776556561651709e-06,-1.737388278280826913e-06,0.000000000000000000e+00
8.991427437313136411e-04,8.666527423865191034e-04,8.341627410417244573e-04,8.016727396969299197e-04,7.691827383521353820e-04,7.366927370073407359e-04,7.042027356625461983e-04,6.717127343177516606e-04,6.392227329729570145e-04,6.067327316281623684e-04,5.742427302833679392e-04,5.417527289385731847e-04,4.783481082316629659e-04,4.149434875247528013e-04,3.515388668178425283e-04,2.881342461109323637e-04,2.247296254040220364e-04,1.613250046971118176e-04,9.792038399020159883e-05,3.451576328329132581e-05,-2.888885742361889299e-05,-9.229347813052913890e-05,-1.556980988374393035e-04,-1.898068714225770203e-04,-2.239156440077146558e-04,-2.580244165928523726e-04,-2.921331891779900894e-04,-3.262419617631279146e-04,-3.603507343482656314e-04,-3.944595069334033482e-04,-4.285682795185411192e-04,-4.626770521036787818e-04,-4.967858246888166070e-04,-5.308945972739541070e-04,-5.253461450669900988e-04,-5.197976928600260907e-04,-5.142492406530619741e-04,-5.087007884460978575e-04,-5.031523362391338494e-04,-4.976038840321698412e-04,-4.920554318252057246e-04,-4.865069796182417165e-04,-4.809585274112776541e-04,-4.754100752043136460e-04,-4.698616229973494752e-04,-4.507510021566341865e-04,-4.316403813159188437e-04,-4.125297604752035008e-04,-3.934191396344883206e-04,-3.743085187937729777e-04,-3.551978979530576348e-04,-3.360872771123423462e-04,-3.169766562716270033e-04,-2.978660354309117147e-04,-2.787554145901963718e-04,-2.596447937494810289e-04,-2.540249387124368760e-04,-2.484050836753927231e-04,-2.427852286383485702e-04,-2.371653736013044174e-04,-2.315455185642602645e-04,-2.259256635272161116e-04,-2.203058084901719587e-04,-2.146859534531278058e-04,-2.090660984160836529e-04,-2.034462433790395000e-04,-1.978263883419952658e-04,-1.896764967703863604e-04,-1.815266051987774007e-04,-1.733767136271684682e-04,-1.652268220555595357e-04,-1.570769304839506031e-04,-1.489270389123416435e-04,-1.407771473407327110e-04,-1.326272557691237784e-04,-1.244773641975148459e-04,-1.163274726259058863e-04,-1.081775810542969402e-04,-9.986347024740202852e-05,-9.154935944050710331e-05,-8.323524863361217809e-05,-7.492113782671726643e-05,-6.660702701982234122e-05,-5.829291621292741600e-05,-4.997880540603249079e-05,-4.166469459913757912e-05,-3.335058379224265391e-05,-2.503647298534772869e-05,-1.672236217845290174e-05,-1.520214743495718494e-05,-1.368193269146146305e-05,-1.216171794796574287e-05,-1.064150320447002437e-05,-9.121288460974302491e-06,-7.601073717478580609e-06,-6.080858973982860422e-06,-4.560644230487161410e-06,-3.040429486991440375e-06,-1.520214743495721035e-06,0.000000000000000000e+00
8.991427437313137495e-04,8.647030222434001333e-04,8.302633007554865172e-04,7.958235792675731179e-04,7.613838577796593933e-04,7.269441362917459940e-04,6.925044148038325947e-04,6.580646933159188701e-04,6.236249718280053624e-04,5.891852503400918546e-04,5.547455288521782385e-04,5.203058073642646223e-04,4.556494887560255886e-04,3.909931701477865006e-04,3.263368515395473585e-04,2.616805329313083247e-04,1.970242143230691825e-04,1.323678957148301488e-04,6.771157710659106085e-05,3.055258498351972902e-06,-6.160106010988712860e-05,-1.262573787181262301e-04,-1.909136973263651554e-04,-2.231645284800777942e-04,-2.554153596337902432e-04,-2.876661907875028277e-04,-3.199170219412154122e-04,-3.521678530949280510e-04,-3.844186842486406355e-04,-4.166695154023532200e-04,-4.489203465560657504e-04,-4.811711777097783891e-04,-5.134220088634909194e-04,-5.456728400172033413e-04,-5.358689089487781148e-04,-5.260649778803531051e-04,-5.162610468119279870e-04,-5.064571157435028689e-04,-4.966531846750776424e-04,-4.868492536066526327e-04,-4.770453225382275146e-04,-4.672413914698023965e-04,-4.574374604013772784e-04,-4.476335293329521603e-04,-4.378295982645270422e-04,-4.182589693638153654e-04,-3.986883404631035802e-04,-3.791177115623917951e-04,-3.595470826616802809e-04,-3.399764537609684958e-04,-3.204058248602567648e-04,-3.008351959595450880e-04,-2.812645670588333029e-04,-2.616939381581215719e-04,-2.421233092574098680e-04,-2.225526803566981371e-04,-2.177356617535174230e-04,-2.129186431503366818e-04,-2.081016245471559948e-04,-2.032846059439753078e-04,-1.984675873407945937e-04,-1.936505687376138796e-04,-1.888335501344331926e-04,-1.840165315312524785e-04,-1.791995129280717644e-04,-1.743824943248910775e-04,-1.695654757217103091e-04,-1.625798543746169694e-04,-1.555942330275235754e-04,-1.486086116804301814e-04,-1.416229903333368146e-04,-1.346373689862434206e-04,-1.276517476391500537e-04,-1.206661262920566597e-04,-1.136805049449632793e-04,-1.066948835978699125e-04,-9.970926225077653203e-05,-9.272364090368312450e-05,-8.559726021205891838e-05,-7.847087952043469870e-05,-7.134449882881046547e-05,-6.421811813718625935e-05,-5.709173744556203289e-05,-4.996535675393780644e-05,-4.283897606231358676e-05,-3.571259537068936709e-05,-2.858621467906514402e-05,-2.145983398744092096e-05,-1.433345329581678090e-05,-1.303041208710616384e-05,-1.172737087839554508e-05,-1.042432966968492633e-05,-9.121288460974309267e-06,-7.818247252263690512e-06,-6.515206043553072603e-06,-5.212164834842453847e-06,-3.909123626131853726e-06,-2.606082417421235817e-06,-1.303041208710618544e-06,0.000000000000000000e+00
8.991427437313137495e-04,8.627533021002811633e-04,8.263638604692485770e-04,7.899744188382162077e-04,7.535849772071836214e-04,7.171955355761512520e-04,6.808060939451186658e-04,6.444166523140860796e-04,6.080272106830536018e-04,5.716377690520211240e-04,5.352483274209885377e-04,4.988588857899559515e-04,4.329508692803881028e-04,3.670428527708201999e-04,3.011348362612522428e-04,2.352268197516843400e-04,1.693188032421164100e-04,1.034107867325484664e-04,3.750277022298052288e-05,-2.840524628658740711e-05,-9.431326279615535066e-05,-1.602212793057232942e-04,-2.261292958152910887e-04,-2.565221855375785409e-04,-2.869150752598658848e-04,-3.173079649821532828e-04,-3.477008547044407351e-04,-3.780937444267281873e-04,-4.084866341490156396e-04,-4.388795238713030377e-04,-4.692724135935904357e-04,-4.996653033158778880e-04,-5.300581930381653402e-04,-5.604510827604524672e-04,-5.463916728305663476e-04,-5.323322629006801195e-04,-5.182728529707939999e-04,-5.042134430409078803e-04,-4.901540331110215438e-04,-4.760946231811354241e-04,-4.620352132512491961e-04,-4.479758033213630765e-04,-4.339163933914769026e-04,-4.198569834615907830e-04,-4.057975735317045007e-04,-3.857669365709963816e-04,-3.657362996102882626e-04,-3.457056626495801435e-04,-3.256750256888720787e-04,-3.056443887281639596e-04,-2.856137517674558948e-04,-2.655831148067477215e-04,-2.455524778460396024e-04,-2.255218408853314292e-04,-2.054912039246233101e-04,-1.854605669639151639e-04,-1.814463847945979157e-04,-1.774322026252806404e-04,-1.734180204559634193e-04,-1.694038382866461440e-04,-1.653896561173288959e-04,-1.613754739480116477e-04,-1.573612917786943995e-04,-1.533471096093771513e-04,-1.493329274400598760e-04,-1.453187452707426007e-04,-1.413045631014253254e-04,-1.354832119788474971e-04,-1.296618608562696959e-04,-1.238405097336918404e-04,-1.180191586111140528e-04,-1.121978074885362380e-04,-1.063764563659584097e-04,-1.005551052433805814e-04,-9.473375412080278020e-05,-8.891240299822495189e-05,-8.309105187564712358e-05,-7.726970075306930882e-05,-7.133105017671579468e-05,-6.539239960036226699e-05,-5.945374902400874607e-05,-5.351509844765523193e-05,-4.757644787130171102e-05,-4.163779729494819010e-05,-3.569914671859466919e-05,-2.976049614224115166e-05,-2.382184556588762736e-05,-1.788319498953410645e-05,-1.194454441318065499e-05,-1.085867673925514105e-05,-9.772809065329625421e-06,-8.686941391404108098e-06,-7.601073717478594162e-06,-6.515206043553078532e-06,-5.429338369627562055e-06,-4.343470695702046426e-06,-3.257603021776546466e-06,-2.171735347851030413e-06,-1.085867673925515842e-06,0.000000000000000000e+00
8.991427437313136411e-04,8.608035819571621932e-04,8.224644201830107453e-04,7.841252584088592974e-04,7.457860966347077411e-04,7.074469348605564017e-04,6.691077730864049538e-04,6.307686113122533975e-04,5.924294495381019496e-04,5.540902877639505017e-04,5.157511259897989454e-04,4.774119642156473349e-04,4.102522498047507255e-04,3.430925353938538993e-04,2.759328209829571272e-04,2.087731065720603010e-04,1.416133921611635290e-04,7.445367775026678404e-05,7.293963339370012006e-06,-5.986575107152681424e-05,-1.270254654824235863e-04,-1.941851798933203583e-04,-2.613448943042169406e-04,-2.898798425950792606e-04,-3.184147908859414722e-04,-3.469497391768036837e-04,-3.754846874676660037e-04,-4.040196357585283237e-04,-4.325545840493905895e-04,-4.610895323402528011e-04,-4.896244806311151210e-04,-5.181594289219773868e-04,-5.466943772128396526e-04,-5.752293255037015931e-04,-5.569144367123543635e-04,-5.385995479210071340e-04,-5.202846591296599044e-04,-5.019697703383126748e-04,-4.836548815469654452e-04,-4.653399927556182156e-04,-4.470251039642709860e-04,-4.287102151729237564e-04,-4.103953263815765268e-04,-3.920804375902292973e-04,-3.737655487988820677e-04,-3.532749037781775063e-04,-3.327842587574729991e-04,-3.122936137367684378e-04,-2.918029687160640390e-04,-2.713123236953594777e-04,-2.508216786746550247e-04,-2.303310336539504091e-04,-2.098403886332459020e-04,-1.893497436125413406e-04,-1.688590985918368335e-04,-1.483684535711322721e-04,-1.451571078356784627e-04,-1.419457621002246533e-04,-1.387344163647708439e-04,-1.355230706293170345e-04,-1.323117248938632251e-04,-1.291003791584094157e-04,-1.258890334229556063e-04,-1.226776876875017969e-04,-1.194663419520479875e-04,-1.162549962165941917e-04,-1.130436504811403552e-04,-1.083865695830781061e-04,-1.037294886850158434e-04,-9.907240778695358078e-05,-9.441532688889131813e-05,-8.975824599082906903e-05,-8.510116509276679283e-05,-8.044408419470453018e-05,-7.578700329664229463e-05,-7.112992239858003198e-05,-6.647284150051776933e-05,-6.181576060245549313e-05,-5.706484014137268453e-05,-5.231391968028986238e-05,-4.756299921920704023e-05,-4.281207875812422485e-05,-3.806115829704139592e-05,-3.331023783595858054e-05,-2.855931737487575500e-05,-2.380839691379293963e-05,-1.905747645271012086e-05,-1.430655599162729871e-05,-9.555635530544532460e-06,-8.686941391404119956e-06,-7.818247252263707452e-06,-6.949553113123293254e-06,-6.080858973982880751e-06,-5.212164834842467400e-06,-4.343470695702053202e-06,-3.474776556561639851e-06,-2.606082417421239206e-06,-1.737388278280825855e-06,-8.686941391404134567e-07,0.000000000000000000e+00
8.991427437313137495e-04,8.588538618140432231e-04,8.185649798967728052e-04,7.782760979795023872e-04,7.379872160622317524e-04,6.976983341449613345e-04,6.574094522276909165e-04,6.171205703104204986e-04,5.768316883931499722e-04,5.365428064758794458e-04,4.962539245586090279e-04,4.559650426413384473e-04,3.875536303291129687e-04,3.191422180168872191e-04,2.507308057046616322e-04,1.823193933924359368e-04,1.139079810802103498e-04,4.549656876798470863e-05,-2.291484354424095965e-05,-9.132625585646661438e-05,-1.597376681686922691e-04,-2.281490804809178561e-04,-2.965604927931433888e-04,-3.232374996525804681e-04,-3.499145065120174932e-04,-3.765915133714545725e-04,-4.032685202308917060e-04,-4.299455270903287853e-04,-4.566225339497658646e-04,-4.832995408092029439e-04,-5.099765476686401316e-04,-5.366535545280771025e-04,-5.633305613875142902e-04,-5.900075682469510443e-04,-5.674372005941427047e-04,-5.448668329413343652e-04,-5.222964652885259173e-04,-4.997260976357176861e-04,-4.771557299829092382e-04,-4.545853623301008444e-04,-4.320149946772925049e-04,-4.094446270244841654e-04,-3.868742593716758258e-04,-3.643038917188674321e-04,-3.417335240660591467e-04,-3.207828709853581973e-04,-2.998322179046572478e-04,-2.788815648239562984e-04,-2.579309117432554573e-04,-2.369802586625545078e-04,-2.160296055818535584e-04,-1.950789525011526089e-04,-1.741282994204516594e-04,-1.531776463397507100e-04,-1.322269932590497605e-04,-1.112763401783488110e-04,-1.088678308767584540e-04,-1.064593215751681105e-04,-1.040508122735777670e-04,-1.016423029719874371e-04,-9.923379367039706646e-05,-9.682528436880672297e-05,-9.441677506721637947e-05,-9.200826576562603598e-05,-8.959975646403569248e-05,-8.719124716244533544e-05,-8.478273786085496484e-05,-8.128992718730829496e-05,-7.779711651376161152e-05,-7.430430584021492809e-05,-7.081149516666824465e-05,-6.731868449312156122e-05,-6.382587381957487778e-05,-6.033306314602819435e-05,-5.684025247248151091e-05,-5.334744179893483425e-05,-4.985463112538815082e-05,-4.636182045184146061e-05,-4.279863010602936432e-05,-3.923543976021726126e-05,-3.567224941440515820e-05,-3.210905906859305513e-05,-2.854586872278095207e-05,-2.498267837696884901e-05,-2.141948803115674595e-05,-1.785629768534464289e-05,-1.429310733953253982e-05,-1.072991699372043676e-05,-7.166726647908374357e-06,-6.515206043553067521e-06,-5.863685439197759837e-06,-5.212164834842451306e-06,-4.560644230487144469e-06,-3.909123626131836785e-06,-3.257603021776529102e-06,-2.606082417421220994e-06,-1.954561813065922628e-06,-1.303041208710614944e-06,-6.515206043553077897e-07,0.000000000000000000e+00
8.991427437313137495e-04,8.569041416709243615e-04,8.146655396105349735e-04,7.724269375501454770e-04,7.301883354897559806e-04,6.879497334293664841e-04,6.457111313689772045e-04,6.034725293085877081e-04,5.612339272481982116e-04,5.189953251878087152e-04,4.767567231274193271e-04,4.345181210670297765e-04,3.648550108534754288e-04,2.951919006399209727e-04,2.255287904263664895e-04,1.558656802128119520e-04,8.620256999925749591e-05,1.653945978570301270e-05,-5.312365042785152473e-05,-1.227867606414059808e-04,-1.924498708549604912e-04,-2.621129810685149473e-04,-3.317760912820693492e-04,-3.565951567100812962e-04,-3.814142221380930806e-04,-4.062332875661050276e-04,-4.310523529941169747e-04,-4.558714184221289217e-04,-4.806904838501408145e-04,-5.055095492781528158e-04,-5.303286147061647086e-04,-5.551476801341766014e-04,-5.799667455621886026e-04,-6.047858109902001702e-04,-5.779599644759307207e-04,-5.511341179616613796e-04,-5.243082714473919301e-04,-4.974824249331225891e-04,-4.706565784188530312e-04,-4.438307319045836901e-04,-4.170048853903142406e-04,-3.901790388760448453e-04,-3.633531923617754501e-04,-3.365273458475060006e-04,-3.097014993332366053e-04,-2.882908381925393219e-04,-2.668801770518418760e-04,-2.454695159111445384e-04,-2.240588547704473635e-04,-2.026481936297499717e-04,-1.812375324890526612e-04,-1.598268713483552966e-04,-1.384162102076579048e-04,-1.170055490669605672e-04,-9.559488792626321611e-05,-7.418422678556586499e-05,-7.257855391783894674e-05,-7.097288105011205560e-05,-6.936720818238516445e-05,-6.776153531465827331e-05,-6.615586244693136861e-05,-6.455018957920447746e-05,-6.294451671147757276e-05,-6.133884384375068162e-05,-5.973317097602378370e-05,-5.812749810829687900e-05,-5.652182524056996752e-05,-5.419328479153885653e-05,-5.186474434250773198e-05,-4.953620389347660065e-05,-4.720766344444549643e-05,-4.487912299541436511e-05,-4.255058254638324734e-05,-4.022204209735212956e-05,-3.789350164832100502e-05,-3.556496119928988047e-05,-3.323642075025876269e-05,-3.090788030122763815e-05,-2.853242007068623723e-05,-2.615695984014483293e-05,-2.378149960960343202e-05,-2.140603937906203450e-05,-1.903057914852063020e-05,-1.665511891797922929e-05,-1.427965868743782837e-05,-1.190419845689642746e-05,-9.528738226355024855e-06,-7.153277995813623096e-06,-4.777817765272248442e-06,-4.343470695702043884e-06,-3.909123626131838480e-06,-3.474776556561633498e-06,-3.040429486991429364e-06,-2.606082417421223959e-06,-2.171735347851018554e-06,-1.737388278280813784e-06,-1.303041208710614944e-06,-8.686941391404098568e-07,-4.343470695702051931e-07,0.000000000000000000e+00
8.991427437313137495e-04,8.549544215278052830e-04,8.107660993242969249e-04,7.665777771207885668e-04,7.223894549172802087e-04,6.782011327137717422e-04,6.340128105102633841e-04,5.898244883067549175e-04,5.456361661032465595e-04,5.014478438997380929e-04,4.572595216962297348e-04,4.130711994927212141e-04,3.421563913778380515e-04,2.712415832629546720e-04,2.003267751480713739e-04,1.294119670331879944e-04,5.849715891830461491e-05,-1.241764919657871035e-05,-8.333245731146206271e-05,-1.542472654263453338e-04,-2.251620735412286861e-04,-2.960768816561120927e-04,-3.669916897709951469e-04,-3.899528137675820159e-04,-4.129139377641686680e-04,-4.358750617607554285e-04,-4.588361857573422433e-04,-4.817973097539290039e-04,-5.047584337505158728e-04,-5.277195577471025792e-04,-5.506806817436893939e-04,-5.736418057402762087e-04,-5.966029297368629150e-04,-6.195640537334491877e-04,-5.884827283577189535e-04,-5.574014029819883941e-04,-5.263200776062579430e-04,-4.952387522305274920e-04,-4.641574268547969326e-04,-4.330761014790664816e-04,-4.019947761033360305e-04,-3.709134507276054711e-04,-3.398321253518750201e-04,-3.087507999761445691e-04,-2.776694746004141181e-04,-2.557988053997203924e-04,-2.339281361990266667e-04,-2.120574669983328869e-04,-1.901867977976392696e-04,-1.683161285969454898e-04,-1.464454593962517641e-04,-1.245747901955579842e-04,-1.027041209948642315e-04,-8.083345179417046513e-05,-5.896278259347672592e-05,-3.709211339278295283e-05,-3.628927695891950048e-05,-3.548644052505604813e-05,-3.468360409119260255e-05,-3.388076765732915698e-05,-3.307793122346570463e-05,-3.227509478960225906e-05,-3.147225835573880671e-05,-3.066942192187535436e-05,-2.986658548801190879e-05,-2.906374905414845983e-05,-2.826091262028500070e-05,-2.709664239576944520e-05,-2.593237217125388293e-05,-2.476810194673831727e-05,-2.360383172222276177e-05,-2.243956149770719950e-05,-2.127529127319163722e-05,-2.011102104867607156e-05,-1.894675082416051267e-05,-1.778248059964495040e-05,-1.661821037512939151e-05,-1.545394015061382924e-05,-1.426621003534312878e-05,-1.307847992007242663e-05,-1.189074980480172279e-05,-1.070301968953102403e-05,-9.515289574260320181e-06,-8.327559458989619725e-06,-7.139829343718918422e-06,-5.952099228448217119e-06,-4.764369113177515816e-06,-3.576638997906813666e-06,-2.388908882636125915e-06,-2.171735347851023636e-06,-1.954561813065920934e-06,-1.737388278280817808e-06,-1.520214743495715529e-06,-1.303041208710612827e-06,-1.085867673925510124e-06,-8.686941391404074216e-07,-6.515206043553077897e-07,-4.343470695702051931e-07,-2.171735347851027289e-07,0.000000000000000000e+00
8.991427437313137495e-04,8.530047013846864213e-04,8.068666590380589847e-04,7.607286166914316566e-04,7.145905743448043284e-04,6.684525319981768918e-04,6.223144896515495636e-04,5.761764473049221270e-04,5.300384049582947989e-04,4.839003626116673623e-04,4.377623202650400341e-04,3.916242779184125975e-04,3.194577719022005115e-04,2.472912658859883713e-04,1.751247598697761498e-04,1.029582538535639554e-04,3.079174783735178812e-05,-4.137475817886040628e-05,-1.135412641950725736e-04,-1.857077702112847680e-04,-2.578742762274969353e-04,-3.300407822437091297e-04,-4.022072882599211615e-04,-4.233104708250827355e-04,-4.444136533902443096e-04,-4.655168359554059379e-04,-4.866200185205675662e-04,-5.077232010857291944e-04,-5.288263836508908227e-04,-5.499295662160524510e-04,-5.710327487812140793e-04,-5.921359313463755991e-04,-6.132391139115372274e-04,-6.343422964766984220e-04,-5.990054922395069694e-04,-5.636686880023154085e-04,-5.283318837651238475e-04,-4.929950795279323950e-04,-4.576582752907407256e-04,-4.223214710535492730e-04,-3.869846668163577121e-04,-3.516478625791661511e-04,-3.163110583419746443e-04,-2.809742541047830834e-04,-2.456374498675916308e-04,-2.233067726069014900e-04,-2.009760953462113220e-04,-1.786454180855211540e-04,-1.563147408248311487e-04,-1.339840635641409807e-04,-1.116533863034508263e-04,-8.932270904276065832e-05,-6.699203178207049035e-05,-4.466135452138031561e-05,-2.233067726069017136e-05,0.000000000000000000e+00,0.000000000000000000e+00,0.000000000000000000e+00,0.000000000000000000e+00,0.000000000000000000e+00,0.000000000000000000e+00,0.000000000000000000e+00,0.000000000000000000e+00,0.000000000000000000e+00,0.000000000000000000e+00,0.000000000000000000e+00,0.000000000000000000e+00,0.000000000000000000e+00,0.000000000000000000e+00,0.000000000000000000e+00,0.000000000000000000e+00,0.000000000000000000e+00,0.000000000000000000e+00,0.000000000000000000e+00,0.000000000000000000e+00,0.000000000000000000e+00,0.000000000000000000e+00,0.000000000000000000e+00,0.000000000000000000e+00,0.000000000000000000e+00,0.000000000000000000e+00,0.000000000000000000e+00,0.000000000000000000e+00,0.000000000000000000e+00,0.000000000000000000e+00,0.000000000000000000e+00,0.000000000000000000e+00,0.000000000000000000e+00,0.000000000000000000e+00,0.000000000000000000e+00,0.000000000000000000e+00,0.000000000000000000e+00,0.000000000000000000e+00,0.000000000000000000e+00,0.000000000000000000e+00,0.000000000000000000e+00,0.000000000000000000e+00,0.000000000000000000e+00,0.000000000000000000e+00,0.000000000000000000e+00
8.991427437313137495e-04,8.515401648851677165e-04,8.039375860390217919e-04,7.563350071928756505e-04,7.087324283467297259e-04,6.611298495005836929e-04,6.135272706544377683e-04,5.659246918082915185e-04,5.183221129621455939e-04,4.707195341159996151e-04,4.231169552698536363e-04,3.755143764237074949e-04,3.034459737758058188e-04,2.313775711279038988e-04,1.593091684800020601e-04,8.724076583210019437e-05,1.517236318419834553e-05,-5.689603946370349653e-05,-1.289644421116053488e-04,-2.010328447595072145e-04,-2.731012474074090532e-04,-3.451696500553108377e-04,-4.172380527032125137e-04,-4.356255972956144212e-04,-4.540131418880163287e-04,-4.724006864804181820e-04,-4.907882310728200895e-04,-5.091757756652218886e-04,-5.275633202576237961e-04,-5.459508648500257036e-04,-5.643384094424276111e-04,-5.827259540348295186e-04,-6.011134986272314261e-04,-6.195010432196328999e-04,-5.834833822548389851e-04,-5.474657212900452870e-04,-5.114480603252515890e-04,-4.754303993604576742e-04,-4.394127383956638678e-04,-4.033950774308701155e-04,-3.673774164660763091e-04,-3.313597555012825027e-04,-2.953420945364887504e-04,-2.593244335716949440e-04,-2.233067726069012731e-04,-2.030061569153647765e-04,-1.827055412238283070e-04,-1.624049255322918103e-04,-1.421043098407554493e-04,-1.218036941492189391e-04,-1.015030784576824696e-04,-8.120246276614597294e-05,-6.090184707460946954e-05,-4.060123138307297292e-05,-2.030061569153650001e-05,0.000000000000000000e+00,0.000000000000000000e+00,0.000000000000000000e+00,0.000000000000000000e+00,0.000000000000000000e+00,0.000000000000000000e+00,0.000000000000000000e+00,0.000000000000000000e+00,0.000000000000000000e+00,0.000000000000000000e+00,0.000000000000000000e+00,0.000000000000000000e+00,0.000000000000000000e+00,0.000000000000000000e+00,0.000000000000000000e+00,0.000000000000000000e+00,0.000000000000000000e+00,0.000000000000000000e+00,0.000000000000000000e+00,0.000000000000000000e+00,0.000000000000000000e+00,0.000000000000000000e+00,0.000000000000000000e+00,0.000000000000000000e+00,0.000000000000000000e+00,0.000000000000000000e+00,0.000000000000000000e+00,0.000000000000000000e+00,0.000000000000000000e+00,0.000000000000000000e+00,0.000000000000000000e+00,0.000000000000000000e+00,0.000000000000000000e+00,0.000000000000000000e+00,0.000000000000000000e+00,0.000000000000000000e+00,0.000000000000000000e+00,0.000000000000000000e+00,0.000000000000000000e+00,0.000000000000000000e+00,0.000000000000000000e+00,0.000000000000000000e+00,0.000000000000000000e+00,0.000000000000000000e+00,0.000000000000000000e+00
8.991427437313137495e-04,8.500756283856491201e-04,8.010085130399843822e-04,7.519413976943197528e-04,7.028742823486551234e-04,6.538071670029904940e-04,6.047400516573259730e-04,5.556729363116612351e-04,5.066058209659966057e-04,4.575387056203319221e-04,4.084715902746673469e-04,3.594044749290026632e-04,2.874341756494112345e-04,2.154638763698196974e-04,1.434935770902282144e-04,7.152327781063662305e-05,-4.470214689548802195e-07,-7.241732074854636994e-05,-1.443876200281378800e-04,-2.163579193077294171e-04,-2.883282185873209543e-04,-3.602985178669124914e-04,-4.322688171465038118e-04,-4.479407237661460527e-04,-4.636126303857880768e-04,-4.792845370054302093e-04,-4.949564436250723960e-04,-5.106283502447146912e-04,-5.263002568643567695e-04,-5.419721634839990646e-04,-5.576440701036411429e-04,-5.733159767232834381e-04,-5.889878833429256248e-04,-6.046597899625674863e-04,-5.679612722701714344e-04,-5.312627545777754909e-04,-4.945642368853793306e-04,-4.578657191929833329e-04,-4.211672015005872268e-04,-3.844686838081912833e-04,-3.477701661157952314e-04,-3.110716484233991795e-04,-2.743731307310031276e-04,-2.376746130386071028e-04,-2.009760953462111865e-04,-1.827055412238283612e-04,-1.644349871014455088e-04,-1.461644329790626564e-04,-1.278938788566799125e-04,-1.096233247342970736e-04,-9.135277061191424835e-05,-7.308221648953139597e-05,-5.481166236714853681e-05,-3.654110824476568443e-05,-1.827055412238285577e-05,0.000000000000000000e+00,0.000000000000000000e+00,0.000000000000000000e+00,0.000000000000000000e+00,0.000000000000000000e+00,0.000000000000000000e+00,0.000000000000000000e+00,0.000000000000000000e+00,0.000000000000000000e+00,0.000000000000000000e+00,0.000000000000000000e+00,0.000000000000000000e+00,0.000000000000000000e+00,0.000000000000000000e+00,0.000000000000000000e+00,0.000000000000000000e+00,0.000000000000000000e+00,0.000000000000000000e+00,0.000000000000000000e+00,0.000000000000000000e+00,0.000000000000000000e+00,0.000000000000000000e+00,0.000000000000000000e+00,0.000000000000000000e+00,0.000000000000000000e+00,0.000000000000000000e+00,0.000000000000000000e+00,0.000000000000000000e+00,0.000000000000000000e+00,0.000000000000000000e+00,0.000000000000000000e+00,0.000000000000000000e+00,0.000000000000000000e+00,0.000000000000000000e+00,0.000000000000000000e+00,0.000000000000000000e+00,0.000000000000000000e+00,0.000000000000000000e+00,0.000000000000000000e+00,0.000000000000000000e+00,0.000000000000000000e+00,0.000000000000000000e+00,0.000000000000000000e+00,0.000000000000000000e+00,0.000000000000000000e+00
8.991427437313138579e-04,8.486110918861305237e-04,7.980794400409472978e-04,7.475477881957640720e-04,6.970161363505807377e-04,6.464844845053974035e-04,5.959528326602142861e-04,5.454211808150309518e-04,4.948895289698477260e-04,4.443578771246643917e-04,3.938262252794811659e-04,3.432945734342977774e-04,2.714223775230167586e-04,1.995501816117355230e-04,1.276779857004543416e-04,5.580578978917315338e-05,-1.606640612210802127e-05,-8.793860203338924335e-05,-1.598107979446704383e-04,-2.316829938559516197e-04,-3.035551897672328012e-04,-3.754273856785139826e-04,-4.472995815897950014e-04,-4.602558502366775215e-04,-4.732121188835599875e-04,-4.861683875304424534e-04,-4.991246561773249194e-04,-5.120809248242074938e-04,-5.250371934710899597e-04,-5.379934621179724256e-04,-5.509497307648550000e-04,-5.639059994117374660e-04,-5.768622680586199319e-04,-5.898185367055021810e-04,-5.524391622855038837e-04,-5.150597878655054779e-04,-4.776804134455072347e-04,-4.403010390255090458e-04,-4.029216646055106942e-04,-3.655422901855123969e-04,-3.281629157655141537e-04,-2.907835413455158021e-04,-2.534041669255176132e-04,-2.160247925055192616e-04,-1.786454180855211540e-04,-1.624049255322919459e-04,-1.461644329790627377e-04,-1.299239404258335025e-04,-1.136834478726044299e-04,-9.744295531937522173e-05,-8.120246276614604070e-05,-6.496197021291683256e-05,-4.872147765968761087e-05,-3.248098510645840273e-05,-1.624049255322921153e-05,0.000000000000000000e+00,0.000000000000000000e+00,0.000000000000000000e+00,0.000000000000000000e+00,0.000000000000000000e+00,0.000000000000000000e+00,0.000000000000000000e+00,0.000000000000000000e+00,0.000000000000000000e+00,0.000000000000000000e+00,0.000000000000000000e+00,0.000000000000000000e+00,0.000000000000000000e+00,0.000000000000000000e+00,0.000000000000000000e+00,0.000000000000000000e+00,0.000000000000000000e+00,0.000000000000000000e+00,0.000000000000000000e+00,0.000000000000000000e+00,0.000000000000000000e+00,0.000000000000000000e+00,0.000000000000000000e+00,0.000000000000000000e+00,0.000000000000000000e+00,0.000000000000000000e+00,0.000000000000000000e+00,0.000000000000000000e+00,0.000000000000000000e+00,0.000000000000000000e+00,0.000000000000000000e+00,0.000000000000000000e+00,0.000000000000000000e+00,0.000000000000000000e+00,0.000000000000000000e+00,0.000000000000000000e+00,0.000000000000000000e+00,0.000000000000000000e+00,0.000000000000000000e+00,0.000000000000000000e+00,0.000000000000000000e+00,0.000000000000000000e+00,0.000000000000000000e+00,0.000000000000000000e+00,0.000000000000000000e+00
8.991427437313136411e-04,8.471465553866117104e-04,7.951503670419097797e-04,7.431541786972079575e-04,6.911579903525060268e-04,6.391618020078042046e-04,5.871656136631022739e-04,5.351694253184003432e-04,4.831732369736984668e-04,4.311770486289965361e-04,3.791808602842946596e-04,3.271846719395925663e-04,2.554105793966219033e-04,1.836364868536510505e-04,1.118623943106802248e-04,4.008830176770938555e-05,-3.168579077526148080e-05,-1.034598833182323336e-04,-1.752339758612032135e-04,-2.470080684041740392e-04,-3.187821609471449191e-04,-3.905562534901157448e-04,-4.623303460330864078e-04,-4.725709767072090988e-04,-4.828116073813318440e-04,-4.930522380554545891e-04,-5.032928687295774427e-04,-5.135334994037001879e-04,-5.237741300778229331e-04,-5.340147607519456783e-04,-5.442553914260684234e-04,-5.544960221001911686e-04,-5.647366527743140222e-04,-5.749772834484364421e-04,-5.369170523008360077e-04,-4.988568211532353565e-04,-4.607965900056348678e-04,-4.227363588580343250e-04,-3.846761277104337280e-04,-3.466158965628332394e-04,-3.085556654152326965e-04,-2.704954342676321537e-04,-2.324352031200316380e-04,-1.943749719724311223e-04,-1.563147408248307421e-04,-1.421043098407552053e-04,-1.278938788566796685e-04,-1.136834478726041453e-04,-9.947301688852871690e-05,-8.526258590445318010e-05,-7.105215492037767042e-05,-5.684172393630212685e-05,-4.263129295222659005e-05,-2.842086196815105326e-05,-1.421043098407553510e-05,0.000000000000000000e+00,0.000000000000000000e+00,0.000000000000000000e+00,0.000000000000000000e+00,0.000000000000000000e+00,0.000000000000000000e+00,0.000000000000000000e+00,0.000000000000000000e+00,0.000000000000000000e+00,0.000000000000000000e+00,0.000000000000000000e+00,0.000000000000000000e+00,0.000000000000000000e+00,0.000000000000000000e+00,0.000000000000000000e+00,0.000000000000000000e+00,0.000000000000000000e+00,0.000000000000000000e+00,0.000000000000000000e+00,0.000000000000000000e+00,0.000000000000000000e+00,0.000000000000000000e+00,0.000000000000000000e+00,0.000000000000000000e+00,0.000000000000000000e+00,0.000000000000000000e+00,0.000000000000000000e+00,0.000000000000000000e+00,0.000000000000000000e+00,0.000000000000000000e+00,0.000000000000000000e+00,0.000000000000000000e+00,0.000000000000000000e+00,0.000000000000000000e+00,0.000000000000000000e+00,0.000000000000000000e+00,0.000000000000000000e+00,0.000000000000000000e+00,0.000000000000000000e+00,0.000000000000000000e+00,0.000000000000000000e+00,0.000000000000000000e+00,0.000000000000000000e+00,0.000000000000000000e+00,0.000000000000000000e+00
8.991427437313137495e-04,8.456820188870931140e-04,7.922212940428725869e-04,7.387605691986521683e-04,6.852998443544315327e-04,6.318391195102111141e-04,5.783783946659906954e-04,5.249176698217700599e-04,4.714569449775494786e-04,4.179962201333289515e-04,3.645354952891084245e-04,3.110747704448877889e-04,2.393987812702274274e-04,1.677227920955669032e-04,9.604680292090633841e-05,2.437081374624581423e-05,-4.730517542841469639e-05,-1.189811646030752341e-04,-1.906571537777357447e-04,-2.623331429523962418e-04,-3.340091321270568202e-04,-4.056851213017172901e-04,-4.773611104763775975e-04,-4.848861031777406761e-04,-4.924110958791037005e-04,-4.999360885804668333e-04,-5.074610812818298577e-04,-5.149860739831929905e-04,-5.225110666845561233e-04,-5.300360593859191477e-04,-5.375610520872821721e-04,-5.450860447886451965e-04,-5.526110374900083293e-04,-5.601360301913711369e-04,-5.213949423161683486e-04,-4.826538544409655061e-04,-4.439127665657627178e-04,-4.051716786905599295e-04,-3.664305908153571412e-04,-3.276895029401544071e-04,-2.889484150649516189e-04,-2.502073271897488306e-04,-2.114662393145460694e-04,-1.727251514393432811e-04,-1.339840635641406826e-04,-1.218036941492188171e-04,-1.096233247342969246e-04,-9.744295531937503200e-05,-8.526258590445322076e-05,-7.308221648953132821e-05,-6.090184707460944921e-05,-4.872147765968755666e-05,-3.654110824476566410e-05,-2.436073882984377155e-05,-1.218036941492189255e-05,0.000000000000000000e+00,0.000000000000000000e+00,0.000000000000000000e+00,0.000000000000000000e+00,0.000000000000000000e+00,0.000000000000000000e+00,0.000000000000000000e+00,0.000000000000000000e+00,0.000000000000000000e+00,0.000000000000000000e+00,0.000000000000000000e+00,0.000000000000000000e+00,0.000000000000000000e+00,0.000000000000000000e+00,0.000000000000000000e+00,0.000000000000000000e+00,0.000000000000000000e+00,0.000000000000000000e+00,0.000000000000000000e+00,0.000000000000000000e+00,0.000000000000000000e+00,0.000000000000000000e+00,0.000000000000000000e+00,0.000000000000000000e+00,0.000000000000000000e+00,0.000000000000000000e+00,0.000000000000000000e+00,0.000000000000000000e+00,0.000000000000000000e+00,0.000000000000000000e+00,0.000000000000000000e+00,0.000000000000000000e+00,0.000000000000000000e+00,0.000000000000000000e+00,0.000000000000000000e+00,0.000000000000000000e+00,0.000000000000000000e+00,0.000000000000000000e+00,0.000000000000000000e+00,0.000000000000000000e+00,0.000000000000000000e+00,0.000000000000000000e+00,0.000000000000000000e+00,0.000000000000000000e+00,0.000000000000000000e+00
8.991427437313137495e-04,8.442174823875745176e-04,7.892922210438352857e-04,7.343669597000961622e-04,6.794416983563571471e-04,6.245164370126180236e-04,5.695911756688789001e-04,5.146659143251396682e-04,4.597406529814005447e-04,4.048153916376613128e-04,3.498901302939221893e-04,2.949648689501829031e-04,2.233869831438328431e-04,1.518090973374826747e-04,8.023121153113243846e-05,8.653325724782297127e-06,-6.292456008156789842e-05,-1.345024458879181075e-04,-2.060803316942682760e-04,-2.776582175006184986e-04,-3.492361033069686671e-04,-4.208139891133188355e-04,-4.923918749196688413e-04,-4.972012296482722533e-04,-5.020105843768755570e-04,-5.068199391054789690e-04,-5.116292938340822726e-04,-5.164386485626857931e-04,-5.212480032912890967e-04,-5.260573580198924003e-04,-5.308667127484958123e-04,-5.356760674770992244e-04,-5.404854222057026364e-04,-5.452947769343056148e-04,-5.058728323315005810e-04,-4.664508877286956015e-04,-4.270289431258905677e-04,-3.876069985230855882e-04,-3.481850539202805002e-04,-3.087631093174755207e-04,-2.693411647146704870e-04,-2.299192201118654532e-04,-1.904972755090604737e-04,-1.510753309062554399e-04,-1.116533863034506230e-04,-1.015030784576823882e-04,-9.135277061191413993e-05,-8.120246276614589162e-05,-7.105215492037771107e-05,-6.090184707460946276e-05,-5.075153922884122800e-05,-4.060123138307297969e-05,-3.045092353730473138e-05,-2.030061569153648307e-05,-1.015030784576824831e-05,0.000000000000000000e+00,0.000000000000000000e+00,0.000000000000000000e+00,0.000000000000000000e+00,0.000000000000000000e+00,0.000000000000000000e+00,0.000000000000000000e+00,0.000000000000000000e+00,0.000000000000000000e+00,0.000000000000000000e+00,0.000000000000000000e+00,0.000000000000000000e+00,0.000000000000000000e+00,0.000000000000000000e+00,0.000000000000000000e+00,0.000000000000000000e+00,0.000000000000000000e+00,0.000000000000000000e+00,0.000000000000000000e+00,0.000000000000000000e+00,0.000000000000000000e+00,0.000000000000000000e+00,0.000000000000000000e+00,0.000000000000000000e+00,0.000000000000000000e+00,0.000000000000000000e+00,0.000000000000000000e+00,0.000000000000000000e+00,0.000000000000000000e+00,0.000000000000000000e+00,0.000000000000000000e+00,0.000000000000000000e+00,0.000000000000000000e+00,0.000000000000000000e+00,0.000000000000000000e+00,0.000000000000000000e+00,0.000000000000000000e+00,0.000000000000000000e+00,0.000000000000000000e+00,0.000000000000000000e+00,0.000000000000000000e+00,0.000000000000000000e+00,0.000000000000000000e+00,0.000000000000000000e+00,0.000000000000000000e+00
8.991427437313136411e-04,8.427529458880559212e-04,7.863631480447980928e-04,7.299733502015404813e-04,6.735835523582825446e-04,6.171937545150248247e-04,5.608039566717671048e-04,5.044141588285092764e-04,4.480243609852515565e-04,3.916345631419937282e-04,3.352447652987359541e-04,2.788549674554781257e-04,2.073751850174383401e-04,1.358954025793985003e-04,6.441562014135864694e-05,-7.064162296681206427e-06,-7.854394473472110045e-05,-1.500237271727609674e-04,-2.215035096108008343e-04,-2.929832920488406470e-04,-3.644630744868805139e-04,-4.359428569249203808e-04,-5.074226393629601393e-04,-5.095163561188037222e-04,-5.116100728746474135e-04,-5.137037896304911047e-04,-5.157975063863346876e-04,-5.178912231421784872e-04,-5.199849398980220701e-04,-5.220786566538657613e-04,-5.241723734097094526e-04,-5.262660901655531439e-04,-5.283598069213968351e-04,-5.304535236772403095e-04,-4.903507223468330303e-04,-4.502479210164256969e-04,-4.101451196860184719e-04,-3.700423183556112469e-04,-3.299395170252039135e-04,-2.898367156947966343e-04,-2.497339143643894093e-04,-2.096311130339821300e-04,-1.695283117035749050e-04,-1.294255103731676258e-04,-8.932270904276057701e-05,-8.120246276614597294e-05,-7.308221648953136887e-05,-6.496197021291675124e-05,-5.684172393630221494e-05,-4.872147765968761087e-05,-4.060123138307302035e-05,-3.248098510645841628e-05,-2.436073882984380543e-05,-1.624049255322920136e-05,-8.120246276614605764e-06,0.000000000000000000e+00,0.000000000000000000e+00,0.000000000000000000e+00,0.000000000000000000e+00,0.000000000000000000e+00,0.000000000000000000e+00,0.000000000000000000e+00,0.000000000000000000e+00,0.000000000000000000e+00,0.000000000000000000e+00,0.000000000000000000e+00,0.000000000000000000e+00,0.000000000000000000e+00,0.000000000000000000e+00,0.000000000000000000e+00,0.000000000000000000e+00,0.000000000000000000e+00,0.000000000000000000e+00,0.000000000000000000e+00,0.000000000000000000e+00,0.000000000000000000e+00,0.000000000000000000e+00,0.000000000000000000e+00,0.000000000000000000e+00,0.000000000000000000e+00,0.000000000000000000e+00,0.000000000000000000e+00,0.000000000000000000e+00,0.000000000000000000e+00,0.000000000000000000e+00,0.000000000000000000e+00,0.000000000000000000e+00,0.000000000000000000e+00,0.000000000000000000e+00,0.000000000000000000e+00,0.000000000000000000e+00,0.000000000000000000e+00,0.000000000000000000e+00,0.000000000000000000e+00,0.000000000000000000e+00,0.000000000000000000e+00,0.000000000000000000e+00,0.000000000000000000e+00,0.000000000000000000e+00,0.000000000000000000e+00
8.991427437313137495e-04,8.412884093885372163e-04,7.834340750457609000e-04,7.255797407029845837e-04,6.677254063602079421e-04,6.098710720174315173e-04,5.520167376746553094e-04,4.941624033318787763e-04,4.363080689891023515e-04,3.784537346463259268e-04,3.205994003035495020e-04,2.627450659607730231e-04,1.913633868910435661e-04,1.199817078213140549e-04,4.860002875158454371e-05,-2.278165031814499458e-05,-9.416332938787450577e-05,-1.655450084576040441e-04,-2.369266875273335553e-04,-3.083083665970631207e-04,-3.796900456667926319e-04,-4.510717247365221430e-04,-5.224534038062515458e-04,-5.218314825893355163e-04,-5.212095613724193784e-04,-5.205876401555032404e-04,-5.199657189385872109e-04,-5.193437977216711814e-04,-5.187218765047551519e-04,-5.180999552878391224e-04,-5.174780340709232013e-04,-5.168561128540070633e-04,-5.162341916370909254e-04,-5.156122704201746790e-04,-4.748286123621651002e-04,-4.340449543041556297e-04,-3.932612962461460508e-04,-3.524776381881366345e-04,-3.116939801301270014e-04,-2.709103220721175852e-04,-2.301266640141080063e-04,-1.893430059560984816e-04,-1.485593478980890112e-04,-1.077756898400794729e-04,-6.699203178207019220e-05,-6.090184707460927303e-05,-5.481166236714834030e-05,-4.872147765968740758e-05,-4.263129295222651551e-05,-3.654110824476557601e-05,-3.045092353730465684e-05,-2.436073882984372412e-05,-1.827055412238278801e-05,-1.218036941492185867e-05,-6.090184707460932724e-06,0.000000000000000000e+00,0.000000000000000000e+00,0.000000000000000000e+00,0.000000000000000000e+00,0.000000000000000000e+00,0.000000000000000000e+00,0.000000000000000000e+00,0.000000000000000000e+00,0.000000000000000000e+00,0.000000000000000000e+00,0.000000000000000000e+00,0.000000000000000000e+00,0.000000000000000000e+00,0.000000000000000000e+00,0.000000000000000000e+00,0.000000000000000000e+00,0.000000000000000000e+00,0.000000000000000000e+00,0.000000000000000000e+00,0.000000000000000000e+00,0.000000000000000000e+00,0.000000000000000000e+00,0.000000000000000000e+00,0.000000000000000000e+00,0.000000000000000000e+00,0.000000000000000000e+00,0.000000000000000000e+00,0.000000000000000000e+00,0.000000000000000000e+00,0.000000000000000000e+00,0.000000000000000000e+00,0.000000000000000000e+00,0.000000000000000000e+00,0.000000000000000000e+00,0.000000000000000000e+00,0.000000000000000000e+00,0.000000000000000000e+00,0.000000000000000000e+00,0.000000000000000000e+00,0.000000000000000000e+00,0.000000000000000000e+00,0.000000000000000000e+00,0.000000000000000000e+00,0.000000000000000000e+00,0.000000000000000000e+00
8.991427437313137495e-04,8.398238728890187283e-04,7.805050020467237072e-04,7.211861312044287944e-04,6.618672603621336649e-04,6.025483895198385353e-04,5.432295186775435141e-04,4.839106478352485472e-04,4.245917769929533634e-04,3.652729061506583422e-04,3.059540353083632668e-04,2.466351644660681373e-04,1.753515887646490360e-04,1.040680130632298534e-04,3.278443736181067087e-05,-3.849913833960853880e-05,-1.097827140410277214e-04,-1.810662897424469310e-04,-2.523498654438661136e-04,-3.236334411452853233e-04,-3.949170168467045329e-04,-4.662005925481237426e-04,-5.374841682495426270e-04,-5.341466090598669851e-04,-5.308090498701912349e-04,-5.274714906805154846e-04,-5.241339314908397343e-04,-5.207963723011639840e-04,-5.174588131114882337e-04,-5.141212539218124834e-04,-5.107836947321367331e-04,-5.074461355424609828e-04,-5.041085763527852325e-04,-5.007710171631091570e-04,-4.593065023774974952e-04,-4.178419875918856709e-04,-3.763774728062739008e-04,-3.349129580206621848e-04,-2.934484432350503605e-04,-2.519839284494386445e-04,-2.105194136638269015e-04,-1.690548988782151043e-04,-1.275903840926033883e-04,-8.612586930699161819e-05,-4.466135452138012587e-05,-4.060123138307283739e-05,-3.654110824476554891e-05,-3.248098510645826043e-05,-2.842086196815100582e-05,-2.436073882984371734e-05,-2.030061569153643564e-05,-1.624049255322914377e-05,-1.218036941492185867e-05,-8.120246276614570189e-06,-4.060123138307287635e-06,0.000000000000000000e+00,0.000000000000000000e+00,0.000000000000000000e+00,0.000000000000000000e+00,0.000000000000000000e+00,0.000000000000000000e+00,0.000000000000000000e+00,0.000000000000000000e+00,0.000000000000000000e+00,0.000000000000000000e+00,0.000000000000000000e+00,0.000000000000000000e+00,0.000000000000000000e+00,0.000000000000000000e+00,0.000000000000000000e+00,0.000000000000000000e+00,0.000000000000000000e+00,0.000000000000000000e+00,0.000000000000000000e+00,0.000000000000000000e+00,0.000000000000000000e+00,0.000000000000000000e+00,0.000000000000000000e+00,0.000000000000000000e+00,0.000000000000000000e+00,0.000000000000000000e+00,0.000000000000000000e+00,0.000000000000000000e+00,0.000000000000000000e+00,0.000000000000000000e+00,0.000000000000000000e+00,0.000000000000000000e+00,0.000000000000000000e+00,0.000000000000000000e+00,0.000000000000000000e+00,0.000000000000000000e+00,0.000000000000000000e+00,0.000000000000000000e+00,0.000000000000000000e+00,0.000000000000000000e+00,0.000000000000000000e+00,0.000000000000000000e+00,0.000000000000000000e+00,0.000000000000000000e+00,0.000000000000000000e+00
8.991427437313137495e-04,8.383593363895000235e-04,7.775759290476862975e-04,7.167925217058727884e-04,6.560091143640591708e-04,5.952257070222453364e-04,5.344422996804318272e-04,4.736588923386181012e-04,4.128754849968043752e-04,3.520920776549907034e-04,2.913086703131770316e-04,2.305252629713632785e-04,1.593397906382545330e-04,8.815431830514566553e-05,1.696884597203677093e-05,-5.421662636107208301e-05,-1.254020986941809369e-04,-1.965875710272898722e-04,-2.677730433603986719e-04,-3.389585156935075259e-04,-4.101439880266164340e-04,-4.813294603597252880e-04,-5.525149326928338166e-04,-5.464617355303984540e-04,-5.404085383679630913e-04,-5.343553412055276203e-04,-5.283021440430921492e-04,-5.222489468806566781e-04,-5.161957497182212071e-04,-5.101425525557858444e-04,-5.040893553933503734e-04,-4.980361582309150107e-04,-4.919829610684794312e-04,-4.859297639060437975e-04,-4.437843923928298361e-04,-4.016390208796158205e-04,-3.594936493664018591e-04,-3.173482778531877893e-04,-2.752029063399737737e-04,-2.330575348267598394e-04,-1.909121633135457967e-04,-1.487667918003317811e-04,-1.066214202871178062e-04,-6.447604877390379055e-05,-2.233067726069007649e-05,-2.030061569153643225e-05,-1.827055412238278462e-05,-1.624049255322914038e-05,-1.421043098407551138e-05,-1.218036941492186545e-05,-1.015030784576822459e-05,-8.120246276614576965e-06,-6.090184707460932724e-06,-4.060123138307287635e-06,-2.030061569153645088e-06,0.000000000000000000e+00,0.000000000000000000e+00,0.000000000000000000e+00,0.000000000000000000e+00,0.000000000000000000e+00,0.000000000000000000e+00,0.000000000000000000e+00,0.000000000000000000e+00,0.000000000000000000e+00,0.000000000000000000e+00,0.000000000000000000e+00,0.000000000000000000e+00,0.000000000000000000e+00,0.000000000000000000e+00,0.000000000000000000e+00,0.000000000000000000e+00,0.000000000000000000e+00,0.000000000000000000e+00,0.000000000000000000e+00,0.000000000000000000e+00,0.000000000000000000e+00,0.000000000000000000e+00,0.000000000000000000e+00,0.000000000000000000e+00,0.000000000000000000e+00,0.000000000000000000e+00,0.000000000000000000e+00,0.000000000000000000e+00,0.000000000000000000e+00,0.000000000000000000e+00,0.000000000000000000e+00,0.000000000000000000e+00,0.000000000000000000e+00,0.000000000000000000e+00,0.000000000000000000e+00,0.000000000000000000e+00,0.000000000000000000e+00,0.000000000000000000e+00,0.000000000000000000e+00,0.000000000000000000e+00,0.000000000000000000e+00,0.000000000000000000e+00,0.000000000000000000e+00,0.000000000000000000e+00,0.000000000000000000e+00
8.991427437313137495e-04,8.368947998899814271e-04,7.746468560486491047e-04,7.123989122073168907e-04,6.501509683659845683e-04,5.879030245246522459e-04,5.256550806833200319e-04,4.634071368419877095e-04,4.011591930006553871e-04,3.389112491593230646e-04,2.766633053179907422e-04,2.144153614766584198e-04,1.433279925118599758e-04,7.224062354706146407e-05,1.153254582262925199e-06,-6.993411438253562722e-05,-1.410214833473341254e-04,-2.121088523121326778e-04,-2.831962212769312303e-04,-3.542835902417297827e-04,-4.253709592065283351e-04,-4.964583281713267791e-04,-5.675456971361250063e-04,-5.587768620009300313e-04,-5.500080268657348394e-04,-5.412391917305396476e-04,-5.324703565953445641e-04,-5.237015214601494807e-04,-5.149326863249543973e-04,-5.061638511897592054e-04,-4.973950160545640136e-04,-4.886261809193689302e-04,-4.798573457841737925e-04,-4.710885106489783839e-04,-4.282622824081621770e-04,-3.854360541673459159e-04,-3.426098259265296549e-04,-2.997835976857134480e-04,-2.569573694448971327e-04,-2.141311412040809259e-04,-1.713049129632646648e-04,-1.284786847224484037e-04,-8.565245648163221043e-05,-4.282622824081594936e-05,0.000000000000000000e+00,0.000000000000000000e+00,0.000000000000000000e+00,0.000000000000000000e+00,0.000000000000000000e+00,0.000000000000000000e+00,0.000000000000000000e+00,0.000000000000000000e+00,0.000000000000000000e+00,0.000000000000000000e+00,0.000000000000000000e+00,0.000000000000000000e+00,0.000000000000000000e+00,0.000000000000000000e+00,0.000000000000000000e+00,0.000000000000000000e+00,0.000000000000000000e+00,0.000000000000000000e+00,0.000000000000000000e+00,0.000000000000000000e+00,0.000000000000000000e+00,0.000000000000000000e+00,0.000000000000000000e+00,0.000000000000000000e+00,0.000000000000000000e+00,0.000000000000000000e+00,0.000000000000000000e+00,0.000000000000000000e+00,0.000000000000000000e+00,0.000000000000000000e+00,0.000000000000000000e+00,0.000000000000000000e+00,0.000000000000000000e+00,0.000000000000000000e+00,0.000000000000000000e+00,0.000000000000000000e+00,0.000000000000000000e+00,0.000000000000000000e+00,0.000000000000000000e+00,0.000000000000000000e+00,0.000000000000000000e+00,0.000000000000000000e+00,0.000000000000000000e+00,0.000000000000000000e+00,0.000000000000000000e+00,0.000000000000000000e+00,0.000000000000000000e+00,0.000000000000000000e+00,0.000000000000000000e+00,0.000000000000000000e+00,0.000000000000000000e+00,0.000000000000000000e+00,0.000000000000000000e+00,0.000000000000000000e+00,0.000000000000000000e+00,0.000000000000000000e+00
8.991427437313137495e-04,8.364000174570708924e-04,7.736572911828281437e-04,7.109145649085851781e-04,6.481718386343424294e-04,5.854291123600996807e-04,5.226863860858570405e-04,4.599436598116140749e-04,3.972009335373712720e-04,3.344582072631284691e-04,2.717154809888856120e-04,2.089727547146427548e-04,1.379499276619452022e-04,6.692710060924754109e-05,-4.095726443450157264e-06,-7.511855349614779463e-05,-1.461413805488454693e-04,-2.171642076015431304e-04,-2.881870346542407101e-04,-3.592098617069384254e-04,-4.302326887596361407e-04,-5.012555158123337476e-04,-5.722783428650310292e-04,-5.619789722488426108e-04,-5.516796016326540840e-04,-5.413802310164653403e-04,-5.310808604002769219e-04,-5.207814897840882867e-04,-5.104821191678997599e-04,-5.001827485517112331e-04,-4.898833779355225978e-04,-4.795840073193340168e-04,-4.692846367031454358e-04,-4.589852660869566379e-04,-4.172593328063241768e-04,-3.755333995256917700e-04,-3.338074662450593089e-04,-2.920815329644269021e-04,-2.503555996837943868e-04,-2.086296664031619529e-04,-1.669037331225294918e-04,-1.251777998418970308e-04,-8.345186656126462395e-05,-4.172593328063215612e-05,0.000000000000000000e+00,0.000000000000000000e+00,0.000000000000000000e+00,0.000000000000000000e+00,0.000000000000000000e+00,0.000000000000000000e+00,0.000000000000000000e+00,0.000000000000000000e+00,0.000000000000000000e+00,0.000000000000000000e+00,0.000000000000000000e+00,0.000000000000000000e+00,0.000000000000000000e+00,0.000000000000000000e+00,0.000000000000000000e+00,0.000000000000000000e+00,0.000000000000000000e+00,0.000000000000000000e+00,0.000000000000000000e+00,0.000000000000000000e+00,0.000000000000000000e+00,0.000000000000000000e+00,0.000000000000000000e+00,0.000000000000000000e+00,0.000000000000000000e+00,0.000000000000000000e+00,0.000000000000000000e+00,0.000000000000000000e+00,0.000000000000000000e+00,0.000000000000000000e+00,0.000000000000000000e+00,0.000000000000000000e+00,0.000000000000000000e+00,0.000000000000000000e+00,0.000000000000000000e+00,0.000000000000000000e+00,0.000000000000000000e+00,0.000000000000000000e+00,0.000000000000000000e+00,0.000000000000000000e+00,0.000000000000000000e+00,0.000000000000000000e+00,0.000000000000000000e+00,0.000000000000000000e+00,0.000000000000000000e+00,0.000000000000000000e+00,0.000000000000000000e+00,0.000000000000000000e+00,0.000000000000000000e+00,0.000000000000000000e+00,0.000000000000000000e+00,0.000000000000000000e+00,0.000000000000000000e+00,0.000000000000000000e+00,0.000000000000000000e+00,0.000000000000000000e+00
8.991427437313137495e-04,8.359052350241604661e-04,7.726677263170070743e-04,7.094302176098536824e-04,6.461927089027003990e-04,5.829552001955471156e-04,5.197176914883938322e-04,4.564801827812404946e-04,3.932426740740872111e-04,3.300051653669338193e-04,2.667676566597805359e-04,2.035301479526271441e-04,1.325718628120304556e-04,6.161357767143368588e-05,-9.344707469163056768e-06,-8.030299260975990784e-05,-1.512612777503566505e-04,-2.222195628909534202e-04,-2.931778480315502442e-04,-3.641361331721470682e-04,-4.350944183127438379e-04,-5.060527034533406077e-04,-5.770109885939370522e-04,-5.651810824967550819e-04,-5.533511763995731117e-04,-5.415212703023911415e-04,-5.296913642052091713e-04,-5.178614581080272011e-04,-5.060315520108451225e-04,-4.942016459136631523e-04,-4.823717398164811820e-04,-4.705418337192991576e-04,-4.587119276221171874e-04,-4.468820215249350004e-04,-4.062563832044863935e-04,-3.656307448840377325e-04,-3.250051065635890715e-04,-2.843794682431404104e-04,-2.437538299226916681e-04,-2.031281916022430612e-04,-1.625025532817943731e-04,-1.218769149613456850e-04,-8.125127664089706458e-05,-4.062563832044838321e-05,0.000000000000000000e+00,0.000000000000000000e+00,0.000000000000000000e+00,0.000000000000000000e+00,0.000000000000000000e+00,0.000000000000000000e+00,0.000000000000000000e+00,0.000000000000000000e+00,0.000000000000000000e+00,0.000000000000000000e+00,0.000000000000000000e+00,0.000000000000000000e+00,0.000000000000000000e+00,0.000000000000000000e+00,0.000000000000000000e+00,0.000000000000000000e+00,0.000000000000000000e+00,0.000000000000000000e+00,0.000000000000000000e+00,0.000000000000000000e+00,0.000000000000000000e+00,0.000000000000000000e+00,0.000000000000000000e+00,0.000000000000000000e+00,0.000000000000000000e+00,0.000000000000000000e+00,0.000000000000000000e+00,0.000000000000000000e+00,0.000000000000000000e+00,0.000000000000000000e+00,0.000000000000000000e+00,0.000000000000000000e+00,0.000000000000000000e+00,0.000000000000000000e+00,0.000000000000000000e+00,0.000000000000000000e+00,0.000000000000000000e+00,0.000000000000000000e+00,0.000000000000000000e+00,0.000000000000000000e+00,0.000000000000000000e+00,0.000000000000000000e+00,0.000000000000000000e+00,0.000000000000000000e+00,0.000000000000000000e+00,0.000000000000000000e+00,0.000000000000000000e+00,0.000000000000000000e+00,0.000000000000000000e+00,0.000000000000000000e+00,0.000000000000000000e+00,0.000000000000000000e+00,0.000000000000000000e+00,0.000000000000000000e+00,0.000000000000000000e+00,0.000000000000000000e+00
8.991427437313138579e-04,8.354104525912499314e-04,7.716781614511861133e-04,7.079458703111224036e-04,6.442135791710584770e-04,5.804812880309945505e-04,5.167489968909308408e-04,4.530167057508670226e-04,3.892844146108031503e-04,3.255521234707392780e-04,2.618198323306755140e-04,1.980875411906115875e-04,1.271937979621157904e-04,5.630005473361986455e-05,-1.459368849487603420e-05,-8.548743172337193972e-05,-1.563811749518678588e-04,-2.272749181803637643e-04,-2.981686614088597241e-04,-3.690624046373556025e-04,-4.399561478658515351e-04,-5.108498910943474677e-04,-5.817436343228430751e-04,-5.683831927446676615e-04,-5.550227511664923563e-04,-5.416623095883168343e-04,-5.283018680101415291e-04,-5.149414264319661155e-04,-5.015809848537907019e-04,-4.882205432756152883e-04,-4.748601016974399289e-04,-4.614996601192644611e-04,-4.481392185410890475e-04,-4.347787769629134712e-04,-3.952534336026486102e-04,-3.557280902423836950e-04,-3.162027468821187797e-04,-2.766774035218539729e-04,-2.371520601615890306e-04,-1.976267168013241696e-04,-1.581013734410592543e-04,-1.185760300807943662e-04,-7.905068672052951875e-05,-3.952534336026461030e-05,0.000000000000000000e+00,0.000000000000000000e+00,0.000000000000000000e+00,0.000000000000000000e+00,0.000000000000000000e+00,0.000000000000000000e+00,0.000000000000000000e+00,0.000000000000000000e+00,0.000000000000000000e+00,0.000000000000000000e+00,0.000000000000000000e+00,0.000000000000000000e+00,0.000000000000000000e+00,0.000000000000000000e+00,0.000000000000000000e+00,0.000000000000000000e+00,0.000000000000000000e+00,0.000000000000000000e+00,0.000000000000000000e+00,0.000000000000000000e+00,0.000000000000000000e+00,0.000000000000000000e+00,0.000000000000000000e+00,0.000000000000000000e+00,0.000000000000000000e+00,0.000000000000000000e+00,0.000000000000000000e+00,0.000000000000000000e+00,0.000000000000000000e+00,0.000000000000000000e+00,0.000000000000000000e+00,0.000000000000000000e+00,0.000000000000000000e+00,0.000000000000000000e+00,0.000000000000000000e+00,0.000000000000000000e+00,0.000000000000000000e+00,0.000000000000000000e+00,0.000000000000000000e+00,0.000000000000000000e+00,0.000000000000000000e+00,0.000000000000000000e+00,0.000000000000000000e+00,0.000000000000000000e+00,0.000000000000000000e+00,0.000000000000000000e+00,0.000000000000000000e+00,0.000000000000000000e+00,0.000000000000000000e+00,0.000000000000000000e+00,0.000000000000000000e+00,0.000000000000000000e+00,0.000000000000000000e+00,0.000000000000000000e+00,0.000000000000000000e+00,0.000000000000000000e+00
8.991427437313136411e-04,8.349156701583393967e-04,7.706885965853650438e-04,7.064615230123907994e-04,6.422344494394163382e-04,5.780073758664420937e-04,5.137803022934678493e-04,4.495532287204934423e-04,3.853261551475190894e-04,3.210990815745447366e-04,2.568720080015703838e-04,1.926449344285960038e-04,1.218157331122010574e-04,5.098653179580603644e-05,-1.984266952058899808e-05,-9.067187083698401227e-05,-1.615010721533790671e-04,-2.323302734697741084e-04,-3.031594747861691497e-04,-3.739886761025641368e-04,-4.448178774189592323e-04,-5.156470787353543278e-04,-5.864762800517489896e-04,-5.715853029925801326e-04,-5.566943259334113841e-04,-5.418033488742426355e-04,-5.269123718150737785e-04,-5.120213947559049215e-04,-4.971304176967360645e-04,-4.822394406375673159e-04,-4.673484635783984589e-04,-4.524574865192296019e-04,-4.375665094600608533e-04,-4.226755324008918337e-04,-3.842504840008107727e-04,-3.458254356007296575e-04,-3.074003872006485422e-04,-2.689753388005674812e-04,-2.305502904004863118e-04,-1.921252420004052508e-04,-1.537001936003241356e-04,-1.152751452002430204e-04,-7.685009680016194583e-05,-3.842504840008083061e-05,0.000000000000000000e+00,0.000000000000000000e+00,0.000000000000000000e+00,0.000000000000000000e+00,0.000000000000000000e+00,0.000000000000000000e+00,0.000000000000000000e+00,0.000000000000000000e+00,0.000000000000000000e+00,0.000000000000000000e+00,0.000000000000000000e+00,0.000000000000000000e+00,0.000000000000000000e+00,0.000000000000000000e+00,0.000000000000000000e+00,0.000000000000000000e+00,0.000000000000000000e+00,0.000000000000000000e+00,0.000000000000000000e+00,0.000000000000000000e+00,0.000000000000000000e+00,0.000000000000000000e+00,0.000000000000000000e+00,0.000000000000000000e+00,0.000000000000000000e+00,0.000000000000000000e+00,0.000000000000000000e+00,0.000000000000000000e+00,0.000000000000000000e+00,0.000000000000000000e+00,0.000000000000000000e+00,0.000000000000000000e+00,0.000000000000000000e+00,0.000000000000000000e+00,0.000000000000000000e+00,0.000000000000000000e+00,0.000000000000000000e+00,0.000000000000000000e+00,0.000000000000000000e+00,0.000000000000000000e+00,0.000000000000000000e+00,0.000000000000000000e+00,0.000000000000000000e+00,0.000000000000000000e+00,0.000000000000000000e+00,0.000000000000000000e+00,0.000000000000000000e+00,0.000000000000000000e+00,0.000000000000000000e+00,0.000000000000000000e+00,0.000000000000000000e+00,0.000000000000000000e+00,0.000000000000000000e+00,0.000000000000000000e+00,0.000000000000000000e+00,0.000000000000000000e+00
8.991427437313137495e-04,8.344208877254287535e-04,7.696990317195439744e-04,7.049771757136591953e-04,6.402553197077743077e-04,5.755334637018894202e-04,5.108116076960047495e-04,4.460897516901198619e-04,3.813678956842349202e-04,3.166460396783500868e-04,2.519241836724652535e-04,1.872023276665803117e-04,1.164376682622862973e-04,4.567300885799212702e-05,-2.509165054630204327e-05,-9.585630995059620679e-05,-1.666209693548903839e-04,-2.373856287591845609e-04,-3.081502881634787380e-04,-3.789149475677728880e-04,-4.496796069720670379e-04,-5.204442663763611879e-04,-5.912089257806549042e-04,-5.747874132404927122e-04,-5.583659007003306286e-04,-5.419443881601683282e-04,-5.255228756200061363e-04,-5.091013630798438359e-04,-4.926798505396815355e-04,-4.762583379995192893e-04,-4.598368254593570431e-04,-4.434153129191947427e-04,-4.269938003790324965e-04,-4.105722878388700877e-04,-3.732475343989728267e-04,-3.359227809590755115e-04,-2.985980275191781963e-04,-2.612732740792808811e-04,-2.239485206393835659e-04,-1.866237671994862507e-04,-1.492990137595889355e-04,-1.119742603196916203e-04,-7.464950687979435935e-05,-3.732475343989704415e-05,0.000000000000000000e+00,0.000000000000000000e+00,0.000000000000000000e+00,0.000000000000000000e+00,0.000000000000000000e+00,0.000000000000000000e+00,0.000000000000000000e+00,0.000000000000000000e+00,0.000000000000000000e+00,0.000000000000000000e+00,0.000000000000000000e+00,0.000000000000000000e+00,0.000000000000000000e+00,0.000000000000000000e+00,0.000000000000000000e+00,0.000000000000000000e+00,0.000000000000000000e+00,0.000000000000000000e+00,0.000000000000000000e+00,0.000000000000000000e+00,0.000000000000000000e+00,0.000000000000000000e+00,0.000000000000000000e+00,0.000000000000000000e+00,0.000000000000000000e+00,0.000000000000000000e+00,0.000000000000000000e+00,0.000000000000000000e+00,0.000000000000000000e+00,0.000000000000000000e+00,0.000000000000000000e+00,0.000000000000000000e+00,0.000000000000000000e+00,0.000000000000000000e+00,0.000000000000000000e+00,0.000000000000000000e+00,0.000000000000000000e+00,0.000000000000000000e+00,0.000000000000000000e+00,0.000000000000000000e+00,0.000000000000000000e+00,0.000000000000000000e+00,0.000000000000000000e+00,0.000000000000000000e+00,0.000000000000000000e+00,0.000000000000000000e+00,0.000000000000000000e+00,0.000000000000000000e+00,0.000000000000000000e+00,0.000000000000000000e+00,0.000000000000000000e+00,0.000000000000000000e+00,0.000000000000000000e+00,0.000000000000000000e+00,0.000000000000000000e+00,0.000000000000000000e+00
8.991427437313137495e-04,8.339261052925183272e-04,7.687094668537229050e-04,7.034928284149275911e-04,6.382761899761322773e-04,5.730595515373370719e-04,5.078429130985416496e-04,4.426262746597462274e-04,3.774096362209509135e-04,3.121929977821554913e-04,2.469763593433601774e-04,1.817597209045647281e-04,1.110596034123715508e-04,4.035948592017830569e-05,-3.034063157201502070e-05,-1.010407490642082929e-04,-1.717408665564015922e-04,-2.424409840485948779e-04,-3.131411015407881636e-04,-3.838412190329814223e-04,-4.545413365251747351e-04,-5.252414540173680479e-04,-5.959415715095610355e-04,-5.779895234884052917e-04,-5.600374754672497648e-04,-5.420854274460940210e-04,-5.241333794249383856e-04,-5.061813314037826418e-04,-4.882292833826270065e-04,-4.702772353614712627e-04,-4.523251873403156273e-04,-4.343731393191599920e-04,-4.164210912980043024e-04,-3.984690432768485044e-04,-3.622445847971350434e-04,-3.260201263174214740e-04,-2.897956678377079046e-04,-2.535712093579944437e-04,-2.173467508782808743e-04,-1.811222923985673591e-04,-1.448978339188538439e-04,-1.086733754391403016e-04,-7.244891695942681353e-05,-3.622445847971327124e-05,0.000000000000000000e+00,0.000000000000000000e+00,0.000000000000000000e+00,0.000000000000000000e+00,0.000000000000000000e+00,0.000000000000000000e+00,0.000000000000000000e+00,0.000000000000000000e+00,0.000000000000000000e+00,0.000000000000000000e+00,0.000000000000000000e+00,0.000000000000000000e+00,0.000000000000000000e+00,0.000000000000000000e+00,0.000000000000000000e+00,0.000000000000000000e+00,0.000000000000000000e+00,0.000000000000000000e+00,0.000000000000000000e+00,0.000000000000000000e+00,0.000000000000000000e+00,0.000000000000000000e+00,0.000000000000000000e+00,0.000000000000000000e+00,0.000000000000000000e+00,0.000000000000000000e+00,0.000000000000000000e+00,0.000000000000000000e+00,0.000000000000000000e+00,0.000000000000000000e+00,0.000000000000000000e+00,0.000000000000000000e+00,0.000000000000000000e+00,0.000000000000000000e+00,0.000000000000000000e+00,0.000000000000000000e+00,0.000000000000000000e+00,0.000000000000000000e+00,0.000000000000000000e+00,0.000000000000000000e+00,0.000000000000000000e+00,0.000000000000000000e+00,0.000000000000000000e+00,0.000000000000000000e+00,0.000000000000000000e+00,0.000000000000000000e+00,0.000000000000000000e+00,0.000000000000000000e+00,0.000000000000000000e+00,0.000000000000000000e+00,0.000000000000000000e+00,0.000000000000000000e+00,0.000000000000000000e+00,0.000000000000000000e+00,0.000000000000000000e+00,0.000000000000000000e+00
8.991427437313136411e-04,8.334313228596079010e-04,7.677199019879019440e-04,7.020084811161962039e-04,6.362970602444902469e-04,5.705856393727843983e-04,5.048742185010786582e-04,4.391627976293727012e-04,3.734513767576667985e-04,3.077399558859610041e-04,2.420285350142551014e-04,1.763171141425491715e-04,1.056815385624568584e-04,3.504596298236442337e-05,-3.558961259772797103e-05,-1.062251881778203654e-04,-1.768607637579128005e-04,-2.474963393380051678e-04,-3.181319149180975893e-04,-3.887674904981900650e-04,-4.594030660782824323e-04,-5.300386416583749080e-04,-6.006742172384670585e-04,-5.811916337363177629e-04,-5.617090502341689010e-04,-5.422264667320197138e-04,-5.227438832298706350e-04,-5.032612997277215562e-04,-4.837787162255724775e-04,-4.642961327234233987e-04,-4.448135492212742658e-04,-4.253309657191252412e-04,-4.058483822169761082e-04,-3.863657987148268668e-04,-3.512416351952972059e-04,-3.161174716757674365e-04,-2.809933081562377213e-04,-2.458691446367079520e-04,-2.107449811171781826e-04,-1.756208175976484674e-04,-1.404966540781186980e-04,-1.053724905585889558e-04,-7.024832703905925415e-05,-3.512416351952949833e-05,0.000000000000000000e+00,0.000000000000000000e+00,0.000000000000000000e+00,0.000000000000000000e+00,0.000000000000000000e+00,0.000000000000000000e+00,0.000000000000000000e+00,0.000000000000000000e+00,0.000000000000000000e+00,0.000000000000000000e+00,0.000000000000000000e+00,0.000000000000000000e+00,0.000000000000000000e+00,0.000000000000000000e+00,0.000000000000000000e+00,0.000000000000000000e+00,0.000000000000000000e+00,0.000000000000000000e+00,0.000000000000000000e+00,0.000000000000000000e+00,0.000000000000000000e+00,0.000000000000000000e+00,0.000000000000000000e+00,0.000000000000000000e+00,0.000000000000000000e+00,0.000000000000000000e+00,0.000000000000000000e+00,0.000000000000000000e+00,0.000000000000000000e+00,0.000000000000000000e+00,0.000000000000000000e+00,0.000000000000000000e+00,0.000000000000000000e+00,0.000000000000000000e+00,0.000000000000000000e+00,0.000000000000000000e+00,0.000000000000000000e+00,0.000000000000000000e+00,0.000000000000000000e+00,0.000000000000000000e+00,0.000000000000000000e+00,0.000000000000000000e+00,0.000000000000000000e+00,0.000000000000000000e+00,0.000000000000000000e+00,0.000000000000000000e+00,0.000000000000000000e+00,0.000000000000000000e+00,0.000000000000000000e+00,0.000000000000000000e+00,0.000000000000000000e+00,0.000000000000000000e+00,0.000000000000000000e+00,0.000000000000000000e+00,0.000000000000000000e+00,0.000000000000000000e+00
8.991427437313137495e-04,8.329365404266972578e-04,7.667303371220808746e-04,7.005241338174645997e-04,6.343179305128481080e-04,5.681117272082318332e-04,5.019055239036155584e-04,4.356993205989991209e-04,3.694931172943827376e-04,3.032869139897663002e-04,2.370807106851499440e-04,1.708745073805334794e-04,1.003034737125420577e-04,2.973244004455054105e-05,-4.083859362344097557e-05,-1.114096272914325057e-04,-1.819806609594240630e-04,-2.525516946274155932e-04,-3.231227282954071234e-04,-3.936937619633986535e-04,-4.642647956313901837e-04,-5.348358292993817681e-04,-6.054068629673729730e-04,-5.843937439842304508e-04,-5.633806250010880371e-04,-5.423675060179454065e-04,-5.213543870348028844e-04,-5.003412680516604706e-04,-4.793281490685178401e-04,-4.583150300853753179e-04,-4.373019111022328500e-04,-4.162887921190903820e-04,-3.952756731359477515e-04,-3.742625541528051751e-04,-3.402386855934592599e-04,-3.062148170341132364e-04,-2.721909484747673212e-04,-2.381670799154214061e-04,-2.041432113560754367e-04,-1.701193427967294944e-04,-1.360954742373835522e-04,-1.020716056780375693e-04,-6.804773711869166767e-05,-3.402386855934570509e-05,0.000000000000000000e+00,0.000000000000000000e+00,0.000000000000000000e+00,0.000000000000000000e+00,0.000000000000000000e+00,0.000000000000000000e+00,0.000000000000000000e+00,0.000000000000000000e+00,0.000000000000000000e+00,0.000000000000000000e+00,0.000000000000000000e+00,0.000000000000000000e+00,0.000000000000000000e+00,0.000000000000000000e+00,0.000000000000000000e+00,0.000000000000000000e+00,0.000000000000000000e+00,0.000000000000000000e+00,0.000000000000000000e+00,0.000000000000000000e+00,0.000000000000000000e+00,0.000000000000000000e+00,0.000000000000000000e+00,0.000000000000000000e+00,0.000000000000000000e+00,0.000000000000000000e+00,0.000000000000000000e+00,0.000000000000000000e+00,0.000000000000000000e+00,0.000000000000000000e+00,0.000000000000000000e+00,0.000000000000000000e+00,0.000000000000000000e+00,0.000000000000000000e+00,0.000000000000000000e+00,0.000000000000000000e+00,0.000000000000000000e+00,0.000000000000000000e+00,0.000000000000000000e+00,0.000000000000000000e+00,0.000000000000000000e+00,0.000000000000000000e+00,0.000000000000000000e+00,0.000000000000000000e+00,0.000000000000000000e+00,0.000000000000000000e+00,0.000000000000000000e+00,0.000000000000000000e+00,0.000000000000000000e+00,0.000000000000000000e+00,0.000000000000000000e+00,0.000000000000000000e+00,0.000000000000000000e+00,0.000000000000000000e+00,0.000000000000000000e+00,0.000000000000000000e+00
8.991427437313137495e-04,8.324417579937868315e-04,7.657407722562600220e-04,6.990397865187332124e-04,6.323388007812062945e-04,5.656378150436792681e-04,4.989368293061525669e-04,4.322358435686256490e-04,3.655348578310986226e-04,2.988338720935717588e-04,2.321328863560448950e-04,1.654319006185178958e-04,9.492540886262736534e-05,2.441891710673669939e-05,-4.608757464915396655e-05,-1.165940664050446054e-04,-1.871005581609352442e-04,-2.576070499168259102e-04,-3.281135416727166032e-04,-3.986200334286072421e-04,-4.691265251844979351e-04,-5.396330169403885197e-04,-6.101395086962789959e-04,-5.875958542321430304e-04,-5.650521997680070648e-04,-5.425085453038710993e-04,-5.199648908397352422e-04,-4.974212363755992766e-04,-4.748775819114633111e-04,-4.523339274473273997e-04,-4.297902729831914342e-04,-4.072466185190555229e-04,-3.847029640549195573e-04,-3.621593095907835375e-04,-3.292357359916214766e-04,-2.963121623924592531e-04,-2.633885887932970837e-04,-2.304650151941349686e-04,-1.975414415949727179e-04,-1.646178679958105757e-04,-1.316942943966484063e-04,-9.877072079748625054e-05,-6.584714719832410830e-05,-3.292357359916193218e-05,0.000000000000000000e+00,0.000000000000000000e+00,0.000000000000000000e+00,0.000000000000000000e+00,0.000000000000000000e+00,0.000000000000000000e+00,0.000000000000000000e+00,0.000000000000000000e+00,0.000000000000000000e+00,0.000000000000000000e+00,0.000000000000000000e+00,0.000000000000000000e+00,0.000000000000000000e+00,0.000000000000000000e+00,0.000000000000000000e+00,0.000000000000000000e+00,0.000000000000000000e+00,0.000000000000000000e+00,0.000000000000000000e+00,0.000000000000000000e+00,0.000000000000000000e+00,0.000000000000000000e+00,0.000000000000000000e+00,0.000000000000000000e+00,0.000000000000000000e+00,0.000000000000000000e+00,0.000000000000000000e+00,0.000000000000000000e+00,0.000000000000000000e+00,0.000000000000000000e+00,0.000000000000000000e+00,0.000000000000000000e+00,0.000000000000000000e+00,0.000000000000000000e+00,0.000000000000000000e+00,0.000000000000000000e+00,0.000000000000000000e+00,0.000000000000000000e+00,0.000000000000000000e+00,0.000000000000000000e+00,0.000000000000000000e+00,0.000000000000000000e+00,0.000000000000000000e+00,0.000000000000000000e+00,0.000000000000000000e+00,0.000000000000000000e+00,0.000000000000000000e+00,0.000000000000000000e+00,0.000000000000000000e+00,0.000000000000000000e+00,0.000000000000000000e+00,0.000000000000000000e+00,0.000000000000000000e+00,0.000000000000000000e+00,0.000000000000000000e+00,0.000000000000000000e+00
8.991427437313137495e-04,8.319469755608762968e-04,7.647512073904388441e-04,6.975554392200016083e-04,6.303596710495642640e-04,5.631639028791268113e-04,4.959681347086894671e-04,4.287723665382520144e-04,3.615765983678145617e-04,2.943808301973771632e-04,2.271850620269398190e-04,1.599892938565023392e-04,8.954734401271264590e-05,1.910539416892285773e-05,-5.133655567486691688e-05,-1.217785055186567186e-04,-1.922204553624465068e-04,-2.626624052062362814e-04,-3.331043550500260831e-04,-4.035463048938158848e-04,-4.739882547376056865e-04,-5.444302045813954882e-04,-6.148721544251849105e-04,-5.907979644800555015e-04,-5.667237745349263094e-04,-5.426495845897967921e-04,-5.185753946446674915e-04,-4.945012046995381910e-04,-4.704270147544087821e-04,-4.463528248092794816e-04,-4.222786348641501268e-04,-3.982044449190207721e-04,-3.741302549738913632e-04,-3.500560650287620084e-04,-3.182327863897835849e-04,-2.864095077508052156e-04,-2.545862291118268462e-04,-2.227629504728484498e-04,-1.909396718338700534e-04,-1.591163931948917111e-04,-1.272931145559132876e-04,-9.546983591693489115e-05,-6.364655727795654892e-05,-3.182327863897815927e-05,0.000000000000000000e+00,0.000000000000000000e+00,0.000000000000000000e+00,0.000000000000000000e+00,0.000000000000000000e+00,0.000000000000000000e+00,0.000000000000000000e+00,0.000000000000000000e+00,0.000000000000000000e+00,0.000000000000000000e+00,0.000000000000000000e+00,0.000000000000000000e+00,0.000000000000000000e+00,0.000000000000000000e+00,0.000000000000000000e+00,0.000000000000000000e+00,0.000000000000000000e+00,0.000000000000000000e+00,0.000000000000000000e+00,0.000000000000000000e+00,0.000000000000000000e+00,0.000000000000000000e+00,0.000000000000000000e+00,0.000000000000000000e+00,0.000000000000000000e+00,0.000000000000000000e+00,0.000000000000000000e+00,0.000000000000000000e+00,0.000000000000000000e+00,0.000000000000000000e+00,0.000000000000000000e+00,0.000000000000000000e+00,0.000000000000000000e+00,0.000000000000000000e+00,0.000000000000000000e+00,0.000000000000000000e+00,0.000000000000000000e+00,0.000000000000000000e+00,0.000000000000000000e+00,0.000000000000000000e+00,0.000000000000000000e+00,0.000000000000000000e+00,0.000000000000000000e+00,0.000000000000000000e+00,0.000000000000000000e+00,0.000000000000000000e+00,0.000000000000000000e+00,0.000000000000000000e+00,0.000000000000000000e+00,0.000000000000000000e+00,0.000000000000000000e+00,0.000000000000000000e+00,0.000000000000000000e+00,0.000000000000000000e+00,0.000000000000000000e+00,0.000000000000000000e+00
8.991427437313137495e-04,8.314521931279658705e-04,7.637616425246178831e-04,6.960710919212701126e-04,6.283805413179222336e-04,5.606899907145742462e-04,4.929994401112263672e-04,4.253088895078784883e-04,3.576183389045305009e-04,2.899277883011826219e-04,2.222372376978346887e-04,1.545466870944867284e-04,8.416927916279795356e-05,1.379187123110902963e-05,-5.658553670057988076e-05,-1.269629446322687776e-04,-1.973403525639577151e-04,-2.677177604956465983e-04,-3.380951684273355087e-04,-4.084725763590244191e-04,-4.788499842907133837e-04,-5.492273922224023483e-04,-6.196048001540908250e-04,-5.940000747279680811e-04,-5.683953493018454456e-04,-5.427906238757225933e-04,-5.171858984495998493e-04,-4.915811730234771054e-04,-4.659764475973542531e-04,-4.403717221712315092e-04,-4.147669967451087110e-04,-3.891622713189859671e-04,-3.635575458928631690e-04,-3.379528204667403709e-04,-3.072298367879458016e-04,-2.765068531091511780e-04,-2.457838694303565545e-04,-2.150608857515620123e-04,-1.843379020727673617e-04,-1.536149183939727924e-04,-1.228919347151781688e-04,-9.216895103638355886e-05,-6.144596735758898955e-05,-3.072298367879438636e-05,0.000000000000000000e+00,0.000000000000000000e+00,0.000000000000000000e+00,0.000000000000000000e+00,0.000000000000000000e+00,0.000000000000000000e+00,0.000000000000000000e+00,0.000000000000000000e+00,0.000000000000000000e+00,0.000000000000000000e+00,0.000000000000000000e+00,0.000000000000000000e+00,0.000000000000000000e+00,0.000000000000000000e+00,0.000000000000000000e+00,0.000000000000000000e+00,0.000000000000000000e+00,0.000000000000000000e+00,0.000000000000000000e+00,0.000000000000000000e+00,0.000000000000000000e+00,0.000000000000000000e+00,0.000000000000000000e+00,0.000000000000000000e+00,0.000000000000000000e+00,0.000000000000000000e+00,0.000000000000000000e+00,0.000000000000000000e+00,0.000000000000000000e+00,0.000000000000000000e+00,0.000000000000000000e+00,0.000000000000000000e+00,0.000000000000000000e+00,0.000000000000000000e+00,0.000000000000000000e+00,0.000000000000000000e+00,0.000000000000000000e+00,0.000000000000000000e+00,0.000000000000000000e+00,0.000000000000000000e+00,0.000000000000000000e+00,0.000000000000000000e+00,0.000000000000000000e+00,0.000000000000000000e+00,0.000000000000000000e+00,0.000000000000000000e+00,0.000000000000000000e+00,0.000000000000000000e+00,0.000000000000000000e+00,0.000000000000000000e+00,0.000000000000000000e+00,0.000000000000000000e+00,0.000000000000000000e+00,0.000000000000000000e+00,0.000000000000000000e+00,0.000000000000000000e+00
