1.196989475364375853e-02,1.253725241231862068e-02,1.310461007099348110e-02,1.367196772966834499e-02,1.423932538834320541e-02,1.480668304701806756e-02,1.537404070569292971e-02,1.594139836436779187e-02,1.650875602304265402e-02,1.707611368171751617e-02,1.764347134039237833e-02,1.821082899906724048e-02,1.768275510403176376e-02,1.715468120899628357e-02,1.662660731396080685e-02,1.609853341892533013e-02,1.557045952388985341e-02,1.504238562885437495e-02,1.451431173381889823e-02,1.398623783878341978e-02,1.345816394374794306e-02,1.293009004871246634e-02,1.240201615367698788e-02,1.165344500459605456e-02,1.090487385551512471e-02,1.015630270643419313e-02,9.407731557353259805e-03,8.659160408272328219e-03,7.910589259191396633e-03,7.162018110110463312e-03,6.413446961029530859e-03,5.664875811948599273e-03,4.916304662867665952e-03,4.167733513786735233e-03,3.519795767243664043e-03,2.871858020700592852e-03,2.223920274157522095e-03,1.575982527614451555e-03,9.280447810713797138e-04,2.801070345283091737e-04,-3.678307120147622337e-04,-1.015768458557833208e-03,-1.663706205100903748e-03,-2.311643951643974938e-03,-2.959581698187044828e-03,-3.499430499696163342e-03,-4.039279301205281857e-03,-4.579128102714399504e-03,-5.118976904223513681e-03,-5.658825705732631328e-03,-6.198674507241749843e-03,-6.738523308750868357e-03,-7.278372110259986871e-03,-7.818220911769105386e-03,-8.358069713278222165e-03,-8.897918514787340680e-03,-9.276100442803088264e-03,-9.654282370818837583e-03,-1.003246429883458690e-02,-1.041064622685033622e-02,-1.078882815486608554e-02,-1.116701008288183312e-02,-1.154519201089758244e-02,-1.192337393891333003e-02,-1.230155586692907761e-02,-1.267973779494482867e-02,-1.305791972296057105e-02,-1.310091755949209687e-02,-1.314391539602362269e-02,-1.318691323255514677e-02,-1.322991106908667606e-02,-1.327290890561820015e-02,-1.331590674214972597e-02,-1.335890457868125179e-02,-1.340190241521277761e-02,-1.344490025174430343e-02,-1.348789808827582926e-02,-1.353089592480734120e-02,-1.255822357147417211e-02,-1.158555121814100128e-02,-1.061287886480783219e-02,-9.640206511474663092e-03,-8.667534158141492265e-03,-7.694861804808323172e-03,-6.722189451475152344e-03,-5.749517098141983251e-03,-4.776844744808813291e-03,-3.804172391475643331e-03,-2.831500038142483345e-03,-2.574090943765893792e-03,-2.316681849389304240e-03,-2.059272755012714253e-03,-1.801863660636124700e-03,-1.544454566259534931e-03,-1.287045471882945161e-03,-1.029636377506355175e-03,-7.722272831297692002e-04,-5.148181887531793222e-04,-2.574090943765898237e-04,0.000000000000000000e+00
1.196989475364375853e-02,1.253804968262304045e-02,1.310620461160232585e-02,1.367435954058160950e-02,1.424251446956089490e-02,1.481066939854017682e-02,1.537882432751946048e-02,1.594697925649874587e-02,1.651513418547802606e-02,1.708328911445730972e-02,1.765144404343659337e-02,1.821959897241588050e-02,1.769853615262755725e-02,1.717747333283923400e-02,1.665641051305091769e-02,1.613534769326259791e-02,1.561428487347427466e-02,1.509322205368595661e-02,1.457215923389763683e-02,1.405109641410931531e-02,1.353003359432099380e-02,1.300897077453267402e-02,1.248790795474435250e-02,1.174311914248108921e-02,1.099833033021782418e-02,1.025354151795456088e-02,9.508752705691292384e-03,8.763963893428027355e-03,8.019175081164760591e-03,7.274386268901495561e-03,6.529597456638229665e-03,5.784808644374963768e-03,5.040019832111697871e-03,4.295231019848432842e-03,3.649102723647976165e-03,3.002974427447518621e-03,2.356846131247061944e-03,1.710717835046605051e-03,1.064589538846147940e-03,4.184612426456911006e-04,-2.276670535547659015e-04,-8.737953497552233915e-04,-1.519923645955679418e-03,-2.166051942156136962e-03,-2.812180238356593205e-03,-3.351147177741025090e-03,-3.890114117125455673e-03,-4.429081056509887558e-03,-4.968047995894313805e-03,-5.507014935278745256e-03,-6.045981874663177574e-03,-6.584948814047609025e-03,-7.123915753432039609e-03,-7.662882692816471060e-03,-8.201849632200901644e-03,-8.740816571585333095e-03,-9.120428157426972368e-03,-9.500039743268609907e-03,-9.879651329110247446e-03,-1.025926291495188498e-02,-1.063887450079352599e-02,-1.101848608663516353e-02,-1.139809767247679934e-02,-1.177770925831843861e-02,-1.215732084416007788e-02,-1.253693243000171542e-02,-1.291654401584334949e-02,-1.296780169563045357e-02,-1.301905937541755591e-02,-1.307031705520465825e-02,-1.312157473499176580e-02,-1.317283241477886641e-02,-1.322409009456597222e-02,-1.327534777435307456e-02,-1.332660545414017864e-02,-1.337786313392728271e-02,-1.342912081371438505e-02,-1.348037849350147525e-02,-1.256373301773468926e-02,-1.164708754196790673e-02,-1.073044206620111900e-02,-9.813796590434334735e-03,-8.897151114667550473e-03,-7.980505638900764476e-03,-7.063860163133978479e-03,-6.147214687367194216e-03,-5.230569211600409087e-03,-4.313923735833622222e-03,-3.397278260066847067e-03,-3.136165204397434961e-03,-2.875052148728023289e-03,-2.613939093058611184e-03,-2.352826037389200379e-03,-2.091712981719787839e-03,-1.830599926050376167e-03,-1.569486870380964062e-03,-1.308373814711556076e-03,-1.047260759042144404e-03,-7.861477033727326232e-04,-5.250346477033207343e-04
1.196989475364375853e-02,1.253884695292746369e-02,1.310779915221116712e-02,1.367675135149487402e-02,1.424570355077857918e-02,1.481465575006228434e-02,1.538360794934598950e-02,1.595256014862969640e-02,1.652151234791339809e-02,1.709046454719710673e-02,1.765941674648080842e-02,1.822836894576451011e-02,1.771431720122335074e-02,1.720026545668219137e-02,1.668621371214102506e-02,1.617216196759986221e-02,1.565811022305869937e-02,1.514405847851753480e-02,1.463000673397637022e-02,1.411595498943520738e-02,1.360190324489404454e-02,1.308785150035288170e-02,1.257379975581171885e-02,1.183279328036611865e-02,1.109178680492052191e-02,1.035078032947492344e-02,9.609773854029323228e-03,8.868767378583724756e-03,8.127760903138124549e-03,7.386754427692526076e-03,6.645747952246927603e-03,5.904741476801327396e-03,5.163735001355727189e-03,4.422728525910129584e-03,3.778409680052286987e-03,3.134090834194443956e-03,2.489771988336600059e-03,1.845453142478758329e-03,1.201134296620914648e-03,5.568154507630723770e-04,-8.750339509477103291e-05,-7.318222409526142259e-04,-1.376141086810456823e-03,-2.020459932668299853e-03,-2.664778778526142016e-03,-3.202863855785886404e-03,-3.740948933045630791e-03,-4.279034010305375613e-03,-4.817119087565115663e-03,-5.355204164824860051e-03,-5.893289242084604439e-03,-6.431374319344349694e-03,-6.969459396604094081e-03,-7.507544473863838469e-03,-8.045629551123582857e-03,-8.583714628383327244e-03,-8.964755872050854738e-03,-9.345797115718382231e-03,-9.726838359385909724e-03,-1.010787960305343895e-02,-1.048892084672096645e-02,-1.086996209038849394e-02,-1.125100333405602143e-02,-1.163204457772354893e-02,-1.201308582139107815e-02,-1.239412706505860565e-02,-1.277516830872612620e-02,-1.283468583176881027e-02,-1.289420335481149087e-02,-1.295372087785417320e-02,-1.301323840089685380e-02,-1.307275592393953439e-02,-1.313227344698221499e-02,-1.319179097002489733e-02,-1.325130849306757966e-02,-1.331082601611026199e-02,-1.337034353915294085e-02,-1.342986106219560757e-02,-1.256924246399520814e-02,-1.170862386579480524e-02,-1.084800526759440581e-02,-9.987386669394006378e-03,-9.126768071193603477e-03,-8.266149472993202310e-03,-7.405530874792801144e-03,-6.544912276592401712e-03,-5.684293678392000546e-03,-4.823675080191598512e-03,-3.963056481991206019e-03,-3.698239465028972228e-03,-3.433422448066738436e-03,-3.168605431104504645e-03,-2.903788414142270853e-03,-2.638971397180036628e-03,-2.374154380217803270e-03,-2.109337363255569045e-03,-1.844520346293339374e-03,-1.579703329331105365e-03,-1.314886312368871574e-03,-1.050069295406637782e-03
1.196989475364375853e-02,1.253964422323188867e-02,1.310939369282001186e-02,1.367914316240814027e-02,1.424889263199626693e-02,1.481864210158439360e-02,1.538839157117252027e-02,1.595814104076064693e-02,1.652789051034877360e-02,1.709763997993690027e-02,1.766738944952502693e-02,1.823713891911315013e-02,1.773009824981914770e-02,1.722305758052513833e-02,1.671601691123113589e-02,1.620897624193712999e-02,1.570193557264312062e-02,1.519489490334911472e-02,1.468785423405510708e-02,1.418081356476110118e-02,1.367377289546709528e-02,1.316673222617308937e-02,1.265969155687908347e-02,1.192246741825115156e-02,1.118524327962322137e-02,1.044801914099528599e-02,9.710795002367354073e-03,8.973570863739422157e-03,8.236346725111490241e-03,7.499122586483556591e-03,6.761898447855626409e-03,6.024674309227692759e-03,5.287450170599759108e-03,4.550226031971828060e-03,3.907716636456598676e-03,3.265207240941369726e-03,2.622697845426140775e-03,1.980188449910912692e-03,1.337679054395682875e-03,6.951696588804543581e-04,5.266026336522505540e-05,-5.898491321500041931e-04,-1.232358527665232493e-03,-1.874867923180461877e-03,-2.517377318695690393e-03,-3.054580533830747718e-03,-3.591783748965805042e-03,-4.128986964100862800e-03,-4.666190179235916655e-03,-5.203393394370973979e-03,-5.740596609506032171e-03,-6.277799824641089495e-03,-6.815003039776147686e-03,-7.352206254911205011e-03,-7.889409470046262335e-03,-8.426612685181319659e-03,-8.809083586674737107e-03,-9.191554488168154555e-03,-9.574025389661572003e-03,-9.956496291154989450e-03,-1.033896719264840690e-02,-1.072143809414182435e-02,-1.110390899563524179e-02,-1.148637989712865751e-02,-1.186885079862207669e-02,-1.225132170011549240e-02,-1.263379260160890465e-02,-1.270156996790716523e-02,-1.276934733420542235e-02,-1.283712470050368294e-02,-1.290490206680194180e-02,-1.297267943310020065e-02,-1.304045679939846124e-02,-1.310823416569672009e-02,-1.317601153199497895e-02,-1.324378889829323780e-02,-1.331156626459149665e-02,-1.337934363088974336e-02,-1.257475191025572703e-02,-1.177016018962171069e-02,-1.096556846898769262e-02,-1.016097674835367802e-02,-9.356385027719661684e-03,-8.551793307085643614e-03,-7.747201586451628146e-03,-6.942609865817611810e-03,-6.138018145183596341e-03,-5.333426424549578271e-03,-4.528834703915568874e-03,-4.260313725660514264e-03,-3.991792747405457920e-03,-3.723271769150401575e-03,-3.454750790895346098e-03,-3.186229812640290621e-03,-2.917708834385234276e-03,-2.649187856130177932e-03,-2.380666877875126358e-03,-2.112145899620070447e-03,-1.843624921365014753e-03,-1.575103943109958625e-03
1.196989475364375853e-02,1.254044149353630670e-02,1.311098823342885487e-02,1.368153497332140305e-02,1.425208171321395295e-02,1.482262845310649939e-02,1.539317519299904756e-02,1.596372193289159400e-02,1.653426867278414564e-02,1.710481541267669381e-02,1.767536215256924198e-02,1.824590889246178668e-02,1.774587929841494119e-02,1.724584970436808876e-02,1.674582011032124326e-02,1.624579051627439430e-02,1.574576092222754187e-02,1.524573132818069290e-02,1.474570173413384394e-02,1.424567214008699498e-02,1.374564254604014601e-02,1.324561295199329705e-02,1.274558335794644635e-02,1.201214155613618099e-02,1.127869975432591911e-02,1.054525795251565201e-02,9.811816150705384917e-03,9.078374348895119558e-03,8.344932547084852464e-03,7.611490745274587105e-03,6.878048943464321746e-03,6.144607141654056387e-03,5.411165339843789293e-03,4.677723538033524801e-03,4.037023592860909497e-03,3.396323647688294627e-03,2.755623702515679757e-03,2.114923757343065321e-03,1.474223812170449800e-03,8.335238669978349297e-04,1.928239218252199511e-04,-4.478760233473952444e-04,-1.088575968520009681e-03,-1.729275913692624985e-03,-2.369975858865238771e-03,-2.906297211875609899e-03,-3.442618564885980594e-03,-3.978939917896350854e-03,-4.515261270906718513e-03,-5.051582623917088774e-03,-5.587903976927459035e-03,-6.124225329937829296e-03,-6.660546682948201291e-03,-7.196868035958571552e-03,-7.733189388968942680e-03,-8.269510741979313809e-03,-8.653411301298619476e-03,-9.037311860617926879e-03,-9.421212419937232546e-03,-9.805112979256539948e-03,-1.018901353857584735e-02,-1.057291409789515302e-02,-1.095681465721445869e-02,-1.134071521653376782e-02,-1.172461577585307349e-02,-1.210851633517238089e-02,-1.249241689449167962e-02,-1.256845410404552020e-02,-1.264449131359935731e-02,-1.272052852315319268e-02,-1.279656573270703153e-02,-1.287260294226086690e-02,-1.294864015181470401e-02,-1.302467736136854112e-02,-1.310071457092237650e-02,-1.317675178047621534e-02,-1.325278899003005245e-02,-1.332882619958387395e-02,-1.258026135651624418e-02,-1.183169651344861094e-02,-1.108313167038097943e-02,-1.033456682731334793e-02,-9.586001984245716423e-03,-8.837437141178083183e-03,-8.088872298110451678e-03,-7.340307455042819305e-03,-6.591742611975186933e-03,-5.843177768907553693e-03,-5.094612925839928259e-03,-4.822387986292050663e-03,-4.550163046744173066e-03,-4.277938107196294602e-03,-4.005713167648417006e-03,-3.733488228100538976e-03,-3.461263288552661379e-03,-3.189038349004783349e-03,-2.916813409456909222e-03,-2.644588469909031625e-03,-2.372363530361153595e-03,-2.100138590813275564e-03
1.196989475364375853e-02,1.254123876384072647e-02,1.311258277403769615e-02,1.368392678423466756e-02,1.425527079443163724e-02,1.482661480462860691e-02,1.539795881482557832e-02,1.596930282502254800e-02,1.654064683521951767e-02,1.711199084541648735e-02,1.768333485561345703e-02,1.825467886581042323e-02,1.776166034701073468e-02,1.726864182821104265e-02,1.677562330941135063e-02,1.628260479061165861e-02,1.578958627181196658e-02,1.529656775301227283e-02,1.480354923421258254e-02,1.431053071541289051e-02,1.381751219661319849e-02,1.332449367781350646e-02,1.283147515901381097e-02,1.210181569402121390e-02,1.137215622902861857e-02,1.064249676403601630e-02,9.912837299043419231e-03,9.183177834050818694e-03,8.453518369058218157e-03,7.723858904065619355e-03,6.994199439073020552e-03,6.264539974080420015e-03,5.534880509087821213e-03,4.805221044095223278e-03,4.166330549265222054e-03,3.527440054435221264e-03,2.888549559605219606e-03,2.249659064775219250e-03,1.610768569945217592e-03,9.718780751152166940e-04,3.329875802852156870e-04,-3.059029145447855909e-04,-9.447934093747857847e-04,-1.583683904204786792e-03,-2.222574399034787148e-03,-2.758013889920471647e-03,-3.293453380806154844e-03,-3.828892871691838909e-03,-4.364332362577518637e-03,-4.899771853463201834e-03,-5.435211344348885899e-03,-5.970650835234569964e-03,-6.506090326120253162e-03,-7.041529817005938094e-03,-7.576969307891621291e-03,-8.112408798777306224e-03,-8.497739015922501846e-03,-8.883069233067697468e-03,-9.268399450212894825e-03,-9.653729667358090447e-03,-1.003905988450328780e-02,-1.042439010164848516e-02,-1.080972031879367905e-02,-1.119505053593887640e-02,-1.158038075308407203e-02,-1.196571097022926938e-02,-1.235104118737445807e-02,-1.243533824018387517e-02,-1.251963529299329053e-02,-1.260393234580270416e-02,-1.268822939861211953e-02,-1.277252645142153489e-02,-1.285682350423094852e-02,-1.294112055704036389e-02,-1.302541760984977579e-02,-1.310971466265919289e-02,-1.319401171546860652e-02,-1.327830876827800800e-02,-1.258577080277676480e-02,-1.189323283727551292e-02,-1.120069487177426625e-02,-1.050815690627302131e-02,-9.815618940771771161e-03,-9.123080975270524487e-03,-8.430543009769276078e-03,-7.738005044268028536e-03,-7.045467078766780994e-03,-6.352929113265533452e-03,-5.660391147764291114e-03,-5.384462246923591398e-03,-5.108533346082891682e-03,-4.832604445242191099e-03,-4.556675544401492250e-03,-4.280746643560791667e-03,-4.004817742720091951e-03,-3.728888841879392235e-03,-3.452959941038695989e-03,-3.177031040197996273e-03,-2.901102139357296123e-03,-2.625173238516596407e-03
1.196989475364375853e-02,1.254203603414514971e-02,1.311417731464653916e-02,1.368631859514793381e-02,1.425845987564932152e-02,1.483060115615071443e-02,1.540274243665210735e-02,1.597488371715349853e-02,1.654702499765488971e-02,1.711916627815628089e-02,1.769130755865767207e-02,1.826344883915905978e-02,1.777744139560652817e-02,1.729143395205399308e-02,1.680542650850145800e-02,1.631941906494892292e-02,1.583341162139639130e-02,1.534740417784385275e-02,1.486139673429131766e-02,1.437538929073878431e-02,1.388938184718624749e-02,1.340337440363371241e-02,1.291736696008117559e-02,1.219148983190624334e-02,1.146561270373131283e-02,1.073973557555638059e-02,1.001385844738144834e-02,9.287981319206516095e-03,8.562104191031583850e-03,7.836227062856649869e-03,7.110349934681717624e-03,6.384472806506785378e-03,5.658595678331851397e-03,4.932718550156919152e-03,4.295637505669532875e-03,3.658556461182145732e-03,3.021475416694758154e-03,2.384394372207372312e-03,1.747313327719984301e-03,1.110232283232598025e-03,4.731512387452108267e-04,-1.639298057421762628e-04,-8.010108502295627559e-04,-1.438091894716949683e-03,-2.075172939204336393e-03,-2.609730567965332960e-03,-3.144288196726330396e-03,-3.678845825487326963e-03,-4.213403454248320495e-03,-4.747961083009316630e-03,-5.282518711770313631e-03,-5.817076340531310633e-03,-6.351633969292308501e-03,-6.886191598053306370e-03,-7.420749226814302504e-03,-7.955306855575300373e-03,-8.342066730546385950e-03,-8.728826605517471526e-03,-9.115586480488557103e-03,-9.502346355459642679e-03,-9.889106230430728256e-03,-1.027586610540181383e-02,-1.066262598037289941e-02,-1.104938585534398499e-02,-1.143614573031507230e-02,-1.182290560528615614e-02,-1.220966548025723825e-02,-1.230222237632223360e-02,-1.239477927238722375e-02,-1.248733616845221564e-02,-1.257989306451720753e-02,-1.267244996058220115e-02,-1.276500685664719303e-02,-1.285756375271218666e-02,-1.295012064877717854e-02,-1.304267754484217043e-02,-1.313523444090716231e-02,-1.322779133697214379e-02,-1.259128024903728021e-02,-1.195476916110241664e-02,-1.131825807316755306e-02,-1.068174698523269121e-02,-1.004523589729782763e-02,-9.408724809362962321e-03,-8.772213721428100477e-03,-8.135702633493235164e-03,-7.499191545558372453e-03,-6.862680457623509742e-03,-6.226169369688650500e-03,-5.946536507555128664e-03,-5.666903645421607696e-03,-5.387270783288084994e-03,-5.107637921154563158e-03,-4.828005059021041323e-03,-4.548372196887519488e-03,-4.268739334753997652e-03,-3.989106472620479286e-03,-3.709473610486957451e-03,-3.429840748353435616e-03,-3.150207886219913347e-03
1.196989475364375853e-02,1.254283330444957122e-02,1.311577185525538390e-02,1.368871040606119832e-02,1.426164895686701101e-02,1.483458750767282369e-02,1.540752605847863638e-02,1.598046460928444906e-02,1.655340316009026175e-02,1.712634171089607443e-02,1.769928026170189059e-02,1.827221881250769633e-02,1.779322244420232166e-02,1.731422607589694351e-02,1.683522970759156884e-02,1.635623333928618722e-02,1.587723697098081255e-02,1.539824060267543093e-02,1.491924423437005626e-02,1.444024786606467811e-02,1.396125149775929997e-02,1.348225512945392182e-02,1.300325876114854194e-02,1.228116396979127799e-02,1.155906917843401577e-02,1.083697438707674661e-02,1.011487959571948092e-02,9.392784804362215231e-03,8.670690013004947808e-03,7.948595221647682119e-03,7.226500430290415562e-03,6.504405638933149006e-03,5.782310847575883317e-03,5.060216056218616761e-03,4.424944462073844564e-03,3.789672867929071935e-03,3.154401273784298871e-03,2.519129679639526241e-03,1.883858085494752744e-03,1.248586491349980114e-03,6.133148972052068337e-04,-2.195669693956633830e-05,-6.572282910843387513e-04,-1.292499885229112140e-03,-1.927771479373884119e-03,-2.461447246010194274e-03,-2.995123012646504646e-03,-3.528798779282815018e-03,-4.062474545919120619e-03,-4.596150312555430557e-03,-5.129826079191740495e-03,-5.663501845828051301e-03,-6.197177612464362106e-03,-6.730853379100672045e-03,-7.264529145736981115e-03,-7.798204912373291921e-03,-8.186394445170266584e-03,-8.574583977967242115e-03,-8.962773510764217647e-03,-9.350963043561193178e-03,-9.739152576358166974e-03,-1.012734210915514424e-02,-1.051553164195211977e-02,-1.090372117474909530e-02,-1.129191070754606910e-02,-1.168010024034304463e-02,-1.206828977314001669e-02,-1.216910651246058857e-02,-1.226992325178115698e-02,-1.237073999110172712e-02,-1.247155673042229899e-02,-1.257237346974286740e-02,-1.267319020906343754e-02,-1.277400694838400769e-02,-1.287482368770457783e-02,-1.297564042702514797e-02,-1.307645716634571811e-02,-1.317727390566627611e-02,-1.259678969529779910e-02,-1.201630548492932035e-02,-1.143582127456084160e-02,-1.085533706419236286e-02,-1.027485285382388411e-02,-9.694368643455403625e-03,-9.113884433086924877e-03,-8.533400222718446129e-03,-7.952916012349967381e-03,-7.372431801981488633e-03,-6.791947591613012487e-03,-6.508610768186670267e-03,-6.225273944760326313e-03,-5.941937121333981491e-03,-5.658600297907638403e-03,-5.375263474481293581e-03,-5.091926651054949626e-03,-4.808589827628606539e-03,-4.525253004202266054e-03,-4.241916180775922099e-03,-3.958579357349578144e-03,-3.675242533923234189e-03
1.196989475364375853e-02,1.254363057475399272e-02,1.311736639586422691e-02,1.369110221697446110e-02,1.426483803808469703e-02,1.483857385919493121e-02,1.541230968030516540e-02,1.598604550141539959e-02,1.655978132252563378e-02,1.713351714363586797e-02,1.770725296474610563e-02,1.828098878585633635e-02,1.780900349279811515e-02,1.733701819973989741e-02,1.686503290668167621e-02,1.639304761362345500e-02,1.592106232056523379e-02,1.544907702750701259e-02,1.497709173444879312e-02,1.450510644139057018e-02,1.403312114833234897e-02,1.356113585527412776e-02,1.308915056221590829e-02,1.237083810767630743e-02,1.165252565313671003e-02,1.093421319859711090e-02,1.021590074405751176e-02,9.497588289517910898e-03,8.779275834978311766e-03,8.060963380438712633e-03,7.342650925899113501e-03,6.624338471359514369e-03,5.906026016819912634e-03,5.187713562280313502e-03,4.554251418478155386e-03,3.920789274675996403e-03,3.287327130873837419e-03,2.653864987071679303e-03,2.020402843269519452e-03,1.386940699467360903e-03,7.534785556652017022e-04,1.200164118630427188e-04,-5.134457319391156141e-04,-1.146907875741274814e-03,-1.780370019543433147e-03,-2.313163924055056456e-03,-2.845957828566679330e-03,-3.378751733078303073e-03,-3.911545637589922478e-03,-4.444339542101546220e-03,-4.977133446613168227e-03,-5.509927351124791969e-03,-6.042721255636415711e-03,-6.575515160148039454e-03,-7.108309064659662328e-03,-7.641102969171285203e-03,-8.030722159794148954e-03,-8.420341350417014439e-03,-8.809960541039879925e-03,-9.199579731662745410e-03,-9.589198922285609161e-03,-9.978818112908474647e-03,-1.036843730353134013e-02,-1.075805649415420388e-02,-1.114767568477706937e-02,-1.153729487539993312e-02,-1.192691406602279514e-02,-1.203599064859894353e-02,-1.214506723117509193e-02,-1.225414381375123860e-02,-1.236322039632738699e-02,-1.247229697890353539e-02,-1.258137356147968205e-02,-1.269045014405582872e-02,-1.279952672663197538e-02,-1.290860330920812551e-02,-1.301767989178427218e-02,-1.312675647436041017e-02,-1.260229914155831625e-02,-1.207784180875622233e-02,-1.155338447595412668e-02,-1.102892714315203450e-02,-1.050446981034993885e-02,-9.980012477547843194e-03,-9.455555144745747542e-03,-8.931097811943653625e-03,-8.406640479141559708e-03,-7.882183146339465790e-03,-7.357725813537372740e-03,-7.070685028818207533e-03,-6.783644244099041459e-03,-6.496603459379875385e-03,-6.209562674660709311e-03,-5.922521889941543237e-03,-5.635481105222377163e-03,-5.348440320503211089e-03,-5.061399535784050219e-03,-4.774358751064883277e-03,-4.487317966345717203e-03,-4.200277181626551129e-03
1.196989475364375853e-02,1.254442784505841423e-02,1.311896093647306819e-02,1.369349402788772735e-02,1.426802711930238304e-02,1.484256021071703874e-02,1.541709330213169443e-02,1.599162639354635013e-02,1.656615948496100582e-02,1.714069257637566152e-02,1.771522566779031721e-02,1.828975875920497637e-02,1.782478454139391211e-02,1.735981032358284784e-02,1.689483610577178357e-02,1.642986188796071931e-02,1.596488767014965504e-02,1.549991345233859077e-02,1.503493923452752824e-02,1.456996501671646571e-02,1.410499079890540144e-02,1.364001658109433718e-02,1.317504236328327465e-02,1.246051224556134034e-02,1.174598212783940776e-02,1.103145201011747692e-02,1.031692189239554434e-02,9.602391774673610034e-03,8.887861656951675723e-03,8.173331539229743148e-03,7.458801421507811440e-03,6.744271303785877997e-03,6.029741186063944554e-03,5.315211068342011978e-03,4.683558374882467942e-03,4.051905681422923039e-03,3.420252987963377268e-03,2.788600294503833232e-03,2.156947601044287462e-03,1.525294907584742775e-03,8.936422141251980887e-04,2.619895206656526433e-04,-3.696631727938917179e-04,-1.001315866253436838e-03,-1.632968559712981091e-03,-2.164880602099917336e-03,-2.696792644486854015e-03,-3.228704686873790260e-03,-3.760616729260723035e-03,-4.292528771647659280e-03,-4.824440814034595959e-03,-5.356352856421532638e-03,-5.888264898808468449e-03,-6.420176941195405128e-03,-6.952088983582341807e-03,-7.484001025969277618e-03,-7.875049874418033058e-03,-8.266098722866785029e-03,-8.657147571315540469e-03,-9.048196419764297643e-03,-9.439245268213049614e-03,-9.830294116661805054e-03,-1.022134296511055876e-02,-1.061239181355931246e-02,-1.100344066200806790e-02,-1.139448951045682161e-02,-1.178553835890557185e-02,-1.190287478473730023e-02,-1.202021121056902515e-02,-1.213754763640075007e-02,-1.225488406223247673e-02,-1.237222048806419991e-02,-1.248955691389592657e-02,-1.260689333972765322e-02,-1.272422976555937640e-02,-1.284156619139110306e-02,-1.295890261722282624e-02,-1.307623904305454249e-02,-1.260780858781883514e-02,-1.213937813258312431e-02,-1.167094767734741523e-02,-1.120251722211170441e-02,-1.073408676687599532e-02,-1.026565631164028450e-02,-9.797225856404575411e-03,-9.328795401168864590e-03,-8.860364945933153769e-03,-8.391934490697442947e-03,-7.923504035461735595e-03,-7.632759289449748269e-03,-7.342014543437760943e-03,-7.051269797425772749e-03,-6.760525051413784556e-03,-6.469780305401797230e-03,-6.179035559389808169e-03,-5.888290813377820843e-03,-5.597546067365836119e-03,-5.306801321353847925e-03,-5.016056575341860599e-03,-4.725311829329871538e-03
1.196989475364375853e-02,1.254522511536283400e-02,1.312055547708191293e-02,1.369588583880099186e-02,1.427121620052006906e-02,1.484654656223914626e-02,1.542187692395822346e-02,1.599720728567730066e-02,1.657253764739637786e-02,1.714786800911545853e-02,1.772319837083453226e-02,1.829852873255361292e-02,1.784056558998970213e-02,1.738260244742579827e-02,1.692463930486189094e-02,1.646667616229798362e-02,1.600871301973407976e-02,1.555074987717017243e-02,1.509278673460626510e-02,1.463482359204235778e-02,1.417686044947845218e-02,1.371889730691454486e-02,1.326093416435063753e-02,1.255018638344636978e-02,1.183943860254210896e-02,1.112869082163784121e-02,1.041794304073357519e-02,9.707195259829309170e-03,8.996447478925041416e-03,8.285699698020773662e-03,7.574951917116508511e-03,6.864204136212241625e-03,6.153456355307975606e-03,5.442708574403709587e-03,4.812865331286778764e-03,4.183022088169847941e-03,3.553178845052916250e-03,2.923335601935986294e-03,2.293492358819054604e-03,1.663649115702123564e-03,1.033805872585192740e-03,4.039626294682615920e-04,-2.258806136486685807e-04,-8.557238567655998376e-04,-1.485567099882530119e-03,-2.016597280144779951e-03,-2.547627460407029133e-03,-3.078657640669278748e-03,-3.609687820931524894e-03,-4.140718001193774075e-03,-4.671748181456023691e-03,-5.202778361718273306e-03,-5.733808541980522921e-03,-6.264838722242772537e-03,-6.795868902505021285e-03,-7.326899082767270900e-03,-7.719377589041915427e-03,-8.111856095316559087e-03,-8.504334601591202747e-03,-8.896813107865848141e-03,-9.289291614140490067e-03,-9.681770120415135461e-03,-1.007424862668977912e-02,-1.046672713296442278e-02,-1.085920563923906644e-02,-1.125168414551371010e-02,-1.164416265178835029e-02,-1.176975892087565347e-02,-1.189535518996295491e-02,-1.202095145905025982e-02,-1.214654772813756473e-02,-1.227214399722486790e-02,-1.239774026631217108e-02,-1.252333653539947425e-02,-1.264893280448677743e-02,-1.277452907357408060e-02,-1.290012534266138378e-02,-1.302572161174867654e-02,-1.261331803407935229e-02,-1.220091445641002630e-02,-1.178851087874070031e-02,-1.137610730107137605e-02,-1.096370372340205179e-02,-1.055130014573272407e-02,-1.013889656806339808e-02,-9.726492990394072086e-03,-9.314089412724746095e-03,-8.901685835055420104e-03,-8.489282257386095848e-03,-8.194833550081286402e-03,-7.900384842776476957e-03,-7.605936135471664909e-03,-7.311487428166856331e-03,-7.017038720862045151e-03,-6.722590013557235705e-03,-6.428141306252425392e-03,-6.133692598947618549e-03,-5.839243891642809103e-03,-5.544795184337999658e-03,-5.250346477033189345e-03
1.196989475364375853e-02,1.254602238566725723e-02,1.312215001769075594e-02,1.369827764971425638e-02,1.427440528173775508e-02,1.485053291376125378e-02,1.542666054578475249e-02,1.600278817780825119e-02,1.657891580983175336e-02,1.715504344185525207e-02,1.773117107387875077e-02,1.830729870590224947e-02,1.785634663858550256e-02,1.740539457126875217e-02,1.695444250395200178e-02,1.650349043663525139e-02,1.605253836931850100e-02,1.560158630200175235e-02,1.515063423468500196e-02,1.469968216736825331e-02,1.424873010005150292e-02,1.379777803273475253e-02,1.334682596541800215e-02,1.263986052133140268e-02,1.193289507724480669e-02,1.122592963315820550e-02,1.051896418907160777e-02,9.811998744985006571e-03,9.105033300898405374e-03,8.398067856811805912e-03,7.691102412725206450e-03,6.984136968638606988e-03,6.277171524552005791e-03,5.570206080465407196e-03,4.942172287691090453e-03,4.314138494916772842e-03,3.686104702142456099e-03,3.058070909368139790e-03,2.430037116593822179e-03,1.802003323819505870e-03,1.173969531045188693e-03,5.459357382708715165e-04,-8.209805450344479297e-05,-7.101318472777617529e-04,-1.338165640052078062e-03,-1.868313958189640831e-03,-2.398462276327203817e-03,-2.928610594464766369e-03,-3.458758912602325451e-03,-3.988907230739888003e-03,-4.519055548877450555e-03,-5.049203867015013975e-03,-5.579352185152576526e-03,-6.109500503290139078e-03,-6.639648821427700763e-03,-7.169797139565264182e-03,-7.563705303665796929e-03,-7.957613467766331411e-03,-8.351521631866865025e-03,-8.745429795967398640e-03,-9.139337960067932254e-03,-9.533246124168465868e-03,-9.927154288268999482e-03,-1.032106245236953136e-02,-1.071497061647006498e-02,-1.110887878057059859e-02,-1.150278694467112874e-02,-1.163664305701401017e-02,-1.177049916935689160e-02,-1.190435528169977129e-02,-1.203821139404265272e-02,-1.217206750638553242e-02,-1.230592361872841559e-02,-1.243977973107129528e-02,-1.257363584341417498e-02,-1.270749195575705814e-02,-1.284134806809993784e-02,-1.297520418044281233e-02,-1.261882748033987117e-02,-1.226245078023693001e-02,-1.190607408013398712e-02,-1.154969738003104769e-02,-1.119332067992810653e-02,-1.083694397982516364e-02,-1.048056727972222248e-02,-1.012419057961928132e-02,-9.767813879516340156e-03,-9.411437179413398996e-03,-9.055060479310457836e-03,-8.756907810712828005e-03,-8.458755142115194706e-03,-8.160602473517561406e-03,-7.862449804919931576e-03,-7.564297136322298276e-03,-7.266144467724666711e-03,-6.967991799127033412e-03,-6.669839130529406183e-03,-6.371686461931773751e-03,-6.073533793334141319e-03,-5.775381124736509754e-03
1.196989475364375853e-02,1.253996537312852648e-02,1.311003599261329616e-02,1.368010661209806758e-02,1.425017723158283553e-02,1.482024785106760521e-02,1.539031847055237663e-02,1.596038909003714631e-02,1.653045970952191426e-02,1.710053032900668568e-02,1.767060094849145363e-02,1.824067156797622505e-02,1.781839111377130080e-02,1.739611065956637309e-02,1.697383020536145232e-02,1.655154975115652807e-02,1.612926929695160383e-02,1.570698884274667959e-02,1.528470838854175534e-02,1.486242793433683283e-02,1.444014748013190685e-02,1.401786702592698435e-02,1.359558657172205837e-02,1.289889682075204269e-02,1.220220706978202875e-02,1.150551731881200961e-02,1.080882756784199393e-02,1.011213781687197652e-02,9.415448065901962579e-03,8.718758314931945169e-03,8.022068563961929494e-03,7.325378812991912951e-03,6.628689062021894673e-03,5.931999311051879865e-03,5.313051885275339205e-03,4.694104459498797677e-03,4.075157033722255281e-03,3.456209607945714187e-03,2.837262182169172225e-03,2.218314756392631565e-03,1.599367330616089170e-03,9.804199048395474247e-04,3.614724790630063304e-04,-2.574749467135350350e-04,-8.764223724900759667e-04,-1.401165475345762758e-03,-1.925908578201449006e-03,-2.450651681057135472e-03,-2.975394783912818034e-03,-3.500137886768504934e-03,-4.024880989624190532e-03,-4.549624092479877431e-03,-5.074367195335564330e-03,-5.599110298191251230e-03,-6.123853401046937261e-03,-6.648596503902624161e-03,-7.043522420753738252e-03,-7.438448337604853210e-03,-7.833374254455969035e-03,-8.228300171307083993e-03,-8.623226088158198951e-03,-9.018152005009315644e-03,-9.413077921860427133e-03,-9.808003838711543826e-03,-1.020292975556265705e-02,-1.059785567241377548e-02,-1.099278158926488697e-02,-1.114249770166636511e-02,-1.129221381406784498e-02,-1.144192992646932312e-02,-1.159164603887080300e-02,-1.174136215127228287e-02,-1.189107826367376275e-02,-1.204079437607524089e-02,-1.219051048847671903e-02,-1.234022660087819891e-02,-1.248994271327967878e-02,-1.263965882568114998e-02,-1.232431891513682820e-02,-1.200897900459250468e-02,-1.169363909404818117e-02,-1.137829918350386112e-02,-1.106295927295953586e-02,-1.074761936241521235e-02,-1.043227945187089056e-02,-1.011693954132656705e-02,-9.801599630782243527e-03,-9.486259720237921744e-03,-9.170919809693599961e-03,-8.905598473420499664e-03,-8.640277137147397632e-03,-8.374955800874297335e-03,-8.109634464601198772e-03,-7.844313128328098475e-03,-7.578991792054997310e-03,-7.313670455781897013e-03,-7.048349119508801053e-03,-6.783027783235700756e-03,-6.517706446962600458e-03,-6.252385110689501029e-03
1.196989475364375680e-02,1.253390836058979746e-02,1.309792196753583639e-02,1.366193557448187705e-02,1.422594918142791598e-02,1.478996278837395664e-02,1.535397639531999557e-02,1.591799000226603450e-02,1.648200360921207863e-02,1.704601721615811583e-02,1.761003082310415649e-02,1.817404443005019715e-02,1.778043558895709905e-02,1.738682674786399748e-02,1.699321790677090285e-02,1.659960906567780128e-02,1.620600022458470318e-02,1.581239138349160508e-02,1.541878254239850872e-02,1.502517370130540889e-02,1.463156486021231252e-02,1.423795601911921442e-02,1.384434717802611459e-02,1.315793312017268270e-02,1.247151906231925081e-02,1.178510500446581719e-02,1.109869094661238703e-02,1.041227688875895341e-02,9.725862830905519785e-03,9.039448773052086161e-03,8.353034715198652538e-03,7.666620657345220649e-03,6.980206599491787893e-03,6.293792541638355137e-03,5.683931482859589691e-03,5.074070424080823379e-03,4.464209365302057933e-03,3.854348306523291186e-03,3.244487247744524874e-03,2.634626188965759428e-03,2.024765130186992682e-03,1.414904071408226369e-03,8.050430126294610316e-04,1.951819538506946103e-04,-4.146791049280705100e-04,-9.340169925018808892e-04,-1.453354880075691160e-03,-1.972692767649501105e-03,-2.492030655223308015e-03,-3.011368542797117961e-03,-3.530706430370927906e-03,-4.050044317944738285e-03,-4.569382205518549532e-03,-5.088720093092359044e-03,-5.608057980666168556e-03,-6.127395868239978935e-03,-6.523339537841675237e-03,-6.919283207443372406e-03,-7.315226877045069576e-03,-7.711170546646765010e-03,-8.107114216248462180e-03,-8.503057885850160216e-03,-8.899001555451854784e-03,-9.294945225053551086e-03,-9.690888894655249122e-03,-1.008683256425694716e-02,-1.048277623385863652e-02,-1.064835234631871484e-02,-1.081392845877879316e-02,-1.097950457123887148e-02,-1.114508068369894980e-02,-1.131065679615902639e-02,-1.147623290861910471e-02,-1.164180902107918303e-02,-1.180738513353926135e-02,-1.197296124599933620e-02,-1.213853735845941452e-02,-1.230411347091948417e-02,-1.202981034993378176e-02,-1.175550722894807588e-02,-1.148120410796237348e-02,-1.120690098697666934e-02,-1.093259786599096520e-02,-1.065829474500526106e-02,-1.038399162401955518e-02,-1.010968850303385277e-02,-9.835385382048146899e-03,-9.561082261062442758e-03,-9.286779140076736883e-03,-9.054289136128171323e-03,-8.821799132179604028e-03,-8.589309128231033263e-03,-8.356819124282467703e-03,-8.124329120333900409e-03,-7.891839116385331379e-03,-7.659349112436763217e-03,-7.426859108488198524e-03,-7.194369104539629495e-03,-6.961879100591063067e-03,-6.729389096642494905e-03
1.196989475364376027e-02,1.252785134805107017e-02,1.308580794245837835e-02,1.364376453686568999e-02,1.420172113127299990e-02,1.475967772568030981e-02,1.531763432008761798e-02,1.587559091449492962e-02,1.643354750890223953e-02,1.699150410330955291e-02,1.754946069771686282e-02,1.810741729212416579e-02,1.774248006414289730e-02,1.737754283616162534e-02,1.701260560818035339e-02,1.664766838019907796e-02,1.628273115221780948e-02,1.591779392423653752e-02,1.555285669625526210e-02,1.518791946827399014e-02,1.482298224029271819e-02,1.445804501231144623e-02,1.409310778433017254e-02,1.341696941959332444e-02,1.274083105485647634e-02,1.206469269011962477e-02,1.138855432538277493e-02,1.071241596064592683e-02,1.003627759590907872e-02,9.360139231172228888e-03,8.684000866435379051e-03,8.007862501698530949e-03,7.331724136961679378e-03,6.655585772224831276e-03,6.054811080443841045e-03,5.454036388662849948e-03,4.853261696881860585e-03,4.252487005100868619e-03,3.651712313319877522e-03,3.050937621538887291e-03,2.450162929757896627e-03,1.849388237976905746e-03,1.248613546195915516e-03,6.478388544149245266e-04,4.706416263393450628e-05,-4.668685096579994003e-04,-9.808011819499337473e-04,-1.494733854241867823e-03,-2.008666526533798430e-03,-2.522599198825731855e-03,-3.036531871117665714e-03,-3.550464543409599574e-03,-4.064397215701533866e-03,-4.578329887993467726e-03,-5.092262560285402452e-03,-5.606195232577336311e-03,-6.003156654929613957e-03,-6.400118077281892470e-03,-6.797079499634170116e-03,-7.194040921986448629e-03,-7.591002344338728010e-03,-7.987963766691004788e-03,-8.384925189043282434e-03,-8.781886611395561815e-03,-9.178848033747839461e-03,-9.575809456100118841e-03,-9.972770878452393017e-03,-1.015420699097106978e-02,-1.033564310348974481e-02,-1.051707921600842158e-02,-1.069851532852709834e-02,-1.087995144104577164e-02,-1.106138755356444840e-02,-1.124282366608312517e-02,-1.142425977860180020e-02,-1.160569589112047696e-02,-1.178713200363915199e-02,-1.196856811615782182e-02,-1.173530178473073879e-02,-1.150203545330365229e-02,-1.126876912187656406e-02,-1.103550279044948103e-02,-1.080223645902239453e-02,-1.056897012759530977e-02,-1.033570379616822153e-02,-1.010243746474113677e-02,-9.869171133314052005e-03,-9.635904801886967241e-03,-9.402638470459879008e-03,-9.202979798835844716e-03,-9.003321127211810423e-03,-8.803662455587772662e-03,-8.604003783963736635e-03,-8.404345112339702342e-03,-8.204686440715664580e-03,-8.005027769091628553e-03,-7.805369097467595996e-03,-7.605710425843559969e-03,-7.406051754219524809e-03,-7.206393082595489649e-03
1.196989475364375853e-02,1.252179433551233768e-02,1.307369391738091857e-02,1.362559349924949946e-02,1.417749308111808035e-02,1.472939266298666124e-02,1.528129224485524212e-02,1.583319182672382475e-02,1.638509140859240043e-02,1.693699099046098305e-02,1.748889057232956221e-02,1.804079015419814136e-02,1.770452453932869555e-02,1.736825892445925321e-02,1.703199330958980393e-02,1.669572769472035811e-02,1.635946207985090883e-02,1.602319646498146302e-02,1.568693085011201721e-02,1.535066523524256966e-02,1.501439962037312212e-02,1.467813400550367631e-02,1.434186839063423050e-02,1.367600571901396098e-02,1.301014304739369666e-02,1.234428037577343235e-02,1.167841770415316630e-02,1.101255503253290025e-02,1.034669236091263420e-02,9.680829689292368145e-03,9.014967017672102095e-03,8.349104346051836045e-03,7.683241674431569128e-03,7.017379002811303945e-03,6.425690678028088930e-03,5.834002353244873915e-03,5.242314028461658032e-03,4.650625703678443884e-03,4.058937378895228001e-03,3.467249054112012552e-03,2.875560729328796670e-03,2.283872404545581221e-03,1.692184079762366856e-03,1.100495754979151190e-03,5.088074301959367171e-04,2.799731858787139890e-07,-5.082474838241790452e-04,-1.016774940834236926e-03,-1.525302397844291013e-03,-2.033829854854348786e-03,-2.542357311864406125e-03,-3.050884768874464331e-03,-3.559412225884522538e-03,-4.067939682894579877e-03,-4.576467139904638083e-03,-5.084994596914695422e-03,-5.482973772017555279e-03,-5.880952947120415136e-03,-6.278932122223274126e-03,-6.676911297326134850e-03,-7.074890472428995575e-03,-7.472869647531854564e-03,-7.870848822634713554e-03,-8.268827997737574279e-03,-8.666807172840433268e-03,-9.064786347943293993e-03,-9.462765523046147778e-03,-9.660061635623424722e-03,-9.857357748200698197e-03,-1.005465386077797167e-02,-1.025194997335524688e-02,-1.044924608593252209e-02,-1.064654219850979730e-02,-1.084383831108707077e-02,-1.104113442366434251e-02,-1.123843053624161946e-02,-1.143572664881889293e-02,-1.163302276139616120e-02,-1.144079321952769582e-02,-1.124856367765922696e-02,-1.105633413579075984e-02,-1.086410459392229272e-02,-1.067187505205382386e-02,-1.047964551018535674e-02,-1.028741596831688962e-02,-1.009518642644842250e-02,-9.902956884579955377e-03,-9.710727342711489990e-03,-9.518497800843021134e-03,-9.351670461543518109e-03,-9.184843122244013350e-03,-9.018015782944508590e-03,-8.851188443645005566e-03,-8.684361104345502541e-03,-8.517533765045996047e-03,-8.350706425746493022e-03,-8.183879086446989998e-03,-8.017051747147486973e-03,-7.850224407847983948e-03,-7.683397068548479189e-03
1.196989475364375853e-02,1.251573732297360866e-02,1.306157989230345880e-02,1.360742246163331066e-02,1.415326503096316253e-02,1.469910760029301440e-02,1.524495016962286106e-02,1.579079273895271640e-02,1.633663530828256480e-02,1.688247787761241667e-02,1.742832044694226853e-02,1.797416301627211693e-02,1.766656901451450074e-02,1.735897501275687760e-02,1.705138101099925446e-02,1.674378700924163479e-02,1.643619300748401513e-02,1.612859900572639199e-02,1.582100500396877232e-02,1.551341100221114919e-02,1.520581700045352778e-02,1.489822299869590638e-02,1.459062899693828325e-02,1.393504201843460098e-02,1.327945503993092219e-02,1.262386806142723819e-02,1.196828108292355419e-02,1.131269410441987366e-02,1.065710712591618967e-02,1.000152014741250740e-02,9.345933168908825139e-03,8.690346190405142876e-03,8.034759211901458878e-03,7.379172233397776615e-03,6.796570275612338549e-03,6.213968317826897882e-03,5.631366360041457214e-03,5.048764402256018281e-03,4.466162444470577614e-03,3.883560486685137814e-03,3.300958528899698013e-03,2.718356571114257780e-03,2.135754613328818413e-03,1.553152655543378179e-03,9.705506977579388128e-04,4.674284560297570722e-04,-3.569378569842454640e-05,-5.388160274266058127e-04,-1.041938269154784030e-03,-1.545060510882965716e-03,-2.048182752611146969e-03,-2.551304994339329089e-03,-3.054427236067510775e-03,-3.557549477795692461e-03,-4.060671719523873714e-03,-4.563793961252055401e-03,-4.962790889105497469e-03,-5.361787816958936935e-03,-5.760784744812379003e-03,-6.159781672665821071e-03,-6.558778600519261405e-03,-6.957775528372702606e-03,-7.356772456226144674e-03,-7.755769384079585008e-03,-8.154766311933027076e-03,-8.553763239786467409e-03,-8.952760167639906008e-03,-9.165916280275777928e-03,-9.379072392911651582e-03,-9.592228505547525236e-03,-9.805384618183398890e-03,-1.001854073081927081e-02,-1.023169684345514099e-02,-1.044485295609101465e-02,-1.065800906872688657e-02,-1.087116518136276022e-02,-1.108432129399863214e-02,-1.129747740663449886e-02,-1.114628465432465111e-02,-1.099509190201480337e-02,-1.084389914970495215e-02,-1.069270639739510441e-02,-1.054151364508525493e-02,-1.039032089277540545e-02,-1.023912814046555597e-02,-1.008793538815570823e-02,-9.936742635845858748e-03,-9.785549883536009269e-03,-9.634357131226159790e-03,-9.500361124251188033e-03,-9.366365117276216276e-03,-9.232369110301244519e-03,-9.098373103326274497e-03,-8.964377096351301005e-03,-8.830381089376329248e-03,-8.696385082401357491e-03,-8.562389075426387469e-03,-8.428393068451413978e-03,-8.294397061476443955e-03,-8.160401054501470464e-03
1.196989475364375853e-02,1.250968031043487791e-02,1.304946586722599902e-02,1.358925142401712187e-02,1.412903698080824298e-02,1.466882253759936236e-02,1.520860809439048694e-02,1.574839365118160806e-02,1.628817920797272917e-02,1.682796476476385028e-02,1.736775032155497139e-02,1.790753587834608904e-02,1.762861348970029898e-02,1.734969110105449852e-02,1.707076871240870500e-02,1.679184632376291147e-02,1.651292393511711448e-02,1.623400154647131749e-02,1.595507915782552397e-02,1.567615676917973044e-02,1.539723438053393172e-02,1.511831199188813646e-02,1.483938960324233773e-02,1.419407831785524272e-02,1.354876703246814772e-02,1.290345574708104404e-02,1.225814446169394556e-02,1.161283317630684708e-02,1.096752189091974687e-02,1.032221060553264839e-02,9.676899320145548183e-03,9.031588034758451441e-03,8.386276749371351230e-03,7.740965463984254488e-03,7.167449873196589036e-03,6.593934282408924451e-03,6.020418691621259866e-03,5.446903100833594413e-03,4.873387510045929828e-03,4.299871919258266111e-03,3.726356328470600658e-03,3.152840737682936507e-03,2.579325146895272355e-03,2.005809556107607770e-03,1.432293965319943619e-03,9.345769388736383443e-04,4.368599124273328527e-04,-6.085711401897255760e-05,-5.585741404652744442e-04,-1.056291166911579611e-03,-1.554008193357884777e-03,-2.051725219804190377e-03,-2.549442246250495543e-03,-3.047159272696800709e-03,-3.544876299143105876e-03,-4.042593325589411909e-03,-4.442608006193434454e-03,-4.842622686797456999e-03,-5.242637367401479544e-03,-5.642652048005503823e-03,-6.042666728609526368e-03,-6.442681409213548913e-03,-6.842696089817571457e-03,-7.242710770421594002e-03,-7.642725451025617414e-03,-8.042740131629640826e-03,-8.442754812233660769e-03,-8.671770924928132868e-03,-8.900787037622601497e-03,-9.129803150317073596e-03,-9.358819263011545694e-03,-9.587835375706014324e-03,-9.816851488400486422e-03,-1.004586760109495679e-02,-1.027488371378942889e-02,-1.050389982648389925e-02,-1.073291593917836961e-02,-1.096193205187283477e-02,-1.085177608912160814e-02,-1.074162012637037457e-02,-1.063146416361914447e-02,-1.052130820086791610e-02,-1.041115223811668426e-02,-1.030099627536545416e-02,-1.019084031261422406e-02,-1.008068434986299222e-02,-9.970528387111762120e-03,-9.860372424360532018e-03,-9.750216461609301916e-03,-9.649051786958861426e-03,-9.547887112308424407e-03,-9.446722437657982183e-03,-9.345557763007543428e-03,-9.244393088357102939e-03,-9.143228413706662450e-03,-9.042063739056221960e-03,-8.940899064405784941e-03,-8.839734389755344451e-03,-8.738569715104903962e-03,-8.637405040454463473e-03
1.196989475364375853e-02,1.250362329789614715e-02,1.303735184214854098e-02,1.357108038640093134e-02,1.410480893065332343e-02,1.463853747490571552e-02,1.517226601915810762e-02,1.570599456341049971e-02,1.623972310766289007e-02,1.677345165191528389e-02,1.730718019616767425e-02,1.784090874042006114e-02,1.759065796488609723e-02,1.734040718935212638e-02,1.709015641381815553e-02,1.683990563828418816e-02,1.658965486275021731e-02,1.633940408721624646e-02,1.608915331168227908e-02,1.583890253614830823e-02,1.558865176061433738e-02,1.533840098508036827e-02,1.508815020954639569e-02,1.445311461727588273e-02,1.381807902500536804e-02,1.318304343273485335e-02,1.254800784046433519e-02,1.191297224819382224e-02,1.127793665592330408e-02,1.064290106365278939e-02,1.000786547138227470e-02,9.372829879111758272e-03,8.737794286841241848e-03,8.102758694570727158e-03,7.538329470780838655e-03,6.973900246990950152e-03,6.409471023201059915e-03,5.845041799411171413e-03,5.280612575621282043e-03,4.716183351831392673e-03,4.151754128041503303e-03,3.587324904251614367e-03,3.022895680461725430e-03,2.458466456671836060e-03,1.894037232881947341e-03,1.401725421717518478e-03,9.094136105530893979e-04,4.171017993886599385e-04,-7.521001177576578040e-05,-5.675218229401948061e-04,-1.059833634104623452e-03,-1.552145445269052966e-03,-2.044457256433482046e-03,-2.536769067597911126e-03,-3.029080878762340206e-03,-3.521392689926769719e-03,-3.922425123281373174e-03,-4.323457556635977930e-03,-4.724489989990582686e-03,-5.125522423345187442e-03,-5.526554856699791331e-03,-5.927587290054396087e-03,-6.328619723408999975e-03,-6.729652156763604731e-03,-7.130684590118209487e-03,-7.531717023472814243e-03,-7.932749456827413795e-03,-8.177625569580486073e-03,-8.422501682333554882e-03,-8.667377795086621955e-03,-8.912253907839694234e-03,-9.157130020592763042e-03,-9.402006133345831851e-03,-9.646882246098900660e-03,-9.891758358851969468e-03,-1.013663447160503828e-02,-1.038151058435811055e-02,-1.062638669711117242e-02,-1.055726752391856170e-02,-1.048814835072595097e-02,-1.041902917753333678e-02,-1.034991000434072606e-02,-1.028079083114811360e-02,-1.021167165795550287e-02,-1.014255248476289041e-02,-1.007343331157027969e-02,-1.000431413837766723e-02,-9.935194965185054766e-03,-9.866075791992442306e-03,-9.797742449666534820e-03,-9.729409107340627333e-03,-9.661075765014718111e-03,-9.592742422688810625e-03,-9.524409080362903138e-03,-9.456075738036995651e-03,-9.387742395711086429e-03,-9.319409053385180677e-03,-9.251075711059271456e-03,-9.182742368733363969e-03,-9.114409026407456482e-03
1.196989475364375853e-02,1.249756628535741987e-02,1.302523781707108294e-02,1.355290934878474254e-02,1.408058088049840562e-02,1.460825241221206869e-02,1.513592394392572829e-02,1.566359547563939136e-02,1.619126700735305097e-02,1.671893853906671404e-02,1.724661007078037711e-02,1.777428160249404018e-02,1.755270244007189548e-02,1.733112327764975077e-02,1.710954411522760607e-02,1.688796495280546137e-02,1.666638579038332013e-02,1.644480662796117543e-02,1.622322746553903072e-02,1.600164830311688602e-02,1.578006914069474131e-02,1.555848997827259834e-02,1.533691081585045191e-02,1.471215091669652100e-02,1.408739101754259183e-02,1.346263111838865920e-02,1.283787121923472656e-02,1.221311132008079565e-02,1.158835142092686128e-02,1.096359152177292864e-02,1.033883162261899774e-02,9.714071723465065103e-03,9.089311824311132465e-03,8.464551925157201562e-03,7.909209068365088274e-03,7.353866211572974987e-03,6.798523354780860832e-03,6.243180497988748412e-03,5.687837641196633390e-03,5.132494784404520102e-03,4.577151927612405080e-03,4.021809070820291793e-03,3.466466214028178505e-03,2.911123357236064350e-03,2.355780500443951063e-03,1.868873904561397853e-03,1.381967308678845510e-03,8.950607127962929496e-04,4.081541169137433171e-04,-7.875247896880989331e-05,-5.656590748513622363e-04,-1.052565670733915555e-03,-1.539472266616468549e-03,-2.026378862499021542e-03,-2.513285458381574102e-03,-3.000192054264127096e-03,-3.402242240369313196e-03,-3.804292426474498862e-03,-4.206342612579684961e-03,-4.608392798684871061e-03,-5.010442984790057161e-03,-5.412493170895243261e-03,-5.814543357000429361e-03,-6.216593543105615460e-03,-6.618643729210801560e-03,-7.020693915315987660e-03,-7.422744101421170290e-03,-7.683480214232838411e-03,-7.944216327044506532e-03,-8.204952439856172050e-03,-8.465688552667842773e-03,-8.726424665479508291e-03,-8.987160778291177279e-03,-9.247896891102844533e-03,-9.508633003914510051e-03,-9.769369116726179039e-03,-1.003010522953784803e-02,-1.029084134234951008e-02,-1.026275895871551873e-02,-1.023467657508152565e-02,-1.020659419144753083e-02,-1.017851180781353601e-02,-1.015042942417954466e-02,-1.012234704054554985e-02,-1.009426465691155676e-02,-1.006618227327756368e-02,-1.003809988964356886e-02,-1.001001750600957751e-02,-9.981935122375580963e-03,-9.946433112374206478e-03,-9.910931102372831994e-03,-9.875429092371455775e-03,-9.839927082370081290e-03,-9.804425072368703337e-03,-9.768923062367328852e-03,-9.733421052365952633e-03,-9.697919042364576414e-03,-9.662417032363201930e-03,-9.626915022361825711e-03,-9.591413012360449492e-03
1.196989475364375853e-02,1.249150927281869085e-02,1.301312379199362143e-02,1.353473831116855722e-02,1.405635283034348780e-02,1.457796734951841838e-02,1.509958186869335070e-02,1.562119638786828475e-02,1.614281090704321533e-02,1.666442542621814765e-02,1.718603994539307997e-02,1.770765446456801576e-02,1.751474691525769373e-02,1.732183936594737517e-02,1.712893181663706008e-02,1.693602426732673805e-02,1.674311671801642296e-02,1.655020916870610093e-02,1.635730161939578237e-02,1.616439407008546381e-02,1.597148652077514525e-02,1.577857897146482669e-02,1.558567142215450986e-02,1.497118721611715927e-02,1.435670301007981563e-02,1.374221880404246678e-02,1.312773459800511619e-02,1.251325039196776734e-02,1.189876618593041849e-02,1.128428197989306964e-02,1.066979777385572252e-02,1.005531356781837367e-02,9.440829361781023082e-03,8.826345155743675966e-03,8.280088665949337026e-03,7.733832176154998954e-03,7.187575686360660014e-03,6.641319196566324544e-03,6.095062706771983869e-03,5.548806216977646665e-03,5.002549727183307725e-03,4.456293237388969652e-03,3.910036747594630713e-03,3.363780257800293074e-03,2.817523768005955002e-03,2.336022387405278528e-03,1.854521006804602055e-03,1.373019626203924714e-03,8.915182456032519267e-04,4.100168650025750195e-04,-7.148451559810134557e-05,-5.529858961987781443e-04,-1.034487276799455052e-03,-1.515988657400131742e-03,-1.997490038000808432e-03,-2.478991418601484906e-03,-2.882059357457252349e-03,-3.285127296313019793e-03,-3.688195235168787670e-03,-4.091263174024554680e-03,-4.494331112880322991e-03,-4.897399051736090435e-03,-5.300466990591857878e-03,-5.703534929447625322e-03,-6.106602868303393633e-03,-6.509670807159161077e-03,-6.912738746014925051e-03,-7.189334858885192484e-03,-7.465930971755458181e-03,-7.742527084625723012e-03,-8.019123197495989577e-03,-8.295719310366257010e-03,-8.572315423236522708e-03,-8.848911536106788406e-03,-9.125507648977054104e-03,-9.402103761847319802e-03,-9.678699874717585500e-03,-9.955295987587845993e-03,-9.968250393512474022e-03,-9.981204799437096847e-03,-9.994159205361723142e-03,-1.000711361128634770e-02,-1.002006801721097400e-02,-1.003302242313559856e-02,-1.004597682906022485e-02,-1.005893123498484941e-02,-1.007188564090947397e-02,-1.008484004683409853e-02,-1.009779445275872309e-02,-1.009512377508187987e-02,-1.009245309740503665e-02,-1.008978241972819344e-02,-1.008711174205134849e-02,-1.008444106437450527e-02,-1.008177038669766032e-02,-1.007909970902081884e-02,-1.007642903134397389e-02,-1.007375835366712893e-02,-1.007108767599028572e-02,-1.006841699831344250e-02
1.196989475364375853e-02,1.248545226027996183e-02,1.300100976691616166e-02,1.351656727355236495e-02,1.403212478018856825e-02,1.454768228682477155e-02,1.506323979346097311e-02,1.557879730009717467e-02,1.609435480673337970e-02,1.660991231336958127e-02,1.712546982000578283e-02,1.764102732664198786e-02,1.747679139044349197e-02,1.731255545424500303e-02,1.714831951804650714e-02,1.698408358184801473e-02,1.681984764564952578e-02,1.665561170945103336e-02,1.649137577325253748e-02,1.632713983705404506e-02,1.616290390085554918e-02,1.599866796465706023e-02,1.583443202845856435e-02,1.523022351553780102e-02,1.462601500261703769e-02,1.402180648969627089e-02,1.341759797677550756e-02,1.281338946385474076e-02,1.220918095093397569e-02,1.160497243801321063e-02,1.100076392509244383e-02,1.039655541217168050e-02,9.792346899250913700e-03,9.188138386330150370e-03,8.650968263533587513e-03,8.113798140737024656e-03,7.576628017940460931e-03,7.039457895143898941e-03,6.502287772347335217e-03,5.965117649550772359e-03,5.427947526754209502e-03,4.890777403957645778e-03,4.353607281161084655e-03,3.816437158364520930e-03,3.279267035567958073e-03,2.803170870249158553e-03,2.327074704930357299e-03,1.850978539611556912e-03,1.374882374292759994e-03,8.987862089739593902e-04,4.226900436551592199e-04,-5.340612166364149243e-05,-5.295022869824420964e-04,-1.005598452301242809e-03,-1.481694617620042545e-03,-1.957790782938843149e-03,-2.361876474545191937e-03,-2.765962166151541592e-03,-3.170047857757890379e-03,-3.574133549364239600e-03,-3.978219240970588821e-03,-4.382304932576938476e-03,-4.786390624183286396e-03,-5.190476315789636051e-03,-5.594562007395985706e-03,-5.998647699002334494e-03,-6.402733390608681546e-03,-6.695189503537547424e-03,-6.987645616466410699e-03,-7.280101729395274841e-03,-7.572557842324139851e-03,-7.865013955253002259e-03,-8.157470068181866402e-03,-8.449926181110730544e-03,-8.742382294039596421e-03,-9.034838406968460564e-03,-9.327294519897324707e-03,-9.619750632826185380e-03,-9.673741828309427582e-03,-9.727733023792671518e-03,-9.781724219275915455e-03,-9.835715414759159392e-03,-9.889706610242403328e-03,-9.943697805725647265e-03,-9.997689001208891202e-03,-1.005168019669213340e-02,-1.010567139217537908e-02,-1.015966258765862128e-02,-1.021365378314186174e-02,-1.024381443778955326e-02,-1.027397509243724132e-02,-1.030413574708492763e-02,-1.033429640173261742e-02,-1.036445705638030720e-02,-1.039461771102799352e-02,-1.042477836567568157e-02,-1.045493902032336962e-02,-1.048509967497105767e-02,-1.051526032961874572e-02,-1.054542098426643378e-02
1.196989475364375853e-02,1.247939524774123107e-02,1.298889574183870188e-02,1.349839623593617616e-02,1.400789673003365043e-02,1.451739722413112471e-02,1.502689771822859552e-02,1.553639821232606980e-02,1.604589870642354060e-02,1.655539920052101488e-02,1.706489969461848916e-02,1.757440018871595996e-02,1.743883586562929369e-02,1.730327154254262742e-02,1.716770721945595768e-02,1.703214289636929141e-02,1.689657857328262514e-02,1.676101425019595886e-02,1.662544992710929259e-02,1.648988560402262632e-02,1.635432128093595658e-02,1.621875695784929031e-02,1.608319263476262057e-02,1.548925981495844102e-02,1.489532699515426148e-02,1.430139417535007673e-02,1.370746135554589545e-02,1.311352853574171591e-02,1.251959571593753290e-02,1.192566289613335162e-02,1.133173007632917034e-02,1.073779725652498733e-02,1.014386443672080605e-02,9.549931616916623039e-03,9.021847861117837999e-03,8.493764105319049490e-03,7.965680349520262715e-03,7.437596593721475073e-03,6.909512837922686564e-03,6.381429082123898922e-03,5.853345326325112147e-03,5.325261570526323637e-03,4.797177814727536863e-03,4.269094058928749220e-03,3.741010303129962012e-03,3.270319353093038145e-03,2.799628403056113844e-03,2.328937453019189543e-03,1.858246502982268712e-03,1.387555552945344411e-03,9.168646029084203276e-04,4.461736528714960268e-04,-2.451729716542827391e-05,-4.952082472023526831e-04,-9.658991972392765501e-04,-1.436590147276200959e-03,-1.841693591633131741e-03,-2.246797035990062523e-03,-2.651900480346993088e-03,-3.057003924703923653e-03,-3.462107369060854652e-03,-3.867210813417785217e-03,-4.272314257774715782e-03,-4.677417702131646780e-03,-5.082521146488577779e-03,-5.487624590845507910e-03,-5.892728035202437174e-03,-6.201044148189899761e-03,-6.509360261177362349e-03,-6.817676374164824936e-03,-7.125992487152288390e-03,-7.434308600139749243e-03,-7.742624713127212698e-03,-8.050940826114674417e-03,-8.359256939102138739e-03,-8.667573052089599592e-03,-8.975889165077063914e-03,-9.284205278064523031e-03,-9.379233263106384610e-03,-9.474261248148246189e-03,-9.569289233190107768e-03,-9.664317218231971082e-03,-9.759345203273834396e-03,-9.854373188315695975e-03,-9.949401173357557554e-03,-1.004442915839941913e-02,-1.013945714344128071e-02,-1.023448512848314229e-02,-1.032951311352500387e-02,-1.039250510049722492e-02,-1.045549708746944598e-02,-1.051848907444166530e-02,-1.058148106141388635e-02,-1.064447304838610567e-02,-1.070746503535832672e-02,-1.077045702233054777e-02,-1.083344900930276536e-02,-1.089644099627498641e-02,-1.095943298324720747e-02,-1.102242497021942678e-02
1.196989475364375853e-02,1.247049132995066596e-02,1.297108790625757513e-02,1.347168448256448603e-02,1.397228105887139173e-02,1.447287763517830263e-02,1.497347421148521179e-02,1.547407078779211749e-02,1.597466736409902666e-02,1.647526394040593756e-02,1.697586051671284499e-02,1.747645709301975589e-02,1.737429332593476775e-02,1.727212955884978307e-02,1.716996579176479493e-02,1.706780202467981025e-02,1.696563825759482558e-02,1.686347449050983743e-02,1.676131072342485623e-02,1.665914695633986808e-02,1.655698318925488341e-02,1.645481942216989873e-02,1.635265565508491059e-02,1.578446871895500953e-02,1.521628178282511193e-02,1.464809484669521086e-02,1.407990791056531153e-02,1.351172097443541047e-02,1.294353403830550940e-02,1.237534710217560834e-02,1.180716016604570727e-02,1.123897322991580794e-02,1.067078629378590687e-02,1.010259935765600581e-02,9.589802146643693417e-03,9.077004935631377558e-03,8.564207724619061698e-03,8.051410513606749308e-03,7.538613302594432582e-03,7.025816091582117590e-03,6.513018880569803465e-03,6.000221669557488473e-03,5.487424458545173481e-03,4.974627247532858489e-03,4.461830036520545231e-03,4.005300261498745233e-03,3.548770486476945235e-03,3.092240711455145671e-03,2.635710936433349576e-03,2.179181161411550011e-03,1.722651386389750881e-03,1.266121611367950883e-03,8.095918363461514266e-04,3.530620613243515369e-04,-1.034677136974474854e-04,-5.599974887192472666e-04,-9.537625084531234972e-04,-1.347527528187000053e-03,-1.741292547920876392e-03,-2.135057567654752731e-03,-2.528822587388629070e-03,-2.922587607122505843e-03,-3.316352626856381748e-03,-3.710117646590258087e-03,-4.103882666324135294e-03,-4.497647686058011199e-03,-4.891412705791885369e-03,-5.194343830559399605e-03,-5.497274955326912106e-03,-5.800206080094424607e-03,-6.103137204861937976e-03,-6.406068329629451344e-03,-6.708999454396963845e-03,-7.011930579164475479e-03,-7.314861703931988847e-03,-7.617792828699502215e-03,-7.920723953467014716e-03,-8.223655078234524615e-03,-8.329646261204371946e-03,-8.435637444174222746e-03,-8.541628627144070077e-03,-8.647619810113919142e-03,-8.753610993083764738e-03,-8.859602176053612069e-03,-8.965593359023461134e-03,-9.071584541993310200e-03,-9.177575724963159265e-03,-9.283566907933006596e-03,-9.389558090902852192e-03,-9.462362289686403541e-03,-9.535166488469953155e-03,-9.607970687253504505e-03,-9.680774886037055854e-03,-9.753579084820603734e-03,-9.826383283604155083e-03,-9.899187482387701228e-03,-9.971991681171252578e-03,-1.004479587995480219e-02,-1.011760007873835181e-02,-1.019040427752190142e-02
1.196989475364375853e-02,1.246158741216010259e-02,1.295328007067644838e-02,1.344497272919279243e-02,1.393666538770913649e-02,1.442835804622548054e-02,1.492005070474182460e-02,1.541174336325817212e-02,1.590343602177451271e-02,1.639512868029086023e-02,1.688682133880720776e-02,1.737851399732354835e-02,1.730975078624024527e-02,1.724098757515694219e-02,1.717222436407363564e-02,1.710346115299033257e-02,1.703469794190702949e-02,1.696593473082372294e-02,1.689717151974042333e-02,1.682840830865711679e-02,1.675964509757381371e-02,1.669088188649050716e-02,1.662211867540720409e-02,1.607967762295158323e-02,1.553723657049596758e-02,1.499479551804034673e-02,1.445235446558472588e-02,1.390991341312910849e-02,1.336747236067348937e-02,1.282503130821786852e-02,1.228259025576224767e-02,1.174014920330663028e-02,1.119770815085101116e-02,1.065526709839539204e-02,1.015775643216955230e-02,9.660245765943707361e-03,9.162735099717865886e-03,8.665224433492026146e-03,8.167713767266181202e-03,7.670203101040340594e-03,7.172692434814497385e-03,6.675181768588655043e-03,6.177671102362813568e-03,5.680160436136971226e-03,5.182649769911128884e-03,4.740281169904454923e-03,4.297912569897780095e-03,3.855543969891104834e-03,3.413175369884433475e-03,2.970806769877758213e-03,2.528438169871083819e-03,2.086069569864408557e-03,1.643700969857733512e-03,1.201332369851058684e-03,7.589637698443843982e-04,3.165951698377092449e-04,-6.583142527311275968e-05,-4.482580203839350895e-04,-8.306846154947573110e-04,-1.213111210605579424e-03,-1.595537805716401320e-03,-1.977964400827223867e-03,-2.360390995938045546e-03,-2.742817591048867659e-03,-3.125244186159689772e-03,-3.507670781270511885e-03,-3.890097376381332264e-03,-4.187643512928895979e-03,-4.485189649476459262e-03,-4.782735786024021676e-03,-5.080281922571585826e-03,-5.377828059119147373e-03,-5.675374195666712390e-03,-5.972920332214274805e-03,-6.270466468761837220e-03,-6.568012605309399635e-03,-6.865558741856963784e-03,-7.163104878404523597e-03,-7.280059259302359281e-03,-7.397013640200193231e-03,-7.513968021098026313e-03,-7.630922401995862865e-03,-7.747876782893695080e-03,-7.864831163791529897e-03,-7.981785544689366449e-03,-8.098739925587199531e-03,-8.215694306485030879e-03,-8.332648687382867431e-03,-8.449603068280700513e-03,-8.532219478875582158e-03,-8.614835889470460334e-03,-8.697452300065338510e-03,-8.780068710660220155e-03,-8.862685121255096596e-03,-8.945301531849978241e-03,-9.027917942444858151e-03,-9.110534353039734592e-03,-9.193150763634614503e-03,-9.275767174229494413e-03,-9.358383584824372589e-03
1.196989475364376027e-02,1.245268349436953921e-02,1.293547223509531816e-02,1.341826097582110057e-02,1.390104971654688125e-02,1.438383845727266193e-02,1.486662719799844087e-02,1.534941593872421982e-02,1.583220467945000223e-02,1.631499342017578291e-02,1.679778216090156359e-02,1.728057090162734427e-02,1.724520824654571932e-02,1.720984559146409784e-02,1.717448293638247289e-02,1.713912028130085141e-02,1.710375762621922646e-02,1.706839497113760845e-02,1.703303231605598350e-02,1.699766966097435855e-02,1.696230700589273707e-02,1.692694435081111559e-02,1.689158169572949064e-02,1.637488652694815347e-02,1.585819135816681630e-02,1.534149618938547739e-02,1.482480102060414022e-02,1.430810585182280131e-02,1.379141068304146414e-02,1.327471551426012697e-02,1.275802034547878980e-02,1.224132517669745089e-02,1.172463000791611198e-02,1.120793483913477481e-02,1.072571071769540599e-02,1.024348659625603716e-02,9.761262474816666604e-03,9.279038353377297779e-03,8.796814231937927220e-03,8.314590110498558395e-03,7.832365989059187836e-03,7.350141867619819011e-03,6.867917746180451054e-03,6.385693624741080494e-03,5.903469503301712537e-03,5.475262078310162879e-03,5.047054653318611486e-03,4.618847228327061828e-03,4.190639803335513905e-03,3.762432378343964247e-03,3.334224953352413721e-03,2.906017528360864063e-03,2.477810103369313538e-03,2.049602678377763013e-03,1.621395253386213355e-03,1.193187828394662829e-03,8.220996579068951590e-04,4.510114874191272177e-04,7.992331693135933069e-05,-2.911648535564083937e-04,-6.622530240441762807e-04,-1.033341194531944059e-03,-1.404429365019711946e-03,-1.775517535507479617e-03,-2.146605705995247720e-03,-2.517693876483015174e-03,-2.888782046970782627e-03,-3.180943195298395389e-03,-3.473104343626009019e-03,-3.765265491953621348e-03,-4.057426640281236278e-03,-4.349587788608848607e-03,-4.641748936936461803e-03,-4.933910085264075866e-03,-5.226071233591689062e-03,-5.518232381919301391e-03,-5.810393530246915454e-03,-6.102554678574525181e-03,-6.230472257400346617e-03,-6.358389836226166318e-03,-6.486307415051986019e-03,-6.614224993877808323e-03,-6.742142572703628024e-03,-6.870060151529448593e-03,-6.997977730355270029e-03,-7.125895309181088863e-03,-7.253812888006910299e-03,-7.381730466832730868e-03,-7.509648045658549702e-03,-7.602076668064759041e-03,-7.694505290470967512e-03,-7.786933912877176851e-03,-7.879362535283386190e-03,-7.971791157689596397e-03,-8.064219780095804868e-03,-8.156648402502013340e-03,-8.249077024908221811e-03,-8.341505647314430283e-03,-8.433934269720638754e-03,-8.526362892126847226e-03
1.196989475364375853e-02,1.244377957657897410e-02,1.291766439951419140e-02,1.339154922244940871e-02,1.386543404538462254e-02,1.433931886831983984e-02,1.481320369125505541e-02,1.528708851419027272e-02,1.576097333712548829e-02,1.623485816006070212e-02,1.670874298299592289e-02,1.718262780593113326e-02,1.718066570685119338e-02,1.717870360777125349e-02,1.717674150869131361e-02,1.717477940961137026e-02,1.717281731053143384e-02,1.717085521145149049e-02,1.716889311237154714e-02,1.716693101329160726e-02,1.716496891421166737e-02,1.716300681513172402e-02,1.716104471605178414e-02,1.667009543094472371e-02,1.617914614583767022e-02,1.568819686073060979e-02,1.519724757562355630e-02,1.470629829051649934e-02,1.421534900540944238e-02,1.372439972030238195e-02,1.323345043519532672e-02,1.274250115008827150e-02,1.225155186498121454e-02,1.176060257987415932e-02,1.129366500322126141e-02,1.082672742656836523e-02,1.035978984991546732e-02,9.892852273262571147e-03,9.425914696609673238e-03,8.958977119956777063e-03,8.492039543303880889e-03,8.025101966650984714e-03,7.558164389998087672e-03,7.091226813345190630e-03,6.624289236692294455e-03,6.210242986715869967e-03,5.796196736739444612e-03,5.382150486763017522e-03,4.968104236786594768e-03,4.554057986810169413e-03,4.140011736833744058e-03,3.725965486857319136e-03,3.311919236880893347e-03,2.897872986904467558e-03,2.483826736928042202e-03,2.069780486951616847e-03,1.710030741086903186e-03,1.350280995222189525e-03,9.905312493574762976e-04,6.307815034927627450e-04,2.710317576280490840e-04,-8.871798823666468548e-05,-4.484677341013779128e-04,-8.082174799660917907e-04,-1.167967225830805235e-03,-1.527716971695518679e-03,-1.887466717560231039e-03,-2.174242877667894799e-03,-2.461019037775558343e-03,-2.747795197883221453e-03,-3.034571357990885863e-03,-3.321347518098549407e-03,-3.608123678206212950e-03,-3.894899838313876927e-03,-4.181675998421540037e-03,-4.468452158529203147e-03,-4.755228318636867124e-03,-5.042004478744527632e-03,-5.180885255498333952e-03,-5.319766032252142007e-03,-5.458646809005947460e-03,-5.597527585759754648e-03,-5.736408362513561836e-03,-5.875289139267367289e-03,-6.014169916021174477e-03,-6.153050692774980797e-03,-6.291931469528787117e-03,-6.430812246282594305e-03,-6.569693023036398023e-03,-6.671933857253937658e-03,-6.774174691471478160e-03,-6.876415525689015193e-03,-6.978656359906553960e-03,-7.080897194124091860e-03,-7.183138028341630628e-03,-7.285378862559170263e-03,-7.387619696776707295e-03,-7.489860530994244328e-03,-7.592101365211783963e-03,-7.694342199429321863e-03
1.196989475364375853e-02,1.243487565878841072e-02,1.289985656393306292e-02,1.336483746907771511e-02,1.382981837422236730e-02,1.429479927936701950e-02,1.475978018451166995e-02,1.522476108965632388e-02,1.568974199480097781e-02,1.615472289994562827e-02,1.661970380509027873e-02,1.708468471023492918e-02,1.711612316715667090e-02,1.714756162407841261e-02,1.717900008100015433e-02,1.721043853792189257e-02,1.724187699484363429e-02,1.727331545176537253e-02,1.730475390868711077e-02,1.733619236560885249e-02,1.736763082253059420e-02,1.739906927945233245e-02,1.743050773637406722e-02,1.696530433494129395e-02,1.650010093350852414e-02,1.603489753207574392e-02,1.556969413064296891e-02,1.510449072921019563e-02,1.463928732777741888e-02,1.417408392634464213e-02,1.370888052491186712e-02,1.324367712347909384e-02,1.277847372204631710e-02,1.231327032061354208e-02,1.186161928874711682e-02,1.140996825688069330e-02,1.095831722501426977e-02,1.050666619314784452e-02,1.005501516128141926e-02,9.603364129414995731e-03,9.151713097548572207e-03,8.700062065682148682e-03,8.248411033815725157e-03,7.796760001949300765e-03,7.345108970082877241e-03,6.945223895121577055e-03,6.545338820160276003e-03,6.145453745198974950e-03,5.745568670237676499e-03,5.345683595276374579e-03,4.945798520315075261e-03,4.545913445353773341e-03,4.146028370392472288e-03,3.746143295431171236e-03,3.346258220469871050e-03,2.946373145508569998e-03,2.597961824266910563e-03,2.249550503025251561e-03,1.901139181783592126e-03,1.552727860541932691e-03,1.204316539300273473e-03,8.559052180586142547e-04,5.074938968169552533e-04,1.590825755752960351e-04,-1.893287456663631831e-04,-5.377400669080226181e-04,-8.861513881496810774e-04,-1.167542560037394860e-03,-1.448933731925108968e-03,-1.730324903812822859e-03,-2.011716075700536750e-03,-2.293107247588250640e-03,-2.574498419475964531e-03,-2.855889591363678422e-03,-3.137280763251392313e-03,-3.418671935139105337e-03,-3.700063107026819228e-03,-3.981454278914530950e-03,-4.131298253596324757e-03,-4.281142228278116829e-03,-4.430986202959908901e-03,-4.580830177641703575e-03,-4.730674152323494780e-03,-4.880518127005287719e-03,-5.030362101687080659e-03,-5.180206076368873598e-03,-5.330050051050665670e-03,-5.479894025732457742e-03,-5.629738000414249814e-03,-5.741791046443118010e-03,-5.853844092471986206e-03,-5.965897138500853535e-03,-6.077950184529723465e-03,-6.190003230558591661e-03,-6.302056276587458990e-03,-6.414109322616327186e-03,-6.526162368645194514e-03,-6.638215414674061843e-03,-6.750268460702929171e-03,-6.862321506731798235e-03
1.196989475364375853e-02,1.242597174099784735e-02,1.288204872835193270e-02,1.333812571570602151e-02,1.379420270306010859e-02,1.425027969041419915e-02,1.470635667776828623e-02,1.516243366512237331e-02,1.561851065247646213e-02,1.607458763983055094e-02,1.653066462718463803e-02,1.698674161453872511e-02,1.705158062746214842e-02,1.711641964038556826e-02,1.718125865330899157e-02,1.724609766623241142e-02,1.731093667915583473e-02,1.737577569207925457e-02,1.744061470500267441e-02,1.750545371792609772e-02,1.757029273084952103e-02,1.763513174377294088e-02,1.769997075669635725e-02,1.726051323893786765e-02,1.682105572117937459e-02,1.638159820342087805e-02,1.594214068566238152e-02,1.550268316790389019e-02,1.506322565014539538e-02,1.462376813238690232e-02,1.418431061462840578e-02,1.374485309686991272e-02,1.330539557911141618e-02,1.286593806135292312e-02,1.242957357427297224e-02,1.199320908719301963e-02,1.155684460011306876e-02,1.112048011303311788e-02,1.068411562595316527e-02,1.024775113887321613e-02,9.811386651793263525e-03,9.375022164713312650e-03,8.938657677633361776e-03,8.502293190553410901e-03,8.065928703473460026e-03,7.680204803527284144e-03,7.294480903581106526e-03,6.908757003634930643e-03,6.523033103688757363e-03,6.137309203742579745e-03,5.751585303796404730e-03,5.365861403850227980e-03,4.980137503904052097e-03,4.594413603957876215e-03,4.208689704011699464e-03,3.822965804065523582e-03,3.485892907446918806e-03,3.148820010828313164e-03,2.811747114209707955e-03,2.474674217591103613e-03,2.137601320972498404e-03,1.800528424353893195e-03,1.463455527735288853e-03,1.126382631116683861e-03,7.893097344980780014e-04,4.522368378794727924e-04,1.151639412608690605e-04,-1.608422424068949204e-04,-4.368484260746592672e-04,-7.128546097424225299e-04,-9.888607934101869851e-04,-1.264866977077951440e-03,-1.540873160745715245e-03,-1.816879344413479484e-03,-2.092885528081242855e-03,-2.368891711749007093e-03,-2.644897895416771765e-03,-2.920904079084533402e-03,-3.081711251694312960e-03,-3.242518424304091651e-03,-3.403325596913869475e-03,-3.564132769523649033e-03,-3.724939942133428158e-03,-3.885747114743206415e-03,-4.046554287352985106e-03,-4.207361459962763797e-03,-4.368168632572542488e-03,-4.528975805182322047e-03,-4.689782977792099870e-03,-4.811648235632297495e-03,-4.933513493472495119e-03,-5.055378751312691876e-03,-5.177244009152890368e-03,-5.299109266993088860e-03,-5.420974524833285617e-03,-5.542839782673483241e-03,-5.664705040513679131e-03,-5.786570298353876755e-03,-5.908435556194074380e-03,-6.030300814034271137e-03
1.196989475364375853e-02,1.241706782320728224e-02,1.286424089277080594e-02,1.331141396233432965e-02,1.375858703189785509e-02,1.420576010146137706e-02,1.465293317102490250e-02,1.510010624058842621e-02,1.554727931015194992e-02,1.599445237971547362e-02,1.644162544927899733e-02,1.688879851884252103e-02,1.698703808776762247e-02,1.708527765669272738e-02,1.718351722561782882e-02,1.728175679454293026e-02,1.737999636346803517e-02,1.747823593239313661e-02,1.757647550131823805e-02,1.767471507024333949e-02,1.777295463916844440e-02,1.787119420809354930e-02,1.796943377701864727e-02,1.755572214293443442e-02,1.714201050885022504e-02,1.672829887476601218e-02,1.631458724068179933e-02,1.590087560659758301e-02,1.548716397251337189e-02,1.507345233842915730e-02,1.465974070434494445e-02,1.424602907026073159e-02,1.383231743617651874e-02,1.341860580209230588e-02,1.299752785979882766e-02,1.257644991750534597e-02,1.215537197521187121e-02,1.173429403291839299e-02,1.131321609062491129e-02,1.089213814833143307e-02,1.047106020603795658e-02,1.004998226374447662e-02,9.628904321450998394e-03,9.207826379157520169e-03,8.786748436864041945e-03,8.415185711932990364e-03,8.043622987001938784e-03,7.672060262070887204e-03,7.300497537139838226e-03,6.928934812208786646e-03,6.557372087277735066e-03,6.185809362346684354e-03,5.814246637415632774e-03,5.442683912484579459e-03,5.071121187553528746e-03,4.699558462622477166e-03,4.373823990626925749e-03,4.048089518631375200e-03,3.722355046635824651e-03,3.396620574640274969e-03,3.070886102644723552e-03,2.745151630649173002e-03,2.419417158653622453e-03,2.093682686658071036e-03,1.767948214662520921e-03,1.442213742666970371e-03,1.116479270671420039e-03,8.458580752236063201e-04,5.752368797757917342e-04,3.046156843279771483e-04,3.399448888016299609e-05,-2.366267065676512646e-04,-5.072479020154658505e-04,-7.778690974632803280e-04,-1.048490292911094263e-03,-1.319111488358908632e-03,-1.589732683806723218e-03,-1.860353879254535853e-03,-2.032124249792301163e-03,-2.203894620330065605e-03,-2.375664990867830482e-03,-2.547435361405595358e-03,-2.719205731943360235e-03,-2.890976102481125545e-03,-3.062746473018889987e-03,-3.234516843556655297e-03,-3.406287214094419306e-03,-3.578057584632184616e-03,-3.749827955169949059e-03,-3.881505424821476112e-03,-4.013182894473003165e-03,-4.144860364124530218e-03,-4.276537833776057271e-03,-4.408215303427585191e-03,-4.539892773079112244e-03,-4.671570242730639297e-03,-4.803247712382164615e-03,-4.934925182033691668e-03,-5.066602651685219588e-03,-5.198280121336745774e-03
1.196989475364375853e-02,1.240816390541671886e-02,1.284643305718967746e-02,1.328470220896263779e-02,1.372297136073559812e-02,1.416124051250855671e-02,1.459950966428151531e-02,1.503777881605447564e-02,1.547604796782743597e-02,1.591431711960039630e-02,1.635258627137335663e-02,1.679085542314631349e-02,1.692249554807310347e-02,1.705413567299988303e-02,1.718577579792666954e-02,1.731741592285345258e-02,1.744905604778023561e-02,1.758069617270702212e-02,1.771233629763380168e-02,1.784397642256058819e-02,1.797561654748737123e-02,1.810725667241415426e-02,1.823889679734093730e-02,1.785093104693100813e-02,1.746296529652107549e-02,1.707499954611114285e-02,1.668703379570121020e-02,1.629906804529128103e-02,1.591110229488135186e-02,1.552313654447141575e-02,1.513517079406148311e-02,1.474720504365155220e-02,1.435923929324162129e-02,1.397127354283168692e-02,1.356548214532468308e-02,1.315969074781767577e-02,1.275389935031067193e-02,1.234810795280366462e-02,1.194231655529665731e-02,1.153652515778965347e-02,1.113073376028264616e-02,1.072494236277564232e-02,1.031915096526863501e-02,9.913359567761629437e-03,9.507568170254623863e-03,9.150166620338698320e-03,8.792765070422769308e-03,8.435363520506843765e-03,8.077961970590919957e-03,7.720560420674991813e-03,7.363158870759065402e-03,7.005757320843138992e-03,6.648355770927212582e-03,6.290954221011285305e-03,5.933552671095358895e-03,5.576151121179431618e-03,5.261755073806935294e-03,4.947359026434438103e-03,4.632962979061941780e-03,4.318566931689445457e-03,4.004170884316949133e-03,3.689774836944452810e-03,3.375378789571956487e-03,3.060982742199459296e-03,2.746586694826962972e-03,2.432190647454467083e-03,2.117794600081971193e-03,1.852558392854106693e-03,1.587322185626241977e-03,1.322085978398377260e-03,1.056849771170512977e-03,7.916135639426482608e-04,5.263773567147834358e-04,2.611411494869188277e-04,-4.095057740945672042e-06,-2.693312649688099549e-04,-5.345674721966746715e-04,-7.998036794245377617e-04,-9.825372478902887150e-04,-1.165270816356039994e-03,-1.348004384821790838e-03,-1.530737953287542117e-03,-1.713471521753292962e-03,-1.896205090219044457e-03,-2.078938658684795302e-03,-2.261672227150545930e-03,-2.444405795616296992e-03,-2.627139364082048054e-03,-2.809872932547798248e-03,-2.951362614010655597e-03,-3.092852295473512078e-03,-3.234341976936368993e-03,-3.375831658399225908e-03,-3.517321339862082390e-03,-3.658811021324939305e-03,-3.800300702787795786e-03,-3.941790384250650099e-03,-4.083280065713507448e-03,-4.224769747176363929e-03,-4.366259428639220411e-03
1.196989475364375853e-02,1.239925998762615202e-02,1.282862522160855070e-02,1.325799045559094592e-02,1.368735568957333941e-02,1.411672092355573636e-02,1.454608615753813158e-02,1.497545139152052680e-02,1.540481662550292202e-02,1.583418185948531898e-02,1.626354709346771246e-02,1.669291232745010942e-02,1.685795300837857405e-02,1.702299368930703868e-02,1.718803437023550679e-02,1.735307505116397142e-02,1.751811573209243605e-02,1.768315641302090069e-02,1.784819709394936532e-02,1.801323777487782996e-02,1.817827845580630153e-02,1.834331913673476616e-02,1.850835981766322733e-02,1.814613995092757837e-02,1.778392008419192941e-02,1.742170021745627698e-02,1.705948035072062455e-02,1.669726048398497559e-02,1.633504061724932316e-02,1.597282075051367420e-02,1.561060088377802350e-02,1.524838101704237281e-02,1.488616115030672038e-02,1.452394128357107142e-02,1.413343643085053850e-02,1.374293157813000557e-02,1.335242672540946918e-02,1.296192187268893972e-02,1.257141701996840506e-02,1.218091216724787214e-02,1.179040731452733921e-02,1.139990246180680455e-02,1.100939760908627163e-02,1.061889275636573871e-02,1.022838790364520578e-02,9.885147528744402806e-03,9.541907153843603301e-03,9.198666778942800326e-03,8.855426404041999086e-03,8.512186029141197846e-03,8.168945654240394871e-03,7.825705279339593631e-03,7.482464904438790657e-03,7.139224529537988549e-03,6.795984154637186442e-03,6.452743779736384334e-03,6.149686156986942237e-03,5.846628534237499272e-03,5.543570911488058042e-03,5.240513288738615945e-03,4.937455665989173847e-03,4.634398043239730883e-03,4.331340420490288785e-03,4.028282797740846688e-03,3.725225174991404591e-03,3.422167552241961626e-03,3.119109929492520829e-03,2.859258710484605549e-03,2.599407491476691569e-03,2.339556272468775854e-03,2.079705053460861874e-03,1.819853834452946810e-03,1.560002615445031746e-03,1.300151396437116899e-03,1.040300177429202052e-03,7.804489584212870963e-04,5.205977394133725743e-04,2.607465204054585945e-04,6.704975401172137456e-05,-1.266470123820156014e-04,-3.203437787757526045e-04,-5.140405451694898516e-04,-7.077373115632267734e-04,-9.014340779569639120e-04,-1.095130844350701268e-03,-1.288827610744438081e-03,-1.482524377138175111e-03,-1.676221143531912358e-03,-1.869917909925648738e-03,-2.021219803199835081e-03,-2.172521696474020991e-03,-2.323823589748207769e-03,-2.475125483022394546e-03,-2.626427376296580456e-03,-2.777729269570766799e-03,-2.929031162844953143e-03,-3.080333056119137318e-03,-3.231634949393323662e-03,-3.382936842667509571e-03,-3.534238735941695915e-03
1.196989475364375853e-02,1.239035606983558864e-02,1.281081738602742048e-02,1.323127870221925233e-02,1.365174001841108417e-02,1.407220133460291428e-02,1.449266265079474786e-02,1.491312396698657797e-02,1.533358528317840981e-02,1.575404659937024165e-02,1.617450791556207176e-02,1.659496923175390534e-02,1.679341046868405157e-02,1.699185170561419780e-02,1.719029294254434403e-02,1.738873417947449027e-02,1.758717541640463650e-02,1.778561665333478620e-02,1.798405789026493243e-02,1.818249912719507866e-02,1.838094036412522489e-02,1.857938160105537459e-02,1.877782283798551735e-02,1.844134885492414860e-02,1.810487487186277986e-02,1.776840088880140764e-02,1.743192690574003889e-02,1.709545292267867014e-02,1.675897893961730140e-02,1.642250495655593265e-02,1.608603097349456390e-02,1.574955699043319515e-02,1.541308300737182120e-02,1.507660902431045419e-02,1.470139071637639218e-02,1.432617240844233537e-02,1.395095410050827336e-02,1.357573579257420962e-02,1.320051748464014935e-02,1.282529917670609081e-02,1.245008086877202880e-02,1.207486256083796852e-02,1.169964425290391172e-02,1.132442594496984797e-02,1.094920763703579117e-02,1.062012843715011423e-02,1.029104923726443382e-02,9.961970037378756887e-03,9.632890837493079950e-03,9.303811637607403012e-03,8.974732437721726075e-03,8.645653237836049138e-03,8.316574037950370465e-03,7.987494838064691793e-03,7.658415638179015723e-03,7.329336438293337919e-03,7.037617240166950047e-03,6.745898042040561308e-03,6.454178843914173437e-03,6.162459645787786433e-03,5.870740447661398562e-03,5.579021249535010690e-03,5.287302051408622819e-03,4.995582853282234947e-03,4.703863655155847076e-03,4.412144457029459205e-03,4.120425258903071333e-03,3.865959028115106572e-03,3.611492797327141378e-03,3.357026566539176617e-03,3.102560335751211422e-03,2.848094104963246227e-03,2.593627874175281033e-03,2.339161643387315838e-03,2.084695412599351077e-03,1.830229181811385882e-03,1.575762951023420688e-03,1.321296720235456360e-03,1.116636755913733578e-03,9.119767915920099291e-04,7.073168272702866051e-04,5.026568629485636064e-04,2.979968986268404993e-04,9.333693430511722953e-05,-1.113230300166061215e-04,-3.159829943383290389e-04,-5.206429586600522545e-04,-7.253029229817757953e-04,-9.299628873034981435e-04,-1.091076992389014132e-03,-1.252191097474529904e-03,-1.413305202560045677e-03,-1.574419307645561882e-03,-1.735533412731077654e-03,-1.896647517816593426e-03,-2.057761622902109198e-03,-2.218875727987622802e-03,-2.379989833073139008e-03,-2.541103938158654346e-03,-2.702218043244170552e-03
1.196989475364375680e-02,1.238145215204502526e-02,1.279300955044629373e-02,1.320456694884755873e-02,1.361612434724882720e-02,1.402768174565009393e-02,1.443923914405136240e-02,1.485079654245262566e-02,1.526235394085389586e-02,1.567391133925516086e-02,1.608546873765642760e-02,1.649702613605769780e-02,1.672886792898952563e-02,1.696070972192135345e-02,1.719255151485318475e-02,1.742439330778500564e-02,1.765623510071683694e-02,1.788807689364866824e-02,1.811991868658049259e-02,1.835176047951232042e-02,1.858360227244415172e-02,1.881544406537597955e-02,1.904728585830780391e-02,1.873655775892071884e-02,1.842582965953363031e-02,1.811510156014654177e-02,1.780437346075945323e-02,1.749364536137236817e-02,1.718291726198527963e-02,1.687218916259818763e-02,1.656146106321109909e-02,1.625073296382401403e-02,1.594000486443692549e-02,1.562927676504983349e-02,1.526934500190225107e-02,1.490941323875466171e-02,1.454948147560707408e-02,1.418954971245948646e-02,1.382961794931189710e-02,1.346968618616431121e-02,1.310975442301672532e-02,1.274982265986913769e-02,1.238989089672154834e-02,1.202995913357396071e-02,1.167002737042637309e-02,1.135510934555582219e-02,1.104019132068526782e-02,1.072527329581471692e-02,1.041035527094416602e-02,1.009543724607361338e-02,9.780519221203060748e-03,9.465601196332508113e-03,9.150683171461953744e-03,8.835765146591401109e-03,8.520847121720850209e-03,8.205929096850295840e-03,7.925548323346963062e-03,7.645167549843628549e-03,7.364786776340294903e-03,7.084406002836962125e-03,6.804025229333628480e-03,6.523644455830295702e-03,6.243263682326962057e-03,5.962882908823628411e-03,5.682502135320293898e-03,5.402121361816960253e-03,5.121740588313627475e-03,4.872659345745612366e-03,4.623578103177598125e-03,4.374496860609582150e-03,4.125415618041567041e-03,3.876334375473552366e-03,3.627253132905536390e-03,3.378171890337521716e-03,3.129090647769506607e-03,2.880009405201491065e-03,2.630928162633475523e-03,2.381846920065460848e-03,2.166223757815752098e-03,1.950600595566042697e-03,1.734977433316333729e-03,1.519354271066624545e-03,1.303731108816915145e-03,1.088107946567205961e-03,8.724847843174968849e-04,6.568616220677878093e-04,4.412384598180786252e-04,2.256152975683694141e-04,9.992135318660907636e-06,-1.609341815781843742e-04,-3.318604984750296561e-04,-5.027868153718748024e-04,-6.737131322687202198e-04,-8.446394491655654204e-04,-1.015565766062410729e-03,-1.186492082959255930e-03,-1.357418399856098962e-03,-1.528344716752944163e-03,-1.699271033649789363e-03,-1.870197350546634564e-03
1.196989475364375853e-02,1.236575335768960379e-02,1.276161196173545252e-02,1.315747056578130125e-02,1.355332916982714651e-02,1.394918777387299351e-02,1.434504637791884051e-02,1.474090498196468750e-02,1.513676358601053450e-02,1.553262219005638149e-02,1.592848079410223022e-02,1.632433939814807722e-02,1.655457487740720490e-02,1.678481035666633953e-02,1.701504583592546721e-02,1.724528131518460530e-02,1.747551679444373646e-02,1.770575227370286761e-02,1.793598775296199876e-02,1.816622323222112992e-02,1.839645871148026107e-02,1.862669419073939570e-02,1.885692966999852338e-02,1.858699998749189369e-02,1.831707030498525707e-02,1.804714062247862391e-02,1.777721093997199076e-02,1.750728125746535760e-02,1.723735157495872097e-02,1.696742189245208435e-02,1.669749220994545466e-02,1.642756252743882150e-02,1.615763284493218488e-02,1.588770316242555172e-02,1.556778197967628036e-02,1.524786079692700899e-02,1.492793961417773763e-02,1.460801843142846453e-02,1.428809724867919316e-02,1.396817606592992179e-02,1.364825488318064869e-02,1.332833370043138080e-02,1.300841251768210770e-02,1.268849133493283460e-02,1.236857015218356497e-02,1.208370091632636652e-02,1.179883168046916633e-02,1.151396244461196788e-02,1.122909320875477290e-02,1.094422397289757272e-02,1.065935473704037600e-02,1.037448550118317582e-02,1.008961626532597737e-02,9.804747029468780656e-03,9.519877793611582206e-03,9.235008557754383757e-03,8.979432560837025123e-03,8.723856563919663021e-03,8.468280567002304388e-03,8.212704570084944020e-03,7.957128573167583652e-03,7.701552576250223284e-03,7.445976579332864650e-03,7.190400582415505150e-03,6.934824585498143915e-03,6.679248588580784414e-03,6.423672591663424913e-03,6.193928625458366977e-03,5.964184659253309907e-03,5.734440693048251103e-03,5.504696726843194034e-03,5.274952760638136097e-03,5.045208794433079028e-03,4.815464828228021091e-03,4.585720862022963154e-03,4.355976895817905217e-03,4.126232929612847281e-03,3.896488963407789777e-03,3.698102585516054898e-03,3.499716207624319151e-03,3.301329829732583404e-03,3.102943451840848958e-03,2.904557073949112778e-03,2.706170696057377464e-03,2.507784318165641717e-03,2.309397940273905971e-03,2.111011562382170657e-03,1.912625184490435344e-03,1.714238806598700248e-03,1.557964667096965348e-03,1.401690527595230015e-03,1.245416388093494899e-03,1.089142248591759782e-03,9.328681090900244489e-04,7.765939695882893325e-04,6.203198300865537824e-04,4.640456905848209428e-04,3.077715510830859348e-04,1.514974115813508184e-04,-4.776727920384731679e-06
1.196989475364375853e-02,1.235005456333418405e-02,1.273021437302461305e-02,1.311037418271503684e-02,1.349053399240546583e-02,1.387069380209588962e-02,1.425085361178631861e-02,1.463101342147674240e-02,1.501117323116717139e-02,1.539133304085759692e-02,1.577149285054802244e-02,1.615165266023844970e-02,1.638028182582488418e-02,1.660891099141132213e-02,1.683754015699775661e-02,1.706616932258419109e-02,1.729479848817062557e-02,1.752342765375706352e-02,1.775205681934350146e-02,1.798068598492993594e-02,1.820931515051637389e-02,1.843794431610280837e-02,1.866657348168923938e-02,1.843744221606306508e-02,1.820831095043688383e-02,1.797917968481070258e-02,1.775004841918452134e-02,1.752091715355834356e-02,1.729178588793216578e-02,1.706265462230598454e-02,1.683352335667980676e-02,1.660439209105362551e-02,1.637526082542744774e-02,1.614612955980126996e-02,1.586621895745031485e-02,1.558630835509935801e-02,1.530639775274840117e-02,1.502648715039744606e-02,1.474657654804648922e-02,1.446666594569553412e-02,1.418675534334457727e-02,1.390684474099362390e-02,1.362693413864266706e-02,1.334702353629171195e-02,1.306711293394075511e-02,1.281229248709691432e-02,1.255747204025307005e-02,1.230265159340922579e-02,1.204783114656538326e-02,1.179301069972153899e-02,1.153819025287769647e-02,1.128336980603385220e-02,1.102854935919000967e-02,1.077372891234616541e-02,1.051890846550232114e-02,1.026408801865847688e-02,1.003331679832709065e-02,9.802545577995704432e-03,9.571774357664318209e-03,9.341003137332933720e-03,9.110231917001547497e-03,8.879460696670159539e-03,8.648689476338775051e-03,8.417918256007388828e-03,8.187147035676002604e-03,7.956375815344616381e-03,7.725604595013230158e-03,7.515197905171131128e-03,7.304791215329031230e-03,7.094384525486929598e-03,6.883977835644830567e-03,6.673571145802730670e-03,6.463164455960630772e-03,6.252757766118529140e-03,6.042351076276429242e-03,5.831944386434330212e-03,5.621537696592229447e-03,5.411131006750129549e-03,5.229981413216368107e-03,5.048831819682606664e-03,4.867682226148845222e-03,4.686532632615083779e-03,4.505383039081321470e-03,4.324233445547560027e-03,4.143083852013798585e-03,3.961934258480036275e-03,3.780784664946274833e-03,3.599635071412512956e-03,3.418485477878751514e-03,3.276863515772126915e-03,3.135241553665501883e-03,2.993619591558876851e-03,2.851997629452252686e-03,2.710375667345626786e-03,2.568753705239001754e-03,2.427131743132376722e-03,2.285509781025753858e-03,2.143887818919129259e-03,2.002265856812503794e-03,1.860643894705878761e-03
1.196989475364375853e-02,1.233435576897876605e-02,1.269881678431377184e-02,1.306327779964877936e-02,1.342773881498378515e-02,1.379219983031879093e-02,1.415666084565379672e-02,1.452112186098880250e-02,1.488558287632381176e-02,1.525004389165881755e-02,1.561450490699382507e-02,1.597896592232882912e-02,1.620598877424257039e-02,1.643301162615630820e-02,1.666003447807004947e-02,1.688705732998378728e-02,1.711408018189752508e-02,1.734110303381126636e-02,1.756812588572500416e-02,1.779514873763874544e-02,1.802217158955248325e-02,1.824919444146622452e-02,1.847621729337995886e-02,1.828788444463423993e-02,1.809955159588851059e-02,1.791121874714278472e-02,1.772288589839705886e-02,1.753455304965133646e-02,1.734622020090561059e-02,1.715788735215988819e-02,1.696955450341416233e-02,1.678122165466843646e-02,1.659288880592271059e-02,1.640455595717698820e-02,1.616465593522434588e-02,1.592475591327170356e-02,1.568485589131906471e-02,1.544495586936642587e-02,1.520505584741378528e-02,1.496515582546114470e-02,1.472525580350850585e-02,1.448535578155586527e-02,1.424545575960322469e-02,1.400555573765058584e-02,1.376565571569794699e-02,1.354088405786745865e-02,1.331611240003696683e-02,1.309134074220647675e-02,1.286656908437599015e-02,1.264179742654550007e-02,1.241702576871501346e-02,1.219225411088452338e-02,1.196748245305403330e-02,1.174271079522354322e-02,1.151793913739305487e-02,1.129316747956256480e-02,1.108720103581715272e-02,1.088123459207174064e-02,1.067526814832632509e-02,1.046930170458091648e-02,1.026333526083550267e-02,1.005736881709009059e-02,9.851402373344678512e-03,9.645435929599264699e-03,9.439469485853852621e-03,9.233503042108440542e-03,9.027536598363026729e-03,8.836467184883884871e-03,8.645397771404743012e-03,8.454328357925601153e-03,8.263258944446459295e-03,8.072189530967315702e-03,7.881120117488172108e-03,7.690050704009030250e-03,7.498981290529886656e-03,7.307911877050743930e-03,7.116842463571601204e-03,6.925773050092459346e-03,6.761860240916670907e-03,6.597947431740883335e-03,6.434034622565094896e-03,6.270121813389308192e-03,6.106209004213519753e-03,5.942296195037732182e-03,5.778383385861942875e-03,5.614470576686155304e-03,5.450557767510367732e-03,5.286644958334579293e-03,5.122732149158789987e-03,4.995762364447276990e-03,4.868792579735761392e-03,4.741822795024246660e-03,4.614853010312731929e-03,4.487883225601216330e-03,4.360913440889702467e-03,4.233943656178186868e-03,4.106973871466673871e-03,3.980004086755159140e-03,3.853034302043644409e-03,3.726064517332129677e-03
1.196989475364375680e-02,1.231865697462334285e-02,1.266741919560292889e-02,1.301618141658251668e-02,1.336494363756210273e-02,1.371370585854168878e-02,1.406246807952127309e-02,1.441123030050086087e-02,1.475999252148044692e-02,1.510875474246003297e-02,1.545751696343961729e-02,1.580627918441920507e-02,1.603169572266024967e-02,1.625711226090129080e-02,1.648252879914233193e-02,1.670794533738337653e-02,1.693336187562441766e-02,1.715877841386546226e-02,1.738419495210650687e-02,1.760961149034755147e-02,1.783502802858859260e-02,1.806044456682963373e-02,1.828586110507067833e-02,1.813832667320540784e-02,1.799079224134013735e-02,1.784325780947486687e-02,1.769572337760959638e-02,1.754818894574432242e-02,1.740065451387905540e-02,1.725312008201378491e-02,1.710558565014851443e-02,1.695805121828324047e-02,1.681051678641796998e-02,1.666298235455269949e-02,1.646309291299837690e-02,1.626320347144405085e-02,1.606331402988972826e-02,1.586342458833540914e-02,1.566353514678108308e-02,1.546364570522675876e-02,1.526375626367243443e-02,1.506386682211811011e-02,1.486397738056378579e-02,1.466408793900946146e-02,1.446419849745513887e-02,1.426947562863800471e-02,1.407475275982086882e-02,1.388002989100373466e-02,1.368530702218660224e-02,1.349058415336946634e-02,1.329586128455233392e-02,1.310113841573519802e-02,1.290641554691806213e-02,1.271169267810092970e-02,1.251696980928379208e-02,1.232224694046665792e-02,1.214108527330721825e-02,1.195992360614778031e-02,1.177876193898834065e-02,1.159760027182890445e-02,1.141643860466946478e-02,1.123527693751002685e-02,1.105411527035058891e-02,1.087295360319114924e-02,1.069179193603170958e-02,1.051063026887227164e-02,1.032946860171283197e-02,1.015773646459664815e-02,9.986004327480462600e-03,9.814272190364277046e-03,9.642540053248093226e-03,9.470807916131907672e-03,9.299075779015723853e-03,9.127343641899538298e-03,8.955611504783352744e-03,8.783879367667168925e-03,8.612147230550983371e-03,8.440415093434796082e-03,8.293739068616983248e-03,8.147063043799168680e-03,8.000387018981355847e-03,7.853710994163541279e-03,7.707034969345726710e-03,7.560358944527912142e-03,7.413682919710099309e-03,7.267006894892284741e-03,7.120330870074470173e-03,6.973654845256655604e-03,6.826978820438841036e-03,6.714661213122438341e-03,6.602343605806032176e-03,6.490025998489627745e-03,6.377708391173222448e-03,6.265390783856818017e-03,6.153073176540413587e-03,6.040755569224009157e-03,5.928437961907605594e-03,5.816120354591201164e-03,5.703802747274796733e-03,5.591485139958392303e-03
1.196989475364375853e-02,1.230295818026792311e-02,1.263602160689208768e-02,1.296908503351625573e-02,1.330214846014042204e-02,1.363521188676458662e-02,1.396827531338875467e-02,1.430133874001291924e-02,1.463440216663708555e-02,1.496746559326125187e-02,1.530052901988541644e-02,1.563359244650958102e-02,1.585740267107792895e-02,1.608121289564627687e-02,1.630502312021462480e-02,1.652883334478296926e-02,1.675264356935132065e-02,1.697645379391966164e-02,1.720026401848800957e-02,1.742407424305635749e-02,1.764788446762470542e-02,1.787169469219305334e-02,1.809550491676139780e-02,1.798876890177658269e-02,1.788203288679176411e-02,1.777529687180694901e-02,1.766856085682213043e-02,1.756182484183731879e-02,1.745508882685249674e-02,1.734835281186768163e-02,1.724161679688286652e-02,1.713488078189804795e-02,1.702814476691323284e-02,1.692140875192841773e-02,1.676152989077240793e-02,1.660165102961640160e-02,1.644177216846039527e-02,1.628189330730438547e-02,1.612201444614837567e-02,1.596213558499236934e-02,1.580225672383635954e-02,1.564237786268035321e-02,1.548249900152434688e-02,1.532262014036833708e-02,1.516274127921232902e-02,1.499806719940854904e-02,1.483339311960477080e-02,1.466871903980098910e-02,1.450404495999720912e-02,1.433937088019342915e-02,1.417469680038964744e-02,1.401002272058586746e-02,1.384534864078208749e-02,1.368067456097830578e-02,1.351600048117452581e-02,1.335132640137074583e-02,1.319496951079728031e-02,1.303861262022381479e-02,1.288225572965034926e-02,1.272589883907688374e-02,1.256954194850342169e-02,1.241318505792995616e-02,1.225682816735649064e-02,1.210047127678302512e-02,1.194411438620955959e-02,1.178775749563609407e-02,1.163140060506262854e-02,1.147900574430940276e-02,1.132661088355617525e-02,1.117421602280294773e-02,1.102182116204972195e-02,1.086942630129649270e-02,1.071703144054326345e-02,1.056463657979003767e-02,1.041224171903680842e-02,1.025984685828358264e-02,1.010745199753035339e-02,9.955057136777125879e-03,9.825617896317287783e-03,9.696178655857446219e-03,9.566739415397604654e-03,9.437300174937764824e-03,9.307860934477923259e-03,9.178421694018083429e-03,9.048982453558243599e-03,8.919543213098402035e-03,8.790103972638562205e-03,8.660664732178720640e-03,8.531225491718880810e-03,8.433560061797587548e-03,8.335894631876292551e-03,8.238229201954997555e-03,8.140563772033702558e-03,8.042898342112407561e-03,7.945232912191114300e-03,7.847567482269819303e-03,7.749902052348526041e-03,7.652236622427231044e-03,7.554571192505936048e-03,7.456905762584642786e-03
1.196989475364375853e-02,1.228725938591250337e-02,1.260462401818124821e-02,1.292198865044999478e-02,1.323935328271874136e-02,1.355671791498748620e-02,1.387408254725623277e-02,1.419144717952497761e-02,1.450881181179372245e-02,1.482617644406246903e-02,1.514354107633121213e-02,1.546090570859996044e-02,1.568310961949560822e-02,1.590531353039126294e-02,1.612751744128691073e-02,1.634972135218256198e-02,1.657192526307821323e-02,1.679412917397386448e-02,1.701633308486951227e-02,1.723853699576516352e-02,1.746074090666081477e-02,1.768294481755646602e-02,1.790514872845211380e-02,1.783921113034775061e-02,1.777327353224339435e-02,1.770733593413902768e-02,1.764139833603466795e-02,1.757546073793030475e-02,1.750952313982594502e-02,1.744358554172158182e-02,1.737764794361721862e-02,1.731171034551285889e-02,1.724577274740849570e-02,1.717983514930413597e-02,1.705996686854644243e-02,1.694009858778875235e-02,1.682023030703105881e-02,1.670036202627336874e-02,1.658049374551567173e-02,1.646062546475798166e-02,1.634075718400029159e-02,1.622088890324259805e-02,1.610102062248490451e-02,1.598115234172721444e-02,1.586128406096952784e-02,1.572665877017909858e-02,1.559203347938867279e-02,1.545740818859824527e-02,1.532278289780782295e-02,1.518815760701739542e-02,1.505353231622696963e-02,1.491890702543654385e-02,1.478428173464611806e-02,1.464965644385569227e-02,1.451503115306526648e-02,1.438040586227484069e-02,1.424885374828734931e-02,1.411730163429985967e-02,1.398574952031236655e-02,1.385419740632487517e-02,1.372264529233738553e-02,1.359109317834989242e-02,1.345954106436240277e-02,1.332798895037490966e-02,1.319643683638742002e-02,1.306488472239992864e-02,1.293333260841243552e-02,1.280027502402216952e-02,1.266721743963189831e-02,1.253415985524162536e-02,1.240110227085135762e-02,1.226804468646108814e-02,1.213498710207081693e-02,1.200192951768054746e-02,1.186887193329027798e-02,1.173581434890000677e-02,1.160275676450973729e-02,1.146969918011946782e-02,1.135749672401760099e-02,1.124529426791573417e-02,1.113309181181386734e-02,1.102088935571200225e-02,1.090868689961013369e-02,1.079648444350826686e-02,1.068428198740640003e-02,1.057207953130453494e-02,1.045987707520266811e-02,1.034767461910079955e-02,1.023547216299893099e-02,1.015245891047274890e-02,1.006944565794656507e-02,9.986432405420381242e-03,9.903419152894197414e-03,9.820405900368011851e-03,9.737392647841826288e-03,9.654379395315644194e-03,9.571366142789458631e-03,9.488352890263274803e-03,9.405339637737090974e-03,9.322326385210907146e-03
1.196989475364375853e-02,1.227156059155708363e-02,1.257322642947040700e-02,1.287489226738373384e-02,1.317655810529705894e-02,1.347822394321038578e-02,1.377988978112371088e-02,1.408155561903703598e-02,1.438322145695036108e-02,1.468488729486368619e-02,1.498655313277701476e-02,1.528821897069033812e-02,1.550881656791329097e-02,1.572941416513624555e-02,1.595001176235920012e-02,1.617060935958215470e-02,1.639120695680510928e-02,1.661180455402806386e-02,1.683240215125101497e-02,1.705299974847396954e-02,1.727359734569692759e-02,1.749419494291988217e-02,1.771479254014283675e-02,1.768965335891892546e-02,1.766451417769502111e-02,1.763937499647111329e-02,1.761423581524720200e-02,1.758909663402329765e-02,1.756395745279938636e-02,1.753881827157548201e-02,1.751367909035157072e-02,1.748853990912766637e-02,1.746340072790375508e-02,1.743826154667984726e-02,1.735840384632047345e-02,1.727854614596109617e-02,1.719868844560171889e-02,1.711883074524234508e-02,1.703897304488297126e-02,1.695911534452359398e-02,1.687925764416421670e-02,1.679939994380483942e-02,1.671954224344546214e-02,1.663968454308608833e-02,1.655982684272671104e-02,1.645525034094964117e-02,1.635067383917256784e-02,1.624609733739549797e-02,1.614152083561842463e-02,1.603694433384135476e-02,1.593236783206428489e-02,1.582779133028721502e-02,1.572321482851014168e-02,1.561863832673307181e-02,1.551406182495599848e-02,1.540948532317892687e-02,1.530273798577740964e-02,1.519599064837589414e-02,1.508924331097437344e-02,1.498249597357285620e-02,1.487574863617133897e-02,1.476900129876982173e-02,1.466225396136830277e-02,1.455550662396678727e-02,1.444875928656526656e-02,1.434201194916375106e-02,1.423526461176223210e-02,1.412154430373492066e-02,1.400782399570760575e-02,1.389410368768029605e-02,1.378038337965298288e-02,1.366666307162566971e-02,1.355294276359835827e-02,1.343922245557104510e-02,1.332550214754373366e-02,1.321178183951642222e-02,1.309806153148910905e-02,1.298434122346179415e-02,1.288937555171790206e-02,1.279440987997400997e-02,1.269944420823011441e-02,1.260447853648622406e-02,1.250951286474233023e-02,1.241454719299843815e-02,1.231958152125454606e-02,1.222461584951065050e-02,1.212965017776675841e-02,1.203468450602286632e-02,1.193971883427897077e-02,1.187135775914789811e-02,1.180299668401682198e-02,1.173463560888574932e-02,1.166627453375467492e-02,1.159791345862360053e-02,1.152955238349252440e-02,1.146119130836145347e-02,1.139283023323037734e-02,1.132446915809930468e-02,1.125610808296823029e-02,1.118774700783715589e-02
1.196989475364375853e-02,1.225586179720166390e-02,1.254182884075956753e-02,1.282779588431747463e-02,1.311376292787537999e-02,1.339972997143328362e-02,1.368569701499118899e-02,1.397166405854909435e-02,1.425763110210699798e-02,1.454359814566490508e-02,1.482956518922280871e-02,1.511553223278071234e-02,1.533452351633097198e-02,1.555351479988122988e-02,1.577250608343148952e-02,1.599149736698174742e-02,1.621048865053200533e-02,1.642947993408226323e-02,1.664847121763252114e-02,1.686746250118277557e-02,1.708645378473303694e-02,1.730544506828329485e-02,1.752443635183354928e-02,1.754009558749009684e-02,1.755575482314664440e-02,1.757141405880319196e-02,1.758707329445973952e-02,1.760273253011628708e-02,1.761839176577283117e-02,1.763405100142938220e-02,1.764971023708592629e-02,1.766536947274247385e-02,1.768102870839902141e-02,1.769668794405556897e-02,1.765684082409450448e-02,1.761699370413344345e-02,1.757714658417238590e-02,1.753729946421132488e-02,1.749745234425026386e-02,1.745760522428920630e-02,1.741775810432814528e-02,1.737791098436708426e-02,1.733806386440602670e-02,1.729821674444496568e-02,1.725836962448390813e-02,1.718384191172019071e-02,1.710931419895646982e-02,1.703478648619275587e-02,1.696025877342904192e-02,1.688573106066532103e-02,1.681120334790160709e-02,1.673667563513788620e-02,1.666214792237417225e-02,1.658762020961045483e-02,1.651309249684673741e-02,1.643856478408301999e-02,1.635662222326747864e-02,1.627467966245193381e-02,1.619273710163638899e-02,1.611079454082084417e-02,1.602885198000530281e-02,1.594690941918975799e-02,1.586496685837421317e-02,1.578302429755867181e-02,1.570108173674312352e-02,1.561913917592758390e-02,1.553719661511203561e-02,1.544281358344768568e-02,1.534843055178332707e-02,1.525404752011897368e-02,1.515966448845461854e-02,1.506528145679026341e-02,1.497089842512591001e-02,1.487651539346155488e-02,1.478213236179719975e-02,1.468774933013284635e-02,1.459336629846848948e-02,1.449898326680413435e-02,1.442125437941821700e-02,1.434352549203229792e-02,1.426579660464637710e-02,1.418806771726046148e-02,1.411033882987453719e-02,1.403260994248861984e-02,1.395488105510270076e-02,1.387715216771677994e-02,1.379942328033086085e-02,1.372169439294494177e-02,1.364396550555902268e-02,1.359025660782306119e-02,1.353654771008709276e-02,1.348283881235113127e-02,1.342912991461516631e-02,1.337542101687920135e-02,1.332171211914323812e-02,1.326800322140727316e-02,1.321429432367130993e-02,1.316058542593534671e-02,1.310687652819938348e-02,1.305316763046341852e-02
1.196989475364375853e-02,1.224016300284624416e-02,1.251043125204872632e-02,1.278069950125121368e-02,1.305096775045369757e-02,1.332123599965618146e-02,1.359150424885866709e-02,1.386177249806115272e-02,1.413204074726363661e-02,1.440230899646612224e-02,1.467257724566860613e-02,1.494284549487109003e-02,1.516023046474865472e-02,1.537761543462621422e-02,1.559500040450377545e-02,1.581238537438133668e-02,1.602977034425889791e-02,1.624715531413646261e-02,1.646454028401402037e-02,1.668192525389158853e-02,1.689931022376914976e-02,1.711669519364671099e-02,1.733408016352426875e-02,1.739053781606127169e-02,1.744699546859827463e-02,1.750345312113527410e-02,1.755991077367227357e-02,1.761636842620927651e-02,1.767282607874627598e-02,1.772928373128327545e-02,1.778574138382027839e-02,1.784219903635728133e-02,1.789865668889428080e-02,1.795511434143128027e-02,1.795527780186853550e-02,1.795544126230579074e-02,1.795560472274304598e-02,1.795576818318030815e-02,1.795593164361755992e-02,1.795609510405481862e-02,1.795625856449207386e-02,1.795642202492932910e-02,1.795658548536658433e-02,1.795674894580383957e-02,1.795691240624109480e-02,1.791243348249073331e-02,1.786795455874037181e-02,1.782347563499000684e-02,1.777899671123964534e-02,1.773451778748928384e-02,1.769003886373891887e-02,1.764555993998855737e-02,1.760108101623819588e-02,1.755660209248783438e-02,1.751212316873747288e-02,1.746764424498710791e-02,1.741050646075753550e-02,1.735336867652796655e-02,1.729623089229839761e-02,1.723909310806882866e-02,1.718195532383925972e-02,1.712481753960969078e-02,1.706767975538011836e-02,1.701054197115054942e-02,1.695340418692097700e-02,1.689626640269140806e-02,1.683912861846183565e-02,1.676408286316043855e-02,1.668903710785904146e-02,1.661399135255764437e-02,1.653894559725624727e-02,1.646389984195485018e-02,1.638885408665344962e-02,1.631380833135205599e-02,1.623876257605065543e-02,1.616371682074926180e-02,1.608867106544786124e-02,1.601362531014646415e-02,1.595313320711852154e-02,1.589264110409057199e-02,1.583214900106262937e-02,1.577165689803468329e-02,1.571116479500673721e-02,1.565067269197879113e-02,1.559018058895084678e-02,1.552968848592289897e-02,1.546919638289495462e-02,1.540870427986700680e-02,1.534821217683906246e-02,1.530915545649821213e-02,1.527009873615735661e-02,1.523104201581649761e-02,1.519198529547564902e-02,1.515292857513479349e-02,1.511387185479393970e-02,1.507481513445308417e-02,1.503575841411223038e-02,1.499670169377137659e-02,1.495764497343052279e-02,1.491858825308966900e-02
1.196989475364375853e-02,1.222446420849082269e-02,1.247903366333788511e-02,1.273360311818495100e-02,1.298817257303201689e-02,1.324274202787908104e-02,1.349731148272614520e-02,1.375188093757321109e-02,1.400645039242027351e-02,1.426101984726733940e-02,1.451558930211440356e-02,1.477015875696146771e-02,1.498593741316633227e-02,1.520171606937120029e-02,1.541749472557606311e-02,1.563327338178092940e-02,1.584905203798579743e-02,1.606483069419065851e-02,1.628060935039552654e-02,1.649638800660039456e-02,1.671216666280525912e-02,1.692794531901012367e-02,1.714372397521498823e-02,1.724098004463244307e-02,1.733823611404990139e-02,1.743549218346735624e-02,1.753274825288481109e-02,1.763000432230226594e-02,1.772726039171972079e-02,1.782451646113717564e-02,1.792177253055463396e-02,1.801902859997208881e-02,1.811628466938954365e-02,1.821354073880699850e-02,1.825371477964257347e-02,1.829388882047814496e-02,1.833406286131371299e-02,1.837423690214928795e-02,1.841441094298485598e-02,1.845458498382043094e-02,1.849475902465599897e-02,1.853493306549157393e-02,1.857510710632714543e-02,1.861528114716271692e-02,1.865545518799828842e-02,1.864102505326127937e-02,1.862659491852427726e-02,1.861216478378726474e-02,1.859773464905025916e-02,1.858330451431324665e-02,1.856887437957624107e-02,1.855444424483923549e-02,1.854001411010222644e-02,1.852558397536521739e-02,1.851115384062820834e-02,1.849672370589120277e-02,1.846439069824760623e-02,1.843205769060400970e-02,1.839972468296040969e-02,1.836739167531681663e-02,1.833505866767322356e-02,1.830272566002962703e-02,1.827039265238602703e-02,1.823805964474243049e-02,1.820572663709883396e-02,1.817339362945523742e-02,1.814106062181163742e-02,1.808535214287319837e-02,1.802964366393476278e-02,1.797393518499632026e-02,1.791822670605788120e-02,1.786251822711944215e-02,1.780680974818100309e-02,1.775110126924256404e-02,1.769539279030412499e-02,1.763968431136568246e-02,1.758397583242724341e-02,1.752826735348880088e-02,1.748501203481883648e-02,1.744175671614886167e-02,1.739850139747888685e-02,1.735524607880891551e-02,1.731199076013894417e-02,1.726873544146897282e-02,1.722548012279900148e-02,1.718222480412903014e-02,1.713896948545905879e-02,1.709571416678908398e-02,1.705245884811911264e-02,1.702805430517337001e-02,1.700364976222762739e-02,1.697924521928188130e-02,1.695484067633613867e-02,1.693043613339039605e-02,1.690603159044464995e-02,1.688162704749890733e-02,1.685722250455316470e-02,1.683281796160741861e-02,1.680841341866167599e-02,1.678400887571593336e-02
1.196989475364375853e-02,1.220876541413540295e-02,1.244763607462704563e-02,1.268650673511869179e-02,1.292537739561033447e-02,1.316424805610198062e-02,1.340311871659362331e-02,1.364198937708526946e-02,1.388086003757691214e-02,1.411973069806855656e-02,1.435860135856020098e-02,1.459747201905184713e-02,1.481164436158401501e-02,1.502581670411618289e-02,1.523998904664835424e-02,1.545416138918052212e-02,1.566833373171269347e-02,1.588250607424486135e-02,1.609667841677703271e-02,1.631085075930920059e-02,1.652502310184136847e-02,1.673919544437353982e-02,1.695336778690570770e-02,1.709142227320361793e-02,1.722947675950152815e-02,1.736753124579943838e-02,1.750558573209734514e-02,1.764364021839525537e-02,1.778169470469316560e-02,1.791974919099107583e-02,1.805780367728898606e-02,1.819585816358689281e-02,1.833391264988480651e-02,1.847196713618271327e-02,1.855215175741660102e-02,1.863233637865049225e-02,1.871252099988437653e-02,1.879270562111826429e-02,1.887289024235215204e-02,1.895307486358604326e-02,1.903325948481993102e-02,1.911344410605381530e-02,1.919362872728770306e-02,1.927381334852159081e-02,1.935399796975547856e-02,1.936961662403182544e-02,1.938523527830817231e-02,1.940085393258451918e-02,1.941647258686086258e-02,1.943209124113720945e-02,1.944770989541355632e-02,1.946332854968990667e-02,1.947894720396625007e-02,1.949456585824259694e-02,1.951018451251894381e-02,1.952580316679529068e-02,1.951827493573767003e-02,1.951074670468004243e-02,1.950321847362242178e-02,1.949569024256479766e-02,1.948816201150717700e-02,1.948063378044955288e-02,1.947310554939193222e-02,1.946557731833430810e-02,1.945804908727668397e-02,1.945052085621906332e-02,1.944299262516143920e-02,1.940662142258595818e-02,1.937025022001047370e-02,1.933387901743498921e-02,1.929750781485951167e-02,1.926113661228402718e-02,1.922476540970854617e-02,1.918839420713306168e-02,1.915202300455758067e-02,1.911565180198209618e-02,1.907928059940661863e-02,1.904290939683113415e-02,1.901689086251913408e-02,1.899087232820713747e-02,1.896485379389513740e-02,1.893883525958314079e-02,1.891281672527114072e-02,1.888679819095914411e-02,1.886077965664714751e-02,1.883476112233514743e-02,1.880874258802315083e-02,1.878272405371115422e-02,1.875670551939915415e-02,1.874695315384852096e-02,1.873720078829788430e-02,1.872744842274725111e-02,1.871769605719662138e-02,1.870794369164598819e-02,1.869819132609535153e-02,1.868843896054471487e-02,1.867868659499408168e-02,1.866893422944345196e-02,1.865918186389281530e-02,1.864942949834218211e-02
1.196989475364375853e-02,1.221145609207207466e-02,1.245301743050039253e-02,1.269457876892871040e-02,1.293614010735703000e-02,1.317770144578534787e-02,1.341926278421366574e-02,1.366082412264198361e-02,1.390238546107029800e-02,1.414394679949861761e-02,1.438550813792693547e-02,1.462706947635525161e-02,1.485336761664251236e-02,1.507966575692977658e-02,1.530596389721703560e-02,1.553226203750429808e-02,1.575856017779156057e-02,1.598485831807882132e-02,1.621115645836608554e-02,1.643745459865334629e-02,1.666375273894060705e-02,1.689005087922786780e-02,1.711634901951512855e-02,1.724237208173441671e-02,1.736839514395371181e-02,1.749441820617300344e-02,1.762044126839229161e-02,1.774646433061158324e-02,1.787248739283087487e-02,1.799851045505016303e-02,1.812453351726945466e-02,1.825055657948874629e-02,1.837657964170803793e-02,1.850260270392732609e-02,1.857080857794675410e-02,1.863901445196617865e-02,1.870722032598560319e-02,1.877542620000502774e-02,1.884363207402445575e-02,1.891183794804388377e-02,1.898004382206330484e-02,1.904824969608273286e-02,1.911645557010215740e-02,1.918466144412158889e-02,1.925286731814100996e-02,1.926250083948956304e-02,1.927213436083810572e-02,1.928176788218665533e-02,1.929140140353520147e-02,1.930103492488374761e-02,1.931066844623229722e-02,1.932030196758084337e-02,1.932993548892938951e-02,1.933956901027793912e-02,1.934920253162648526e-02,1.935883605297503487e-02,1.934395135732175364e-02,1.932906666166846893e-02,1.931418196601518422e-02,1.929929727036189951e-02,1.928441257470862175e-02,1.926952787905533704e-02,1.925464318340205233e-02,1.923975848774876762e-02,1.922487379209548986e-02,1.920998909644220515e-02,1.919510440078892044e-02,1.914109968819427757e-02,1.908709497559963122e-02,1.903309026300498141e-02,1.897908555041033854e-02,1.892508083781569220e-02,1.887107612522104585e-02,1.881707141262640298e-02,1.876306670003175317e-02,1.870906198743711377e-02,1.865505727484246049e-02,1.860105256224781414e-02,1.857103006376494350e-02,1.854100756528206939e-02,1.851098506679919181e-02,1.848096256831631770e-02,1.845094006983344359e-02,1.842091757135056948e-02,1.839089507286769190e-02,1.836087257438481779e-02,1.833085007590194368e-02,1.830082757741906610e-02,1.827080507893618852e-02,1.825639222365251294e-02,1.824197936836883735e-02,1.822756651308515483e-02,1.821315365780147924e-02,1.819874080251780019e-02,1.818432794723412113e-02,1.816991509195044208e-02,1.815550223666676302e-02,1.814108938138308744e-02,1.812667652609940491e-02,1.811226367081572933e-02
1.196989475364375853e-02,1.221414677000874985e-02,1.245839878637373943e-02,1.270265080273873075e-02,1.294690281910372207e-02,1.319115483546871338e-02,1.343540685183370297e-02,1.367965886819869428e-02,1.392391088456368387e-02,1.416816290092867692e-02,1.441241491729366650e-02,1.465666693365865782e-02,1.489509087170101317e-02,1.513351480974336506e-02,1.537193874778571868e-02,1.561036268582807404e-02,1.584878662387042420e-02,1.608721056191278129e-02,1.632563449995513144e-02,1.656405843799748853e-02,1.680248237603983869e-02,1.704090631408219231e-02,1.727933025212454593e-02,1.739332189026521897e-02,1.750731352840589547e-02,1.762130516654656504e-02,1.773529680468723460e-02,1.784928844282790417e-02,1.796328008096857720e-02,1.807727171910925024e-02,1.819126335724992327e-02,1.830525499539059631e-02,1.841924663353126587e-02,1.853323827167193891e-02,1.858946539847690371e-02,1.864569252528186505e-02,1.870191965208682985e-02,1.875814677889179466e-02,1.881437390569675946e-02,1.887060103250172427e-02,1.892682815930668908e-02,1.898305528611165041e-02,1.903928241291661522e-02,1.909550953972158349e-02,1.915173666652654483e-02,1.915538505494729024e-02,1.915903344336804259e-02,1.916268183178878801e-02,1.916633022020953689e-02,1.916997860863028577e-02,1.917362699705103465e-02,1.917727538547178701e-02,1.918092377389253242e-02,1.918457216231328130e-02,1.918822055073403018e-02,1.919186893915477907e-02,1.916962777890583378e-02,1.914738661865689542e-02,1.912514545840795013e-02,1.910290429815900484e-02,1.908066313791006302e-02,1.905842197766112120e-02,1.903618081741217938e-02,1.901393965716323756e-02,1.899169849691429227e-02,1.896945733666535044e-02,1.894721617641640515e-02,1.887557795380259695e-02,1.880393973118878875e-02,1.873230150857498055e-02,1.866066328596116888e-02,1.858902506334736415e-02,1.851738684073355248e-02,1.844574861811974428e-02,1.837411039550593261e-02,1.830247217289212441e-02,1.823083395027831274e-02,1.815919572766450454e-02,1.812516926501075640e-02,1.809114280235700131e-02,1.805711633970324623e-02,1.802308987704949808e-02,1.798906341439574300e-02,1.795503695174199138e-02,1.792101048908823976e-02,1.788698402643448815e-02,1.785295756378074000e-02,1.781893110112698492e-02,1.778490463847323330e-02,1.776583129345651185e-02,1.774675794843978346e-02,1.772768460342306202e-02,1.770861125840634057e-02,1.768953791338961565e-02,1.767046456837289420e-02,1.765139122335616928e-02,1.763231787833944783e-02,1.761324453332272291e-02,1.759417118830600146e-02,1.757509784328927654e-02
1.196989475364375853e-02,1.221683744794542503e-02,1.246378014224708806e-02,1.271072283654875283e-02,1.295766553085041586e-02,1.320460822515208063e-02,1.345155091945374540e-02,1.369849361375541016e-02,1.394543630805707320e-02,1.419237900235873796e-02,1.443932169666040100e-02,1.468626439096206403e-02,1.493681412675951226e-02,1.518736386255695875e-02,1.543791359835440524e-02,1.568846333415185174e-02,1.593901306994929129e-02,1.618956280574674125e-02,1.644011254154418428e-02,1.669066227734163077e-02,1.694121201313907726e-02,1.719176174893652376e-02,1.744231148473396678e-02,1.754427169879602469e-02,1.764623191285807566e-02,1.774819212692013010e-02,1.785015234098217760e-02,1.795211255504423550e-02,1.805407276910628647e-02,1.815603298316833744e-02,1.825799319723039188e-02,1.835995341129244632e-02,1.846191362535449729e-02,1.856387383941655173e-02,1.860812221900704985e-02,1.865237059859755492e-02,1.869661897818805651e-02,1.874086735777856158e-02,1.878511573736905971e-02,1.882936411695956824e-02,1.887361249655006637e-02,1.891786087614057144e-02,1.896210925573107303e-02,1.900635763532157463e-02,1.905060601491207969e-02,1.904826927040502785e-02,1.904593252589797600e-02,1.904359578139092762e-02,1.904125903688387578e-02,1.903892229237682393e-02,1.903658554786977555e-02,1.903424880336272718e-02,1.903191205885567186e-02,1.902957531434862348e-02,1.902723856984157164e-02,1.902490182533452326e-02,1.899530420048991738e-02,1.896570657564531845e-02,1.893610895080071257e-02,1.890651132595611364e-02,1.887691370111150777e-02,1.884731607626690536e-02,1.881771845142229949e-02,1.878812082657769708e-02,1.875852320173309468e-02,1.872892557688849227e-02,1.869932795204388640e-02,1.861005621941091981e-02,1.852078448677794281e-02,1.843151275414496928e-02,1.834224102151200270e-02,1.825296928887902570e-02,1.816369755624605217e-02,1.807442582361308211e-02,1.798515409098010859e-02,1.789588235834713506e-02,1.780661062571416500e-02,1.771733889308118801e-02,1.767930846625656235e-02,1.764127803943193323e-02,1.760324761260730411e-02,1.756521718578267499e-02,1.752718675895804587e-02,1.748915633213341675e-02,1.745112590530878763e-02,1.741309547848415851e-02,1.737506505165953286e-02,1.733703462483490026e-02,1.729900419801026767e-02,1.727527036326050383e-02,1.725153652851073652e-02,1.722780269376096574e-02,1.720406885901119842e-02,1.718033502426143111e-02,1.715660118951166380e-02,1.713286735476189648e-02,1.710913352001212917e-02,1.708539968526235839e-02,1.706166585051259107e-02,1.703793201576282376e-02
1.196989475364375680e-02,1.221952812588209501e-02,1.246916149812043149e-02,1.271879487035877145e-02,1.296842824259710966e-02,1.321806161483544614e-02,1.346769498707378263e-02,1.371732835931211911e-02,1.396696173155045906e-02,1.421659510378879554e-02,1.446622847602713376e-02,1.471586184826547197e-02,1.497853738181800960e-02,1.524121291537054550e-02,1.550388844892308313e-02,1.576656398247562249e-02,1.602923951602815839e-02,1.629191504958069775e-02,1.655459058313323711e-02,1.681726611668577301e-02,1.707994165023831237e-02,1.734261718379084827e-02,1.760529271734338763e-02,1.769522150732682347e-02,1.778515029731025932e-02,1.787507908729369169e-02,1.796500787727712406e-02,1.805493666726055643e-02,1.814486545724398880e-02,1.823479424722742465e-02,1.832472303721086049e-02,1.841465182719429286e-02,1.850458061717772523e-02,1.859450940716115760e-02,1.862677903953720293e-02,1.865904867191324132e-02,1.869131830428927971e-02,1.872358793666532503e-02,1.875585756904136342e-02,1.878812720141740181e-02,1.882039683379344366e-02,1.885266646616948552e-02,1.888493609854552738e-02,1.891720573092156577e-02,1.894947536329760762e-02,1.894115348586275852e-02,1.893283160842791288e-02,1.892450973099305683e-02,1.891618785355820773e-02,1.890786597612336209e-02,1.889954409868850951e-02,1.889122222125366041e-02,1.888290034381881130e-02,1.887457846638396219e-02,1.886625658894911309e-02,1.885793471151426398e-02,1.882098062207400099e-02,1.878402653263373800e-02,1.874707244319347502e-02,1.871011835375321203e-02,1.867316426431294904e-02,1.863621017487268605e-02,1.859925608543242306e-02,1.856230199599216008e-02,1.852534790655189362e-02,1.848839381711163410e-02,1.845143972767136764e-02,1.834453448501923573e-02,1.823762924236709687e-02,1.813072399971495802e-02,1.802381875706282610e-02,1.791691351441068725e-02,1.781000827175855533e-02,1.770310302910641648e-02,1.759619778645428109e-02,1.748929254380214571e-02,1.738238730115000685e-02,1.727548205849787147e-02,1.723344766750236831e-02,1.719141327650685822e-02,1.714937888551135506e-02,1.710734449451584843e-02,1.706531010352034528e-02,1.702327571252483518e-02,1.698124132152933202e-02,1.693920693053382193e-02,1.689717253953831877e-02,1.685513814854281561e-02,1.681310375754730552e-02,1.678470943306449581e-02,1.675631510858167916e-02,1.672792078409886599e-02,1.669952645961605975e-02,1.667113213513324310e-02,1.664273781065042992e-02,1.661434348616761675e-02,1.658594916168480704e-02,1.655755483720199039e-02,1.652916051271918069e-02,1.650076618823636751e-02
1.196989475364375853e-02,1.222221880381876846e-02,1.247454285399377839e-02,1.272686690416879006e-02,1.297919095434380173e-02,1.323151500451881339e-02,1.348383905469382332e-02,1.373616310486883499e-02,1.398848715504384319e-02,1.424081120521885485e-02,1.449313525539386652e-02,1.474545930556887818e-02,1.502026063687650868e-02,1.529506196818413918e-02,1.556986329949176795e-02,1.584466463079940018e-02,1.611946596210702895e-02,1.639426729341465772e-02,1.666906862472228995e-02,1.694386995602991872e-02,1.721867128733754748e-02,1.749347261864517972e-02,1.776827394995280848e-02,1.784617131585762573e-02,1.792406868176243950e-02,1.800196604766725328e-02,1.807986341357206705e-02,1.815776077947688430e-02,1.823565814538169808e-02,1.831355551128651185e-02,1.839145287719132910e-02,1.846935024309614287e-02,1.854724760900095665e-02,1.862514497490577389e-02,1.864543586006734907e-02,1.866572674522893119e-02,1.868601763039050637e-02,1.870630851555208848e-02,1.872659940071366713e-02,1.874689028587524578e-02,1.876718117103682790e-02,1.878747205619840654e-02,1.880776294135998519e-02,1.882805382652156384e-02,1.884834471168314249e-02,1.883403770132049612e-02,1.881973069095784976e-02,1.880542368059519992e-02,1.879111667023255008e-02,1.877680965986990025e-02,1.876250264950725041e-02,1.874819563914460058e-02,1.873388862878195421e-02,1.871958161841930438e-02,1.870527460805665801e-02,1.869096759769400817e-02,1.864665704365808807e-02,1.860234648962215756e-02,1.855803593558623746e-02,1.851372538155031736e-02,1.846941482751439378e-02,1.842510427347847368e-02,1.838079371944255011e-02,1.833648316540662654e-02,1.829217261137070297e-02,1.824786205733477940e-02,1.820355150329885235e-02,1.807901275062755858e-02,1.795447399795625440e-02,1.782993524528495716e-02,1.770539649261365645e-02,1.758085773994235920e-02,1.745631898727105849e-02,1.733178023459975778e-02,1.720724148192846054e-02,1.708270272925715982e-02,1.695816397658585911e-02,1.683362522391455840e-02,1.678758686874817774e-02,1.674154851358179361e-02,1.669551015841540947e-02,1.664947180324902881e-02,1.660343344808264815e-02,1.655739509291626402e-02,1.651135673774987989e-02,1.646531838258349922e-02,1.641928002741711509e-02,1.637324167225073096e-02,1.632720331708435030e-02,1.629414850286849126e-02,1.626109368865263569e-02,1.622803887443677665e-02,1.619498406022092107e-02,1.616192924600506203e-02,1.612887443178920299e-02,1.609581961757334742e-02,1.606276480335749185e-02,1.602970998914163281e-02,1.599665517492577377e-02,1.596360036070991473e-02
1.196989475364375853e-02,1.222490948175544365e-02,1.247992420986712529e-02,1.273493893797881214e-02,1.298995366609049726e-02,1.324496839420218064e-02,1.349998312231386402e-02,1.375499785042554740e-02,1.401001257853723078e-02,1.426502730664891416e-02,1.452004203476060101e-02,1.477505676287228439e-02,1.506198389193500776e-02,1.534891102099772767e-02,1.563583815006045277e-02,1.592276527912317094e-02,1.620969240818589605e-02,1.649661953724861768e-02,1.678354666631133932e-02,1.707047379537406442e-02,1.735740092443678606e-02,1.764432805349950770e-02,1.793125518256222933e-02,1.799712112438842798e-02,1.806298706621462316e-02,1.812885300804081834e-02,1.819471894986701352e-02,1.826058489169320870e-02,1.832645083351940388e-02,1.839231677534559906e-02,1.845818271717179423e-02,1.852404865899799288e-02,1.858991460082418806e-02,1.865578054265038671e-02,1.866409268059750215e-02,1.867240481854461759e-02,1.868071695649173650e-02,1.868902909443885194e-02,1.869734123238596737e-02,1.870565337033308975e-02,1.871396550828020519e-02,1.872227764622732410e-02,1.873058978417443954e-02,1.873890192212155498e-02,1.874721406006867735e-02,1.872692191677823026e-02,1.870662977348777969e-02,1.868633763019733260e-02,1.866604548690688550e-02,1.864575334361643494e-02,1.862546120032598784e-02,1.860516905703554075e-02,1.858487691374509365e-02,1.856458477045464656e-02,1.854429262716419946e-02,1.852400048387375237e-02,1.847233346524216821e-02,1.842066644661058405e-02,1.836899942797900337e-02,1.831733240934741921e-02,1.826566539071583506e-02,1.821399837208425437e-02,1.816233135345267022e-02,1.811066433482108606e-02,1.805899731618950538e-02,1.800733029755792122e-02,1.795566327892633707e-02,1.781349101623587450e-02,1.767131875354541193e-02,1.752914649085494936e-02,1.738697422816448679e-02,1.724480196547402075e-02,1.710262970278355818e-02,1.696045744009309908e-02,1.681828517740263304e-02,1.667611291471216700e-02,1.653394065202170443e-02,1.639176838933124186e-02,1.634172606999398369e-02,1.629168375065672553e-02,1.624164143131946389e-02,1.619159911198220572e-02,1.614155679264494755e-02,1.609151447330768592e-02,1.604147215397042775e-02,1.599142983463316611e-02,1.594138751529590795e-02,1.589134519595864631e-02,1.584130287662138814e-02,1.580358757267248671e-02,1.576587226872358527e-02,1.572815696477467690e-02,1.569044166082577893e-02,1.565272635687687403e-02,1.561501105292797259e-02,1.557729574897906942e-02,1.553958044503016972e-02,1.550186514108126482e-02,1.546414983713236338e-02,1.542643453318346021e-02
1.196989475364375853e-02,1.222760015969211536e-02,1.248530556574047219e-02,1.274301097178883076e-02,1.300071637783718759e-02,1.325842178388554615e-02,1.351612718993390125e-02,1.377383259598225981e-02,1.403153800203061838e-02,1.428924340807897521e-02,1.454694881412733377e-02,1.480465422017569060e-02,1.510370714699350511e-02,1.540276007381131962e-02,1.570181300062913413e-02,1.600086592744694863e-02,1.629991885426476314e-02,1.659897178108257765e-02,1.689802470790039216e-02,1.719707763471820666e-02,1.749613056153602117e-02,1.779518348835383568e-02,1.809423641517165018e-02,1.814807093291922677e-02,1.820190545066680335e-02,1.825573996841437993e-02,1.830957448616195998e-02,1.836340900390953657e-02,1.841724352165710968e-02,1.847107803940468626e-02,1.852491255715226631e-02,1.857874707489984289e-02,1.863258159264741948e-02,1.868641611039499259e-02,1.868274950112765176e-02,1.867908289186030746e-02,1.867541628259296316e-02,1.867174967332561886e-02,1.866808306405827456e-02,1.866441645479093026e-02,1.866074984552358595e-02,1.865708323625624165e-02,1.865341662698889735e-02,1.864975001772155305e-02,1.864608340845420528e-02,1.861980613223596093e-02,1.859352885601771657e-02,1.856725157979946875e-02,1.854097430358122439e-02,1.851469702736297310e-02,1.848841975114472874e-02,1.846214247492648439e-02,1.843586519870823656e-02,1.840958792248998874e-02,1.838331064627174438e-02,1.835703337005349656e-02,1.829800988682625182e-02,1.823898640359900708e-02,1.817996292037176581e-02,1.812093943714452454e-02,1.806191595391728327e-02,1.800289247069003853e-02,1.794386898746279380e-02,1.788484550423555253e-02,1.782582202100830779e-02,1.776679853778106652e-02,1.770777505455382178e-02,1.754796928184419735e-02,1.738816350913456946e-02,1.722835773642494156e-02,1.706855196371531713e-02,1.690874619100568924e-02,1.674894041829606481e-02,1.658913464558643691e-02,1.642932887287680901e-02,1.626952310016718459e-02,1.610971732745755669e-02,1.594991155474793226e-02,1.589586527123979312e-02,1.584181898773165745e-02,1.578777270422352177e-02,1.573372642071538610e-02,1.567968013720725043e-02,1.562563385369911129e-02,1.557158757019097561e-02,1.551754128668283821e-02,1.546349500317470253e-02,1.540944871966656686e-02,1.535540243615842772e-02,1.531302664247648389e-02,1.527065084879453659e-02,1.522827505511258755e-02,1.518589926143064026e-02,1.514352346774869296e-02,1.510114767406674566e-02,1.505877188038480009e-02,1.501639608670285453e-02,1.497402029302090549e-02,1.493164449933895820e-02,1.488926870565701090e-02
1.196989475364375853e-02,1.223029083762879055e-02,1.249068692161381909e-02,1.275108300559885111e-02,1.301147908958388139e-02,1.327187517356891167e-02,1.353227125755394195e-02,1.379266734153897569e-02,1.405306342552400424e-02,1.431345950950903625e-02,1.457385559349406480e-02,1.483425167747909508e-02,1.514543040205200419e-02,1.545660912662490810e-02,1.576778785119781895e-02,1.607896657577072633e-02,1.639014530034362677e-02,1.670132402491653761e-02,1.701250274948944499e-02,1.732368147406235237e-02,1.763486019863525628e-02,1.794603892320816366e-02,1.825721764778106757e-02,1.829902074145002902e-02,1.834082383511898701e-02,1.838262692878794499e-02,1.842443002245690298e-02,1.846623311612586096e-02,1.850803620979481548e-02,1.854983930346377347e-02,1.859164239713273145e-02,1.863344549080168944e-02,1.867524858447064742e-02,1.871705167813960541e-02,1.870140632165780137e-02,1.868576096517599733e-02,1.867011560869418635e-02,1.865447025221238231e-02,1.863882489573057827e-02,1.862317953924877423e-02,1.860753418276696325e-02,1.859188882628515921e-02,1.857624346980335170e-02,1.856059811332154766e-02,1.854495275683974015e-02,1.851269034769369853e-02,1.848042793854764998e-02,1.844816552940160490e-02,1.841590312025555981e-02,1.838364071110951126e-02,1.835137830196346617e-02,1.831911589281742109e-02,1.828685348367137253e-02,1.825459107452533092e-02,1.822232866537928583e-02,1.819006625623324075e-02,1.812368630841033890e-02,1.805730636058743011e-02,1.799092641276452825e-02,1.792454646494162640e-02,1.785816651711872455e-02,1.779178656929582270e-02,1.772540662147291737e-02,1.765902667365001552e-02,1.759264672582711367e-02,1.752626677800421182e-02,1.745988683018130302e-02,1.728244754745252021e-02,1.710500826472372352e-02,1.692756898199493723e-02,1.675012969926614748e-02,1.657269041653735425e-02,1.639525113380856797e-02,1.621781185107977474e-02,1.604037256835098499e-02,1.586293328562219523e-02,1.568549400289340548e-02,1.550805472016461399e-02,1.545000447248560255e-02,1.539195422480658937e-02,1.533390397712757793e-02,1.527585372944856475e-02,1.521780348176954636e-02,1.515975323409053319e-02,1.510170298641152001e-02,1.504365273873250683e-02,1.498560249105349365e-02,1.492755224337448047e-02,1.486950199569546556e-02,1.482246571228047587e-02,1.477542942886548270e-02,1.472839314545049128e-02,1.468135686203549985e-02,1.463432057862050842e-02,1.458728429520551699e-02,1.454024801179052556e-02,1.449321172837553240e-02,1.444617544496053924e-02,1.439913916154554954e-02,1.435210287813055638e-02
1.196989475364375853e-02,1.223298151556546226e-02,1.249606827748716426e-02,1.275915503940887145e-02,1.302224180133057518e-02,1.328532856325227718e-02,1.354841532517398264e-02,1.381150208709568637e-02,1.407458884901739010e-02,1.433767561093909557e-02,1.460076237286079756e-02,1.486384913478250129e-02,1.518715365711050154e-02,1.551045817943850005e-02,1.583376270176650030e-02,1.615706722409449708e-02,1.648037174642249733e-02,1.680367626875049758e-02,1.712698079107849436e-02,1.745028531340649461e-02,1.777358983573449139e-02,1.809689435806249164e-02,1.842019888039048842e-02,1.844997054998082781e-02,1.847974221957116719e-02,1.850951388916150658e-02,1.853928555875184597e-02,1.856905722834218536e-02,1.859882889793252475e-02,1.862860056752286414e-02,1.865837223711320353e-02,1.868814390670353945e-02,1.871791557629387884e-02,1.874768724588421823e-02,1.872006314218795098e-02,1.869243903849168373e-02,1.866481493479541301e-02,1.863719083109914576e-02,1.860956672740288198e-02,1.858194262370661126e-02,1.855431852001034748e-02,1.852669441631407676e-02,1.849907031261780951e-02,1.847144620892154226e-02,1.844382210522527848e-02,1.840557456315142920e-02,1.836732702107758686e-02,1.832907947900374104e-02,1.829083193692989523e-02,1.825258439485605289e-02,1.821433685278220360e-02,1.817608931070836126e-02,1.813784176863451544e-02,1.809959422656066963e-02,1.806134668448682729e-02,1.802309914241298494e-02,1.794936272999441557e-02,1.787562631757585313e-02,1.780188990515729416e-02,1.772815349273873173e-02,1.765441708032016929e-02,1.758068066790160686e-02,1.750694425548304442e-02,1.743320784306447851e-02,1.735947143064591608e-02,1.728573501822735711e-02,1.721199860580878774e-02,1.701692581306083960e-02,1.682185302031288451e-02,1.662678022756492943e-02,1.643170743481697782e-02,1.623663464206902274e-02,1.604156184932107113e-02,1.584648905657311951e-02,1.565141626382516096e-02,1.545634347107721109e-02,1.526127067832925427e-02,1.506619788558130266e-02,1.500414367373141544e-02,1.494208946188152302e-02,1.488003525003163061e-02,1.481798103818174339e-02,1.475592682633184924e-02,1.469387261448196202e-02,1.463181840263207134e-02,1.456976419078218066e-02,1.450770997893228997e-02,1.444565576708239756e-02,1.438360155523250514e-02,1.433190478208447131e-02,1.428020800893643402e-02,1.422851123578839846e-02,1.417681446264036117e-02,1.412511768949232388e-02,1.407342091634428832e-02,1.402172414319625277e-02,1.397002737004821547e-02,1.391833059690017818e-02,1.386663382375214262e-02,1.381493705060410707e-02
1.196989475364375853e-02,1.223567219350213571e-02,1.250144963336051289e-02,1.276722707321889007e-02,1.303300451307726898e-02,1.329878195293564616e-02,1.356455939279402334e-02,1.383033683265240052e-02,1.409611427251077596e-02,1.436189171236915488e-02,1.462766915222753206e-02,1.489344659208591097e-02,1.522887691216900236e-02,1.556430723225209027e-02,1.589973755233518166e-02,1.623516787241827478e-02,1.657059819250136790e-02,1.690602851258445755e-02,1.724145883266754720e-02,1.757688915275064032e-02,1.791231947283372997e-02,1.824774979291682309e-02,1.858318011299990927e-02,1.860092035851163006e-02,1.861866060402335085e-02,1.863640084953507164e-02,1.865414109504678897e-02,1.867188134055850976e-02,1.868962158607023055e-02,1.870736183158195134e-02,1.872510207709367214e-02,1.874284232260538946e-02,1.876058256811710678e-02,1.877832281362882758e-02,1.873871996271809712e-02,1.869911711180737013e-02,1.865951426089664314e-02,1.861991140998591268e-02,1.858030855907518222e-02,1.854070570816445523e-02,1.850110285725372478e-02,1.846150000634299432e-02,1.842189715543226733e-02,1.838229430452153687e-02,1.834269145361080641e-02,1.829845877860915987e-02,1.825422610360752027e-02,1.820999342860587719e-02,1.816576075360423065e-02,1.812152807860258757e-02,1.807729540360094450e-02,1.803306272859930143e-02,1.798883005359765835e-02,1.794459737859601528e-02,1.790036470359436874e-02,1.785613202859272566e-02,1.777503915157850264e-02,1.769394627456427616e-02,1.761285339755005314e-02,1.753176052053583359e-02,1.745066764352161057e-02,1.736957476650739102e-02,1.728848188949316453e-02,1.720738901247894151e-02,1.712629613546472196e-02,1.704520325845049894e-02,1.696411038143627592e-02,1.675140407866915551e-02,1.653869777590203857e-02,1.632599147313491816e-02,1.611328517036780816e-02,1.590057886760068775e-02,1.568787256483357082e-02,1.547516626206645388e-02,1.526245995929933694e-02,1.504975365653222000e-02,1.483704735376510306e-02,1.462434105099798785e-02,1.455828287497722140e-02,1.449222469895645321e-02,1.442616652293568502e-02,1.436010834691491857e-02,1.429405017089415211e-02,1.422799199487338392e-02,1.416193381885261574e-02,1.409587564283184755e-02,1.402981746681107936e-02,1.396375929079031464e-02,1.389770111476954645e-02,1.384134385188846503e-02,1.378498658900738187e-02,1.372862932612630218e-02,1.367227206324522076e-02,1.361591480036413934e-02,1.355955753748305792e-02,1.350320027460197650e-02,1.344684301172089508e-02,1.339048574883981366e-02,1.333412848595873224e-02,1.327777122307765081e-02
1.196989475364375853e-02,1.223836287143880916e-02,1.250683098923385805e-02,1.277529910702891042e-02,1.304376722482396105e-02,1.331223534261901167e-02,1.358070346041406057e-02,1.384917157820911293e-02,1.411763969600416356e-02,1.438610781379921419e-02,1.465457593159426655e-02,1.492304404938931718e-02,1.527060016722749970e-02,1.561815628506568049e-02,1.596571240290386648e-02,1.631326852074204900e-02,1.666082463858023152e-02,1.700838075641841751e-02,1.735593687425659656e-02,1.770349299209478255e-02,1.805104910993296508e-02,1.839860522777114760e-02,1.874616134560933012e-02,1.875187016704242884e-02,1.875757898847553104e-02,1.876328780990863324e-02,1.876899663134173543e-02,1.877470545277483416e-02,1.878041427420793635e-02,1.878612309564103855e-02,1.879183191707413728e-02,1.879754073850723947e-02,1.880324955994033820e-02,1.880895838137343692e-02,1.875737678324825020e-02,1.870579518512306000e-02,1.865421358699786980e-02,1.860263198887267960e-02,1.855105039074748594e-02,1.849946879262229574e-02,1.844788719449710207e-02,1.839630559637191187e-02,1.834472399824672167e-02,1.829314240012153148e-02,1.824156080199633781e-02,1.819134299406690095e-02,1.814112518613745714e-02,1.809090737820801334e-02,1.804068957027856954e-02,1.799047176234912573e-02,1.794025395441968540e-02,1.789003614649024160e-02,1.783981833856079779e-02,1.778960053063135746e-02,1.773938272270191019e-02,1.768916491477246986e-02,1.760071557316258625e-02,1.751226623155270265e-02,1.742381688994282252e-02,1.733536754833293891e-02,1.724691820672305531e-02,1.715846886511317171e-02,1.707001952350329158e-02,1.698157018189340797e-02,1.689312084028352437e-02,1.680467149867364077e-02,1.671622215706375716e-02,1.648588234427747490e-02,1.625554253149119610e-02,1.602520271870491730e-02,1.579486290591863504e-02,1.556452309313235624e-02,1.533418328034607571e-02,1.510384346755979518e-02,1.487350365477351638e-02,1.464316384198723411e-02,1.441282402920095358e-02,1.418248421641467479e-02,1.411242207622303083e-02,1.404235993603138513e-02,1.397229779583974291e-02,1.390223565564809895e-02,1.383217351545645325e-02,1.376211137526480929e-02,1.369204923507316360e-02,1.362198709488152137e-02,1.355192495468987568e-02,1.348186281449823172e-02,1.341180067430658603e-02,1.335078292169246048e-02,1.328976516907833492e-02,1.322874741646420764e-02,1.316772966385008209e-02,1.310671191123595654e-02,1.304569415862183099e-02,1.298467640600770370e-02,1.292365865339357815e-02,1.286264090077945260e-02,1.280162314816532532e-02,1.274060539555119977e-02
1.196989475364375680e-02,1.226281506619620633e-02,1.255573537874865239e-02,1.284865569130110192e-02,1.314157600385354799e-02,1.343449631640599579e-02,1.372741662895844358e-02,1.402033694151088965e-02,1.431325725406333918e-02,1.460617756661578351e-02,1.489909787916822957e-02,1.519201819172068084e-02,1.550609391123541729e-02,1.582016963075015201e-02,1.613424535026488846e-02,1.644832106977962838e-02,1.676239678929436483e-02,1.707647250880910128e-02,1.739054822832383773e-02,1.770462394783857418e-02,1.801869966735331410e-02,1.833277538686805055e-02,1.864685110638278701e-02,1.862941816007711304e-02,1.861198521377143908e-02,1.859455226746576512e-02,1.857711932116008421e-02,1.855968637485441372e-02,1.854225342854873629e-02,1.852482048224306233e-02,1.850738753593738836e-02,1.848995458963171440e-02,1.847252164332604044e-02,1.845508869702036647e-02,1.837354839461266889e-02,1.829200809220497131e-02,1.821046778979727027e-02,1.812892748738957616e-02,1.804738718498187858e-02,1.796584688257418100e-02,1.788430658016647995e-02,1.780276627775878237e-02,1.772122597535108479e-02,1.763968567294338721e-02,1.755814537053568963e-02,1.747449713082762854e-02,1.739084889111957091e-02,1.730720065141150982e-02,1.722355241170344872e-02,1.713990417199539110e-02,1.705625593228732653e-02,1.697260769257926544e-02,1.688895945287120781e-02,1.680531121316314672e-02,1.672166297345508562e-02,1.663801473374702800e-02,1.653777460250144965e-02,1.643753447125587130e-02,1.633729434001029643e-02,1.623705420876472502e-02,1.613681407751915015e-02,1.603657394627357527e-02,1.593633381502799692e-02,1.583609368378241858e-02,1.573585355253684370e-02,1.563561342129127230e-02,1.553537329004569048e-02,1.530941505210169432e-02,1.508345681415769121e-02,1.485749857621369331e-02,1.463154033826969715e-02,1.440558210032569578e-02,1.417962386238169614e-02,1.395366562443769824e-02,1.372770738649370034e-02,1.350174914854969897e-02,1.327579091060569934e-02,1.304983267266170144e-02,1.297384239896560466e-02,1.289785212526950095e-02,1.282186185157340071e-02,1.274587157787730393e-02,1.266988130418120195e-02,1.259389103048510171e-02,1.251790075678900147e-02,1.244191048309290296e-02,1.236592020939680098e-02,1.228992993570069900e-02,1.221393966200459875e-02,1.215652410558692650e-02,1.209910854916924905e-02,1.204169299275157506e-02,1.198427743633390108e-02,1.192686187991622362e-02,1.186944632349854964e-02,1.181203076708087565e-02,1.175461521066320340e-02,1.169719965424552768e-02,1.163978409782785196e-02,1.158236854141017624e-02
1.196989475364375680e-02,1.228726726095360176e-02,1.260463976826344500e-02,1.292201227557328996e-02,1.323938478288313320e-02,1.355675729019297643e-02,1.387412979750282313e-02,1.419150230481266463e-02,1.450887481212250960e-02,1.482624731943235283e-02,1.514361982674219780e-02,1.546099233405204103e-02,1.574158765524333314e-02,1.602218297643462352e-02,1.630277829762591391e-02,1.658337361881720429e-02,1.686396894000849467e-02,1.714456426119978852e-02,1.742515958239107890e-02,1.770575490358236928e-02,1.798635022477365966e-02,1.826694554596495351e-02,1.854754086715624042e-02,1.850696615311179377e-02,1.846639143906734365e-02,1.842581672502289006e-02,1.838524201097844341e-02,1.834466729693399328e-02,1.830409258288954663e-02,1.826351786884508957e-02,1.822294315480064639e-02,1.818236844075619280e-02,1.814179372671174614e-02,1.810121901266729255e-02,1.798972000597709106e-02,1.787822099928688610e-02,1.776672199259668114e-02,1.765522298590647618e-02,1.754372397921626775e-02,1.743222497252606279e-02,1.732072596583586130e-02,1.720922695914565634e-02,1.709772795245545138e-02,1.698622894576524642e-02,1.687472993907504146e-02,1.675765126758836654e-02,1.664057259610168815e-02,1.652349392461500976e-02,1.640641525312833485e-02,1.628933658164165646e-02,1.617225791015497807e-02,1.605517923866829968e-02,1.593810056718162477e-02,1.582102189569494638e-02,1.570394322420826799e-02,1.558686455272159307e-02,1.547483363184032172e-02,1.536280271095905557e-02,1.525077179007778248e-02,1.513874086919651807e-02,1.502670994831524671e-02,1.491467902743397883e-02,1.480264810655270921e-02,1.469061718567144133e-02,1.457858626479017171e-02,1.446655534390890382e-02,1.435452442302763247e-02,1.413294775992591720e-02,1.391137109682419673e-02,1.368979443372247973e-02,1.346821777062076099e-02,1.324664110751904572e-02,1.302506444441732698e-02,1.280348778131560825e-02,1.258191111821389298e-02,1.236033445511217424e-02,1.213875779201045550e-02,1.191718112890873850e-02,1.183526272170818544e-02,1.175334431450762891e-02,1.167142590730707065e-02,1.158950750010651586e-02,1.150758909290595759e-02,1.142567068570540280e-02,1.134375227850484627e-02,1.126183387130429148e-02,1.117991546410373321e-02,1.109799705690317669e-02,1.101607864970262016e-02,1.096226528948139947e-02,1.090845192926017358e-02,1.085463856903895116e-02,1.080082520881772701e-02,1.074701184859650285e-02,1.069319848837527870e-02,1.063938512815405801e-02,1.058557176793283386e-02,1.053175840771160970e-02,1.047794504749038728e-02,1.042413168726916313e-02
1.196989475364375853e-02,1.231171945571099720e-02,1.265354415777823760e-02,1.299536885984548147e-02,1.333719356191272014e-02,1.367901826397996227e-02,1.402084296604720094e-02,1.436266766811444481e-02,1.470449237018168348e-02,1.504631707224892562e-02,1.538814177431616428e-02,1.572996647638340642e-02,1.597708139925125073e-02,1.622419632211909504e-02,1.647131124498693935e-02,1.671842616785478366e-02,1.696554109072262798e-02,1.721265601359047576e-02,1.745977093645832007e-02,1.770688585932616438e-02,1.795400078219401216e-02,1.820111570506185300e-02,1.844823062792969731e-02,1.838451414614647450e-02,1.832079766436324822e-02,1.825708118258002194e-02,1.819336470079679566e-02,1.812964821901357285e-02,1.806593173723034657e-02,1.800221525544712375e-02,1.793849877366389747e-02,1.787478229188067119e-02,1.781106581009744838e-02,1.774734932831422210e-02,1.760589161734150976e-02,1.746443390636880089e-02,1.732297619539608508e-02,1.718151848442337620e-02,1.704006077345065692e-02,1.689860306247794805e-02,1.675714535150523918e-02,1.661568764053252684e-02,1.647422992955981449e-02,1.633277221858710215e-02,1.619131450761438634e-02,1.604080540434909413e-02,1.589029630108379845e-02,1.573978719781850624e-02,1.558927809455321056e-02,1.543876899128791488e-02,1.528825988802262094e-02,1.513775078475732699e-02,1.498724168149203305e-02,1.483673257822673737e-02,1.468622347496144342e-02,1.453571437169614948e-02,1.441189266117918685e-02,1.428807095066222596e-02,1.416424924014526160e-02,1.404042752962830244e-02,1.391660581911133981e-02,1.379278410859437719e-02,1.366896239807741456e-02,1.354514068756045367e-02,1.342131897704349278e-02,1.329749726652653015e-02,1.317367555600956579e-02,1.295648046775012968e-02,1.273928537949069358e-02,1.252209029123125573e-02,1.230489520297182136e-02,1.208770011471238526e-02,1.187050502645294742e-02,1.165330993819351131e-02,1.143611484993407520e-02,1.121891976167464083e-02,1.100172467341520299e-02,1.078452958515576862e-02,1.069668304445075754e-02,1.060883650374574473e-02,1.052098996304073018e-02,1.043314342233572084e-02,1.034529688163070803e-02,1.025745034092569521e-02,1.016960380022068240e-02,1.008175725951567132e-02,9.993910718810658511e-03,9.906064178105645698e-03,9.818217637400634620e-03,9.768006473375862031e-03,9.717795309351091176e-03,9.667584145326316852e-03,9.617372981301545998e-03,9.567161817276773408e-03,9.516950653252000819e-03,9.466739489227228230e-03,9.416528325202455640e-03,9.366317161177684786e-03,9.316105997152912196e-03,9.265894833128139607e-03
1.196989475364375853e-02,1.233617165046839610e-02,1.270244854729303194e-02,1.306872544411767124e-02,1.343500234094230708e-02,1.380127923776694465e-02,1.416755613459158049e-02,1.453383303141621979e-02,1.490010992824085563e-02,1.526638682506549320e-02,1.563266372189013251e-02,1.599894061871477008e-02,1.621257514325916832e-02,1.642620966780356656e-02,1.663984419234796480e-02,1.685347871689236304e-02,1.706711324143676475e-02,1.728074776598116299e-02,1.749438229052556124e-02,1.770801681506995948e-02,1.792165133961435772e-02,1.813528586415875596e-02,1.834892038870315420e-02,1.826206213918115523e-02,1.817520388965915279e-02,1.808834564013715382e-02,1.800148739061515485e-02,1.791462914109315588e-02,1.782777089157115344e-02,1.774091264204915447e-02,1.765405439252715203e-02,1.756719614300515306e-02,1.748033789348315062e-02,1.739347964396114818e-02,1.722206322870593193e-02,1.705064681345071220e-02,1.687923039819549248e-02,1.670781398294027623e-02,1.653639756768505650e-02,1.636498115242983331e-02,1.619356473717461706e-02,1.602214832191940080e-02,1.585073190666417761e-02,1.567931549140896136e-02,1.550789907615374164e-02,1.532395954110983213e-02,1.514002000606591916e-02,1.495608047102200445e-02,1.477214093597809495e-02,1.458820140093418372e-02,1.440426186589027248e-02,1.422032233084636124e-02,1.403638279580245000e-02,1.385244326075853703e-02,1.366850372571462580e-02,1.348456419067071282e-02,1.334895169051805892e-02,1.321333919036540329e-02,1.307772669021274765e-02,1.294211419006009549e-02,1.280650168990743985e-02,1.267088918975478422e-02,1.253527668960213205e-02,1.239966418944947642e-02,1.226405168929682078e-02,1.212843918914416515e-02,1.199282668899150604e-02,1.178001317557435430e-02,1.156719966215719909e-02,1.135438614874004215e-02,1.114157263532289041e-02,1.092875912190573520e-02,1.071594560848857826e-02,1.050313209507142305e-02,1.029031858165426784e-02,1.007750506823711437e-02,9.864691554819959157e-03,9.651878041402803948e-03,9.558103367193338321e-03,9.464328692983869223e-03,9.370554018774400126e-03,9.276779344564934499e-03,9.183004670355463667e-03,9.089229996145998039e-03,8.995455321936528942e-03,8.901680647727061579e-03,8.807905973517592482e-03,8.714131299308123385e-03,8.620356625098656023e-03,8.573747657270336733e-03,8.527138689442013975e-03,8.480529721613692951e-03,8.433920753785373661e-03,8.387311785957050903e-03,8.340702818128729878e-03,8.294093850300408854e-03,8.247484882472087830e-03,8.200875914643766806e-03,8.154266946815445782e-03,8.107657978987124758e-03
1.196989475364375853e-02,1.236062384522579327e-02,1.275135293680782454e-02,1.314208202838985928e-02,1.353281111997189402e-02,1.392354021155392876e-02,1.431426930313596350e-02,1.470499839471799478e-02,1.509572748630003125e-02,1.548645657788206426e-02,1.587718566946410073e-02,1.626791476104613027e-02,1.644806888726708244e-02,1.662822301348803808e-02,1.680837713970899025e-02,1.698853126592994589e-02,1.716868539215089806e-02,1.734883951837185023e-02,1.752899364459280240e-02,1.770914777081375457e-02,1.788930189703470675e-02,1.806945602325565892e-02,1.824961014947661109e-02,1.813961013221583596e-02,1.802961011495506083e-02,1.791961009769428570e-02,1.780961008043350710e-02,1.769961006317273197e-02,1.758961004591195337e-02,1.747961002865118171e-02,1.736961001139040311e-02,1.725960999412962799e-02,1.714960997686885286e-02,1.703960995960807426e-02,1.683823484007035062e-02,1.663685972053262352e-02,1.643548460099489641e-02,1.623410948145717278e-02,1.603273436191944568e-02,1.583135924238171857e-02,1.562998412284399147e-02,1.542860900330626783e-02,1.522723388376854073e-02,1.502585876423081362e-02,1.482448364469309172e-02,1.460711367787056146e-02,1.438974371104802946e-02,1.417237374422550267e-02,1.395500377740297587e-02,1.373763381058044387e-02,1.352026384375791708e-02,1.330289387693538682e-02,1.308552391011285829e-02,1.286815394329032802e-02,1.265078397646779776e-02,1.243341400964527096e-02,1.228601071985692059e-02,1.213860743006857541e-02,1.199120414028022677e-02,1.184380085049187813e-02,1.169639756070352948e-02,1.154899427091518431e-02,1.140159098112683740e-02,1.125418769133848702e-02,1.110678440155013838e-02,1.095938111176179147e-02,1.081197782197344283e-02,1.060354588339857025e-02,1.039511394482369420e-02,1.018668200624882163e-02,9.978250067673949050e-03,9.769818129099074738e-03,9.561386190524198692e-03,9.352954251949326114e-03,9.144522313374453537e-03,8.936090374799579225e-03,8.727658436224706648e-03,8.519226497649832336e-03,8.419523689935910424e-03,8.319820882221985042e-03,8.220118074508063130e-03,8.120415266794137749e-03,8.020712459080214102e-03,7.921009651366288720e-03,7.821306843652365073e-03,7.721604035938441427e-03,7.621901228224516912e-03,7.522198420510593266e-03,7.422495612796668751e-03,7.379488841164801027e-03,7.336482069532929834e-03,7.293475297901060375e-03,7.250468526269190916e-03,7.207461754637320590e-03,7.164454983005451132e-03,7.121448211373580806e-03,7.078441439741713082e-03,7.035434668109841888e-03,6.992427896477972429e-03,6.949421124846102971e-03
1.196989475364375853e-02,1.238507603998318871e-02,1.280025732632261888e-02,1.321543861266204906e-02,1.363061989900148097e-02,1.404580118534090941e-02,1.446098247168034132e-02,1.487616375801977149e-02,1.529134504435920167e-02,1.570652633069863358e-02,1.612170761703806549e-02,1.653688890337749046e-02,1.668356263127500003e-02,1.683023635917250613e-02,1.697691008707001570e-02,1.712358381496752180e-02,1.727025754286502790e-02,1.741693127076253400e-02,1.756360499866004010e-02,1.771027872655754967e-02,1.785695245445505577e-02,1.800362618235256534e-02,1.815029991025007144e-02,1.801715812525051669e-02,1.788401634025096540e-02,1.775087455525141411e-02,1.761773277025186282e-02,1.748459098525231500e-02,1.735144920025276025e-02,1.721830741525320896e-02,1.708516563025365767e-02,1.695202384525410638e-02,1.681888206025455509e-02,1.668574027525500728e-02,1.645440645143477279e-02,1.622307262761453830e-02,1.599173880379430729e-02,1.576040497997407280e-02,1.552907115615384005e-02,1.529773733233360730e-02,1.506640350851337282e-02,1.483506968469314007e-02,1.460373586087290732e-02,1.437240203705267630e-02,1.414106821323244181e-02,1.389026781463129773e-02,1.363946741603015017e-02,1.338866701742900261e-02,1.313786661882785853e-02,1.288706622022671097e-02,1.263626582162556689e-02,1.238546542302441933e-02,1.213466502442327351e-02,1.188386462582212769e-02,1.163306422722098013e-02,1.138226382861983604e-02,1.122306974919579439e-02,1.106387566977175274e-02,1.090468159034771282e-02,1.074548751092367291e-02,1.058629343149963126e-02,1.042709935207559134e-02,1.026790527265154969e-02,1.010871119322750977e-02,9.949517113803466387e-03,9.790323034379426470e-03,9.631128954955384819e-03,9.427078591222793139e-03,9.223028227490201458e-03,9.018977863757608043e-03,8.814927500025014628e-03,8.610877136292422948e-03,8.406826772559831268e-03,8.202776408827237853e-03,7.998726045094646173e-03,7.794675681362053625e-03,7.590625317629461077e-03,7.386574953896869397e-03,7.280944012678490333e-03,7.175313071460110402e-03,7.069682130241729603e-03,6.964051189023350540e-03,6.858420247804970608e-03,6.752789306586590677e-03,6.647158365368210746e-03,6.541527424149831682e-03,6.435896482931450016e-03,6.330265541713070085e-03,6.224634600494691021e-03,6.185230025059273995e-03,6.145825449623853499e-03,6.106420874188436473e-03,6.067016298753018580e-03,6.027611723317598952e-03,5.988207147882181058e-03,5.948802572446761430e-03,5.909397997011344404e-03,5.869993421575925643e-03,5.830588846140506883e-03,5.791184270705088122e-03
1.196989475364375853e-02,1.240952823474058588e-02,1.284916171583741148e-02,1.328879519693424056e-02,1.372842867803106791e-02,1.416806215912789525e-02,1.460769564022472086e-02,1.504732912132154821e-02,1.548696260241837555e-02,1.592659608351520636e-02,1.636622956461203024e-02,1.680586304570886105e-02,1.691905637528292108e-02,1.703224970485697765e-02,1.714544303443104115e-02,1.725863636400510118e-02,1.737182969357916121e-02,1.748502302315322124e-02,1.759821635272728474e-02,1.771140968230134477e-02,1.782460301187540480e-02,1.793779634144946483e-02,1.805098967102352486e-02,1.789470611828519742e-02,1.773842256554687344e-02,1.758213901280854599e-02,1.742585546007021854e-02,1.726957190733189457e-02,1.711328835459356365e-02,1.695700480185523967e-02,1.680072124911691223e-02,1.664443769637858478e-02,1.648815414364025733e-02,1.633187059090192642e-02,1.607057806279919149e-02,1.580928553469644962e-02,1.554799300659370949e-02,1.528670047849096936e-02,1.502540795038822749e-02,1.476411542228548909e-02,1.450282289418275070e-02,1.424153036608000883e-02,1.398023783797727043e-02,1.371894530987452857e-02,1.345765278177178843e-02,1.317342195139202705e-02,1.288919112101226394e-02,1.260496029063249909e-02,1.232072946025273598e-02,1.203649862987297287e-02,1.175226779949321149e-02,1.146803696911344664e-02,1.118380613873368352e-02,1.089957530835391868e-02,1.061534447797415556e-02,1.033111364759439245e-02,1.016012877853465952e-02,9.989143909474924865e-03,9.818159040415190206e-03,9.647174171355457281e-03,9.476189302295722622e-03,9.305204433235989697e-03,9.134219564176255038e-03,8.963234695116520379e-03,8.792249826056787454e-03,8.621264956997054529e-03,8.450280087937319870e-03,8.250611299047007352e-03,8.050942510156696569e-03,7.851273721266385786e-03,7.651604932376075002e-03,7.451936143485764219e-03,7.252267354595452568e-03,7.052598565705141785e-03,6.852929776814831869e-03,6.653260987924519351e-03,6.453592199034208568e-03,6.253923410143897785e-03,6.142364335421063304e-03,6.030805260698227088e-03,5.919246185975390873e-03,5.807687111252555524e-03,5.696128036529720176e-03,5.584568961806883093e-03,5.473009887084047745e-03,5.361450812361211529e-03,5.249891737638375314e-03,5.138332662915539098e-03,5.026773588192703750e-03,4.990971208953737422e-03,4.955168829714768491e-03,4.919366450475802163e-03,4.883564071236835835e-03,4.847761691997868640e-03,4.811959312758901444e-03,4.776156933519934249e-03,4.740354554280967921e-03,4.704552175041999858e-03,4.668749795803032662e-03,4.632947416564065467e-03
1.196989475364375680e-02,1.243398042949798478e-02,1.289806610535220582e-02,1.336215178120643207e-02,1.382623745706065485e-02,1.429032313291487763e-02,1.475440880876910041e-02,1.521849448462332666e-02,1.568258016047754944e-02,1.614666583633177221e-02,1.661075151218599499e-02,1.707483718804022124e-02,1.715455011929083520e-02,1.723426305054144916e-02,1.731397598179206312e-02,1.739368891304268055e-02,1.747340184429329452e-02,1.755311477554390848e-02,1.763282770679452244e-02,1.771254063804513640e-02,1.779225356929575036e-02,1.787196650054636779e-02,1.795167943179697828e-02,1.777225411131988161e-02,1.759282879084277801e-02,1.741340347036567440e-02,1.723397814988857427e-02,1.705455282941147413e-02,1.687512750893437052e-02,1.669570218845726692e-02,1.651627686798016331e-02,1.633685154750306318e-02,1.615742622702596304e-02,1.597800090654885596e-02,1.568674967416361365e-02,1.539549844177836788e-02,1.510424720939311689e-02,1.481299597700787458e-02,1.452174474462262360e-02,1.423049351223737782e-02,1.393924227985212858e-02,1.364799104746688280e-02,1.335673981508163702e-02,1.306548858269638777e-02,1.277423735031114373e-02,1.245657608815276159e-02,1.213891482599438118e-02,1.182125356383600077e-02,1.150359230167762037e-02,1.118593103951924170e-02,1.086826977736085956e-02,1.055060851520248089e-02,1.023294725304410048e-02,9.915285990885716605e-03,9.597624728727337934e-03,9.279963466568957528e-03,9.097187807873529861e-03,8.914412149178103928e-03,8.731636490482676261e-03,8.548860831787250328e-03,8.366085173091822660e-03,8.183309514396394993e-03,8.000533855700969060e-03,7.817758197005541393e-03,7.634982538310115460e-03,7.452206879614688660e-03,7.269431220919260993e-03,7.074144006871232841e-03,6.878856792823201220e-03,6.683569578775172201e-03,6.488282364727142315e-03,6.292995150679113296e-03,6.097707936631083410e-03,5.902420722583052656e-03,5.707133508535024505e-03,5.511846294486992884e-03,5.316559080438964732e-03,5.121271866390933979e-03,5.003784658163644081e-03,4.886297449936352448e-03,4.768810241709059948e-03,4.651323033481767448e-03,4.533835825254476683e-03,4.416348617027184183e-03,4.298861408799892550e-03,4.181374200572600917e-03,4.063886992345309285e-03,3.946399784118016785e-03,3.828912575890725586e-03,3.796712392848210823e-03,3.764512209805693892e-03,3.732312026763178695e-03,3.700111843720662631e-03,3.667911660678146567e-03,3.635711477635630504e-03,3.603511294593114440e-03,3.571311111550599677e-03,3.539110928508083179e-03,3.506910745465567549e-03,3.474710562423051485e-03
1.196989475364375853e-02,1.245843262425537674e-02,1.294697049486699843e-02,1.343550836547862011e-02,1.392404623609024006e-02,1.441258410670186174e-02,1.490112197731348169e-02,1.538965984792510164e-02,1.587819771853672332e-02,1.636673558914834153e-02,1.685527345975996669e-02,1.734381133037158490e-02,1.739004386329875279e-02,1.743627639622592068e-02,1.748250892915308857e-02,1.752874146208025646e-02,1.757497399500742782e-02,1.762120652793459918e-02,1.766743906086176708e-02,1.771367159378893497e-02,1.775990412671610286e-02,1.780613665964327075e-02,1.785236919257043517e-02,1.764980210435456234e-02,1.744723501613868605e-02,1.724466792792280628e-02,1.704210083970692652e-02,1.683953375149105022e-02,1.663696666327517393e-02,1.643439957505929416e-02,1.623183248684341787e-02,1.602926539862754157e-02,1.582669831041166181e-02,1.562413122219578378e-02,1.530292128552803235e-02,1.498171134886027746e-02,1.466050141219252256e-02,1.433929147552476940e-02,1.401808153885701277e-02,1.369687160218925961e-02,1.337566166552150645e-02,1.305445172885374983e-02,1.273324179218599840e-02,1.241203185551824351e-02,1.209082191885048861e-02,1.173973022491349091e-02,1.138863853097649495e-02,1.103754683703949552e-02,1.068645514310249955e-02,1.033536344916550012e-02,9.984271755228504158e-03,9.633180061291504725e-03,9.282088367354508762e-03,8.930996673417511064e-03,8.579904979480513366e-03,8.228813285543513933e-03,8.034246837212393258e-03,7.839680388881274317e-03,7.645113940550153642e-03,7.450547492219035568e-03,7.255981043887914025e-03,7.061414595556794217e-03,6.866848147225675277e-03,6.672281698894555468e-03,6.477715250563434793e-03,6.283148802232314985e-03,6.088582353901195177e-03,5.897676714695447055e-03,5.706771075489698933e-03,5.515865436283949944e-03,5.324959797078202689e-03,5.134054157872452832e-03,4.943148518666703843e-03,4.752242879460956589e-03,4.561337240255208467e-03,4.370431601049459477e-03,4.179525961843711356e-03,3.988620322637963234e-03,3.865204980906215750e-03,3.741789639174468701e-03,3.618374297442719916e-03,3.494958955710972866e-03,3.371543613979224949e-03,3.248128272247477032e-03,3.124712930515729115e-03,3.001297588783981632e-03,2.877882247052233715e-03,2.754466905320485798e-03,2.631051563588739182e-03,2.602453576742674683e-03,2.573855589896610185e-03,2.545257603050545252e-03,2.516659616204480754e-03,2.488061629358416255e-03,2.459463642512351757e-03,2.430865655666286824e-03,2.402267668820222760e-03,2.373669681974157827e-03,2.345071695128093329e-03,2.316473708282028397e-03
1.196989475364375853e-02,1.248288481901277565e-02,1.299587488438179103e-02,1.350886494975080988e-02,1.402185501511982527e-02,1.453484508048884412e-02,1.504783514585786124e-02,1.556082521122687835e-02,1.607381527659589374e-02,1.658680534196491085e-02,1.709979540733393144e-02,1.761278547270294856e-02,1.762553760730666691e-02,1.763828974191039220e-02,1.765104187651411402e-02,1.766379401111783931e-02,1.767654614572156113e-02,1.768929828032528295e-02,1.770205041492900477e-02,1.771480254953272659e-02,1.772755468413645188e-02,1.774030681874017371e-02,1.775305895334389206e-02,1.752735009738924307e-02,1.730164124143459062e-02,1.707593238547993469e-02,1.685022352952528224e-02,1.662451467357062979e-02,1.639880581761597733e-02,1.617309696166132488e-02,1.594738810570667242e-02,1.572167924975201997e-02,1.549597039379736578e-02,1.527026153784271506e-02,1.491909289689245278e-02,1.456792425594219224e-02,1.421675561499192997e-02,1.386558697404166769e-02,1.351441833309140542e-02,1.316324969214114834e-02,1.281208105119088433e-02,1.246091241024062379e-02,1.210974376929036672e-02,1.175857512834010271e-02,1.140740648738984390e-02,1.102288436167422718e-02,1.063836223595861392e-02,1.025384011024299893e-02,9.869317984527385679e-03,9.484795858811768954e-03,9.100273733096155698e-03,8.715751607380538973e-03,8.331229481664923983e-03,7.946707355949308993e-03,7.562185230233694003e-03,7.177663104518079880e-03,6.971305866551265329e-03,6.764948628584452513e-03,6.558591390617640564e-03,6.352234152650827748e-03,6.145876914684014064e-03,5.939519676717201248e-03,5.733162438750388432e-03,5.526805200783576483e-03,5.320447962816762799e-03,5.114090724849949983e-03,4.907733486883137167e-03,4.721209422519669942e-03,4.534685358156204452e-03,4.348161293792736359e-03,4.161637229429270002e-03,3.975113165065801910e-03,3.788589100702334685e-03,3.602065036338867460e-03,3.415540971975401102e-03,3.229016907611933877e-03,3.042492843248466652e-03,2.855968778885000729e-03,2.726625303648796961e-03,2.597281828412593193e-03,2.467938353176389425e-03,2.338594877940186091e-03,2.209251402703981890e-03,2.079907927467777688e-03,1.950564452231574354e-03,1.821220976995370586e-03,1.691877501759167035e-03,1.562534026522963268e-03,1.433190551286761018e-03,1.408194760637147868e-03,1.383198969987534501e-03,1.358203179337920917e-03,1.333207388688307767e-03,1.308211598038694183e-03,1.283215807389080816e-03,1.258220016739467449e-03,1.233224226089854516e-03,1.208228435440240932e-03,1.183232644790627782e-03,1.158236854141014198e-03
1.196989475364376027e-02,1.250733701377017282e-02,1.304477927389658710e-02,1.358222153402300139e-02,1.411966379414941394e-02,1.465710605427582650e-02,1.519454831440224252e-02,1.573199057452865507e-02,1.626943283465507109e-02,1.680687509478148364e-02,1.734431735490789619e-02,1.788175961503431222e-02,1.786103135131458797e-02,1.784030308759486372e-02,1.781957482387514294e-02,1.779884656015541522e-02,1.777811829643569444e-02,1.775739003271597019e-02,1.773666176899624594e-02,1.771593350527652169e-02,1.769520524155679744e-02,1.767447697783707319e-02,1.765374871411734894e-02,1.740489809042392033e-02,1.715604746673049519e-02,1.690719684303706657e-02,1.665834621934363449e-02,1.640949559565020935e-02,1.616064497195678074e-02,1.591179434826334865e-02,1.566294372456992351e-02,1.541409310087649316e-02,1.516524247718306455e-02,1.491639185348963594e-02,1.453526450825686801e-02,1.415413716302410009e-02,1.377300981779133217e-02,1.339188247255856425e-02,1.301075512732579459e-02,1.262962778209302493e-02,1.224850043686025701e-02,1.186737309162748909e-02,1.148624574639472290e-02,1.110511840116195324e-02,1.072399105592918359e-02,1.030603849843495477e-02,9.888085940940722490e-03,9.470133383446488473e-03,9.052180825952259660e-03,8.634228268458027378e-03,8.216275710963796830e-03,7.798323153469564548e-03,7.380370595975332265e-03,6.962418038481099983e-03,6.544465480986868568e-03,6.126512923492636285e-03,5.908364895890131328e-03,5.690216868287624637e-03,5.472068840685118812e-03,5.253920813082613855e-03,5.035772785480108898e-03,4.817624757877602207e-03,4.599476730275097250e-03,4.381328702672591426e-03,4.163180675070085601e-03,3.945032647467579777e-03,3.726884619865074820e-03,3.544742130343889359e-03,3.362599640822704333e-03,3.180457151301518438e-03,2.998314661780332978e-03,2.816172172259147517e-03,2.634029682737962057e-03,2.451887193216776596e-03,2.269744703695591136e-03,2.087602214174405675e-03,1.905459724653219781e-03,1.723317235132034971e-03,1.588045626391375786e-03,1.452774017650716168e-03,1.317502408910056549e-03,1.182230800169397364e-03,1.046959191428737746e-03,9.116875826880783441e-04,7.764159739474188341e-04,6.411443652067594324e-04,5.058727564660999224e-04,3.706011477254404665e-04,2.353295389847826369e-04,2.139359445316205643e-04,1.925423500784584645e-04,1.711487556252963918e-04,1.497551611721343191e-04,1.283615667189722193e-04,1.069679722658101195e-04,8.557437781264803326e-05,6.418078335948625872e-05,4.278718890632415893e-05,2.139359445316209302e-05,0.000000000000000000e+00
1.196989475364375853e-02,1.251503194489180827e-02,1.306016913613985975e-02,1.360530632738791122e-02,1.415044351863596443e-02,1.469558070988401417e-02,1.524071790113206738e-02,1.578585509238011886e-02,1.633099228362816860e-02,1.687612947487622181e-02,1.742126666612427155e-02,1.796640385737232476e-02,1.791970163275581965e-02,1.787299940813931107e-02,1.782629718352280596e-02,1.777959495890630084e-02,1.773289273428979573e-02,1.768619050967328715e-02,1.763948828505678551e-02,1.759278606044027693e-02,1.754608383582377182e-02,1.749938161120726324e-02,1.745267938659075466e-02,1.717760317583681348e-02,1.690252696508287231e-02,1.662745075432893113e-02,1.635237454357498996e-02,1.607729833282104531e-02,1.580222212206710414e-02,1.552714591131316123e-02,1.525206970055922179e-02,1.497699348980527714e-02,1.470191727905133250e-02,1.442684106829739306e-02,1.402353452333277538e-02,1.362022797836816117e-02,1.321692143340354349e-02,1.281361488843892754e-02,1.241030834347431333e-02,1.200700179850969739e-02,1.160369525354507970e-02,1.120038870858046549e-02,1.079708216361584955e-02,1.039377561865123360e-02,9.990469073686617657e-03,9.588567994549211312e-03,9.186666915411801498e-03,8.784765836274393419e-03,8.382864757136985340e-03,7.980963677999577260e-03,7.579062598862169181e-03,7.177161519724760234e-03,6.775260440587351288e-03,6.373359361449942341e-03,5.971458282312533394e-03,5.569557203175125315e-03,5.371240814445574566e-03,5.172924425716023816e-03,4.974608036986473067e-03,4.776291648256922318e-03,4.577975259527372436e-03,4.379658870797821686e-03,4.181342482068270937e-03,3.983026093338720187e-03,3.784709704609169438e-03,3.586393315879619122e-03,3.388076927150068807e-03,3.222492845767172855e-03,3.056908764384276903e-03,2.891324683001380950e-03,2.725740601618485432e-03,2.560156520235589046e-03,2.394572438852693094e-03,2.228988357469797142e-03,2.063404276086901624e-03,1.897820194704005238e-03,1.732236113321109286e-03,1.566652031938213984e-03,1.443677842173978322e-03,1.320703652409742227e-03,1.197729462645506348e-03,1.074755272881270469e-03,9.517810831170345903e-04,8.288068933527986031e-04,7.058327035885626159e-04,5.828585138243269539e-04,4.598843240600909666e-04,3.369101342958550878e-04,2.139359445316206185e-04,1.944872223014732871e-04,1.750385000713259285e-04,1.555897778411785700e-04,1.361410556110312115e-04,1.166923333808838530e-04,9.724361115073649445e-05,7.779488892058913593e-05,5.834616669044206201e-05,3.889744446029469671e-05,1.944872223014736191e-05,0.000000000000000000e+00
1.196989475364375853e-02,1.252272687601344719e-02,1.307555899838313759e-02,1.362839112075282626e-02,1.418122324312251492e-02,1.473405536549220358e-02,1.528688748786189225e-02,1.583971961023158265e-02,1.639255173260127305e-02,1.694538385497096344e-02,1.749821597734065037e-02,1.805104809971034077e-02,1.797837191419705133e-02,1.790569572868376536e-02,1.783301954317047244e-02,1.776034335765718647e-02,1.768766717214389356e-02,1.761499098663060758e-02,1.754231480111732161e-02,1.746963861560403564e-02,1.739696243009074619e-02,1.732428624457745675e-02,1.725161005906416731e-02,1.695030826124970663e-02,1.664900646343525636e-02,1.634770466562079916e-02,1.604640286780634195e-02,1.574510106999188822e-02,1.544379927217742927e-02,1.514249747436297380e-02,1.484119567654851833e-02,1.453989387873405939e-02,1.423859208091960565e-02,1.393729028310514671e-02,1.351180453840868274e-02,1.308631879371222051e-02,1.266083304901575828e-02,1.223534730431929604e-02,1.180986155962283034e-02,1.138437581492636810e-02,1.095889007022990413e-02,1.053340432553344017e-02,1.010791858083697793e-02,9.682432836140513963e-03,9.256947091444051728e-03,8.871097490663467852e-03,8.485247889882880507e-03,8.099398289102294896e-03,7.713548688321712754e-03,7.327699087541127143e-03,6.941849486760541532e-03,6.555999885979955921e-03,6.170150285199370310e-03,5.784300684418785567e-03,5.398451083638199088e-03,5.012601482857614345e-03,4.834116733001017803e-03,4.655631983144422129e-03,4.477147233287827321e-03,4.298662483431232514e-03,4.120177733574635973e-03,3.941692983718040298e-03,3.763208233861445491e-03,3.584723484004849383e-03,3.406238734148253709e-03,3.227753984291658034e-03,3.049269234435062360e-03,2.900243561190456350e-03,2.751217887945850340e-03,2.602192214701243463e-03,2.453166541456637453e-03,2.304140868212030575e-03,2.155115194967424132e-03,2.006089521722818122e-03,1.857063848478211678e-03,1.708038175233605235e-03,1.559012501988998791e-03,1.409986828744392781e-03,1.299310057956580642e-03,1.188633287168768286e-03,1.077956516380955930e-03,9.672797455931437909e-04,8.566029748053313264e-04,7.459262040175189705e-04,6.352494332297065061e-04,5.245726624418943669e-04,4.138958916540819567e-04,3.032191208662696549e-04,1.925423500784586000e-04,1.750385000713260098e-04,1.575346500641933655e-04,1.400308000570607482e-04,1.225269500499281310e-04,1.050231000427955002e-04,8.751925003566286940e-05,7.001540002853023860e-05,5.251155002139786530e-05,3.500770001426523450e-05,1.750385000713263080e-05,0.000000000000000000e+00
1.196989475364375853e-02,1.253042180713508785e-02,1.309094886062641197e-02,1.365147591411774129e-02,1.421200296760906714e-02,1.477253002110039300e-02,1.533305707459172058e-02,1.589358412808304991e-02,1.645411118157437402e-02,1.701463823506570161e-02,1.757516528855702920e-02,1.813569234204835678e-02,1.803704219563828648e-02,1.793839204922821270e-02,1.783974190281814240e-02,1.774109175640807209e-02,1.764244160999799832e-02,1.754379146358793148e-02,1.744514131717786118e-02,1.734649117076779087e-02,1.724784102435772057e-02,1.714919087794765026e-02,1.705054073153757649e-02,1.672301334666260672e-02,1.639548596178764042e-02,1.606795857691266718e-02,1.574043119203769395e-02,1.541290380716272591e-02,1.508537642228775615e-02,1.475784903741278464e-02,1.443032165253781661e-02,1.410279426766284511e-02,1.377526688278787360e-02,1.344773949791290384e-02,1.300007455348459358e-02,1.255240960905628159e-02,1.210474466462796959e-02,1.165707972019966281e-02,1.120941477577135081e-02,1.076174983134304056e-02,1.031408488691472856e-02,9.866419942486418307e-03,9.418754998058108049e-03,8.971090053629796057e-03,8.523425109201487535e-03,8.153626986777724392e-03,7.783828864353961249e-03,7.414030741930198974e-03,7.044232619506440168e-03,6.674434497082677026e-03,6.304636374658915618e-03,5.934838252235152475e-03,5.565040129811391068e-03,5.195242007387627925e-03,4.825443884963865650e-03,4.455645762540103375e-03,4.296992651556462775e-03,4.138339540572822176e-03,3.979686429589181576e-03,3.821033318605540977e-03,3.662380207621900377e-03,3.503727096638259778e-03,3.345073985654619178e-03,3.186420874670978579e-03,3.027767763687337979e-03,2.869114652703697380e-03,2.710461541720057214e-03,2.577994276613740712e-03,2.445527011507423343e-03,2.313059746401106408e-03,2.180592481294789473e-03,2.048125216188472972e-03,1.915657951082156037e-03,1.783190685975838885e-03,1.650723420869522383e-03,1.518256155763205231e-03,1.385788890656888513e-03,1.253321625550572012e-03,1.154942273739183395e-03,1.056562921927794562e-03,9.581835701164057289e-04,8.598042183050170041e-04,7.614248664936281710e-04,6.630455146822393378e-04,5.646661628708505047e-04,4.662868110594618884e-04,3.679074592480730552e-04,2.695281074366842220e-04,1.711487556252966086e-04,1.555897778411787326e-04,1.400308000570608296e-04,1.244718222729429265e-04,1.089128444888250505e-04,9.335386670470714743e-05,7.779488892058925790e-05,6.223591113647135482e-05,4.667693335235368213e-05,3.111795556823577905e-05,1.555897778411789969e-05,0.000000000000000000e+00
1.196989475364375680e-02,1.253811673825672157e-02,1.310633872286968635e-02,1.367456070748265112e-02,1.424278269209561416e-02,1.481100467670858067e-02,1.537922666132154545e-02,1.594744864593451023e-02,1.651567063054747500e-02,1.708389261516043978e-02,1.765211459977340802e-02,1.822033658438636933e-02,1.809571247707951816e-02,1.797108836977266699e-02,1.784646426246580889e-02,1.772184015515895425e-02,1.759721604785210308e-02,1.747259194054524845e-02,1.734796783323839728e-02,1.722334372593154611e-02,1.709871961862468800e-02,1.697409551131783684e-02,1.684947140401098220e-02,1.649571843207549987e-02,1.614196546014001407e-02,1.578821248820452827e-02,1.543445951626904594e-02,1.508070654433356014e-02,1.472695357239807434e-02,1.437320060046259028e-02,1.401944762852710621e-02,1.366569465659162042e-02,1.331194168465613635e-02,1.295818871272065055e-02,1.248834456856049401e-02,1.201850042440033572e-02,1.154865628024017571e-02,1.107881213608001916e-02,1.060896799191985741e-02,1.013912384775970087e-02,9.669279703599542586e-03,9.199435559439382570e-03,8.729591415279226024e-03,8.259747271119067744e-03,7.789903126958908595e-03,7.436156482891970523e-03,7.082409838825032451e-03,6.728663194758092644e-03,6.374916550691155440e-03,6.021169906624216500e-03,5.667423262557279295e-03,5.313676618490339489e-03,4.959929974423400549e-03,4.606183330356462477e-03,4.252436686289522670e-03,3.898690042222584164e-03,3.759868570111898640e-03,3.621047098001213115e-03,3.482225625890528024e-03,3.343404153779843367e-03,3.204582681669157409e-03,3.065761209558472318e-03,2.926939737447786793e-03,2.788118265337101703e-03,2.649296793226416612e-03,2.510475321115730653e-03,2.371653849005045563e-03,2.255744992037019003e-03,2.139836135068992010e-03,2.023927278100965017e-03,1.908018421132937808e-03,1.792109564164910815e-03,1.676200707196883605e-03,1.560291850228856612e-03,1.444382993260829619e-03,1.328474136292802626e-03,1.212565279324775633e-03,1.096656422356748640e-03,1.010574489521783763e-03,9.244925566868186697e-04,8.384106238518536846e-04,7.523286910168886996e-04,6.662467581819236061e-04,5.801648253469584042e-04,4.940828925119934191e-04,4.080009596770284882e-04,3.219190268420633948e-04,2.358370940070983013e-04,1.497551611721342920e-04,1.361410556110311573e-04,1.225269500499280226e-04,1.089128444888249014e-04,9.529873892772176673e-05,8.168463336661861847e-05,6.807052780551548377e-05,5.445642224441234229e-05,4.084231668330940410e-05,2.722821112220626263e-05,1.361410556110313978e-05,0.000000000000000000e+00
1.196989475364375853e-02,1.254581166937835876e-02,1.312172858511296246e-02,1.369764550084756616e-02,1.427356241658216812e-02,1.484947933231677009e-02,1.542539624805137205e-02,1.600131316378597401e-02,1.657723007952057598e-02,1.715314699525518141e-02,1.772906391098977991e-02,1.830498082672438187e-02,1.815438275852074984e-02,1.800378469031711434e-02,1.785318662211347884e-02,1.770258855390984334e-02,1.755199048570620785e-02,1.740139241750257235e-02,1.725079434929893685e-02,1.710019628109530135e-02,1.694959821289166585e-02,1.679900014468802688e-02,1.664840207648439138e-02,1.626842351748839649e-02,1.588844495849239813e-02,1.550846639949639803e-02,1.512848784050039967e-02,1.474850928150440305e-02,1.436853072250840468e-02,1.398855216351240285e-02,1.360857360451640449e-02,1.322859504552040787e-02,1.284861648652440777e-02,1.246863792752840767e-02,1.197661458363640311e-02,1.148459123974439507e-02,1.099256789585239223e-02,1.050054455196038593e-02,1.000852120806837789e-02,9.516497864176373320e-03,9.024474520284367016e-03,8.532451176392358977e-03,8.040427832500356142e-03,7.548404488608349838e-03,7.056381144716343534e-03,6.718685979006228798e-03,6.380990813296112327e-03,6.043295647585996723e-03,5.705600481875882854e-03,5.367905316165768118e-03,5.030210150455651646e-03,4.692514984745536910e-03,4.354819819035420439e-03,4.017124653325304835e-03,3.679429487615189232e-03,3.341734321905073628e-03,3.222744488667343178e-03,3.103754655429612729e-03,2.984764822191882279e-03,2.865774988954152263e-03,2.746785155716422247e-03,2.627795322478691797e-03,2.508805489240961348e-03,2.389815656003230898e-03,2.270825822765500449e-03,2.151835989527770433e-03,2.032846156290039983e-03,1.933495707460302932e-03,1.834145258630565231e-03,1.734794809800827746e-03,1.635444360971090479e-03,1.536093912141352560e-03,1.436743463311615293e-03,1.337393014481877591e-03,1.238042565652140107e-03,1.138692116822402622e-03,1.039341667992665138e-03,9.399912191629278702e-04,8.662067053043865164e-04,7.924221914458449458e-04,7.186376775873033751e-04,6.448531637287619129e-04,5.710686498702204506e-04,4.972841360116789884e-04,4.234996221531374177e-04,3.497151082945959555e-04,2.759305944360544390e-04,2.021460805775129226e-04,1.283615667189723006e-04,1.166923333808839072e-04,1.050231000427955002e-04,9.335386670470709322e-05,8.168463336661868624e-05,7.001540002853027926e-05,5.834616669044187227e-05,4.667693335235345852e-05,3.500770001426521417e-05,2.333846667617680719e-05,1.166923333808841037e-05,0.000000000000000000e+00
1.196989475364375853e-02,1.255350660049999942e-02,1.313711844735623684e-02,1.372073029421247946e-02,1.430434214106872035e-02,1.488795398792495950e-02,1.547156583478119865e-02,1.605517768163743780e-02,1.663878952849368043e-02,1.722240137534991958e-02,1.780601322220615873e-02,1.838962506906239441e-02,1.821305303996198152e-02,1.803648101086156169e-02,1.785990898176114533e-02,1.768333695266072897e-02,1.750676492356030914e-02,1.733019289445989278e-02,1.715362086535947295e-02,1.697704883625905659e-02,1.680047680715864022e-02,1.662390477805822039e-02,1.644733274895780056e-02,1.604112860290128964e-02,1.563492445684477872e-02,1.522872031078826432e-02,1.482251616473175340e-02,1.441631201867524074e-02,1.401010787261872809e-02,1.360390372656221543e-02,1.319769958050570277e-02,1.279149543444919185e-02,1.238529128839267746e-02,1.197908714233616480e-02,1.146488459871231221e-02,1.095068205508845614e-02,1.043647951146460355e-02,9.922276967840752693e-03,9.408074424216896631e-03,8.893871880593044038e-03,8.379669336969189711e-03,7.865466793345337118e-03,7.351264249721483658e-03,6.837061706097629331e-03,6.322859162473778473e-03,6.001215475120486205e-03,5.679571787767193070e-03,5.357928100413899934e-03,5.036284413060610268e-03,4.714640725707317133e-03,4.392997038354024865e-03,4.071353351000732597e-03,3.749709663647439462e-03,3.428065976294147194e-03,3.106422288940854926e-03,2.784778601587562224e-03,2.685620407222786849e-03,2.586462212858011474e-03,2.487304018493236533e-03,2.388145824128461159e-03,2.288987629763685784e-03,2.189829435398910409e-03,2.090671241034135468e-03,1.991513046669360094e-03,1.892354852304584502e-03,1.793196657939809344e-03,1.694038463575034187e-03,1.611246422883586210e-03,1.528454382192138234e-03,1.445662341500690258e-03,1.362870300809242499e-03,1.280078260117794523e-03,1.197286219426346547e-03,1.114494178734898571e-03,1.031702138043450595e-03,9.489100973520025106e-04,8.661180566605545346e-04,7.833260159691068838e-04,7.218389210869890528e-04,6.603518262048710050e-04,5.988647313227530656e-04,5.373776364406351261e-04,4.758905415585172410e-04,4.144034466763992473e-04,3.529163517942812537e-04,2.914292569121634227e-04,2.299421620300454562e-04,1.684550671479274897e-04,1.069679722658102957e-04,9.724361115073662997e-05,8.751925003566295071e-05,7.779488892058927145e-05,6.807052780551559219e-05,5.834616669044191971e-05,4.862180557536824045e-05,3.889744446029456119e-05,2.917308334522102762e-05,1.944872223014734497e-05,9.724361115073679260e-06,0.000000000000000000e+00
1.196989475364375853e-02,1.256120153162163661e-02,1.315250830959951295e-02,1.374381508757739276e-02,1.433512186555526910e-02,1.492642864353314891e-02,1.551773542151102525e-02,1.610904219948890159e-02,1.670034897746678140e-02,1.729165575544466121e-02,1.788296253342253755e-02,1.847426931140041043e-02,1.827172332140321320e-02,1.806917733140601598e-02,1.786663134140881182e-02,1.766408535141161112e-02,1.746153936141441390e-02,1.725899337141721321e-02,1.705644738142001599e-02,1.685390139142281182e-02,1.665135540142561113e-02,1.644880941142841391e-02,1.624626342143120974e-02,1.581383368831418626e-02,1.538140395519715931e-02,1.494897422208013409e-02,1.451654448896310540e-02,1.408411475584608191e-02,1.365168502272905496e-02,1.321925528961202800e-02,1.278682555649500105e-02,1.235439582337797410e-02,1.192196609026094714e-02,1.148953635714392019e-02,1.095315461378821957e-02,1.041677287043251895e-02,9.880391127076814869e-03,9.344009383721117723e-03,8.807627640365415372e-03,8.271245897009714756e-03,7.734864153654014141e-03,7.198482410298313525e-03,6.662100666942612909e-03,6.125718923586911425e-03,5.589337180231212544e-03,5.283744971234742745e-03,4.978152762238273812e-03,4.672560553241804013e-03,4.366968344245336815e-03,4.061376135248867883e-03,3.755783926252398951e-03,3.450191717255929151e-03,3.144599508259459785e-03,2.839007299262990419e-03,2.533415090266521487e-03,2.227822881270051687e-03,2.148496325778231388e-03,2.069169770286411088e-03,1.989843214794590788e-03,1.910516659302770488e-03,1.831190103810950189e-03,1.751863548319129889e-03,1.672536992827309589e-03,1.593210437335489289e-03,1.513883881843668990e-03,1.434557326351848690e-03,1.355230770860028607e-03,1.288997138306870356e-03,1.222763505753711672e-03,1.156529873200553204e-03,1.090296240647394737e-03,1.024062608094236486e-03,9.578289755410780183e-04,8.915953429879194423e-04,8.253617104347611916e-04,7.591280778816026156e-04,6.928944453284442565e-04,6.266608127752860058e-04,5.774711368695916976e-04,5.282814609638972810e-04,4.790917850582028644e-04,4.299021091525085021e-04,3.807124332468140855e-04,3.315227573411196689e-04,2.823330814354252523e-04,2.331434055297309442e-04,1.839537296240365276e-04,1.347640537183421110e-04,8.557437781264830431e-05,7.779488892058936632e-05,7.001540002853041478e-05,6.223591113647146324e-05,5.445642224441252525e-05,4.667693335235357371e-05,3.889744446029462895e-05,3.111795556823567741e-05,2.333846667617684107e-05,1.555897778411788953e-05,7.779488892058949846e-06,0.000000000000000000e+00
1.196989475364375853e-02,1.256889646274327380e-02,1.316789817184278906e-02,1.376689988094230606e-02,1.436590159004182132e-02,1.496490329914133485e-02,1.556390500824085185e-02,1.616290671734036885e-02,1.676190842643988238e-02,1.736091013553939938e-02,1.795991184463891638e-02,1.855891355373842991e-02,1.833039360284444488e-02,1.810187365195046333e-02,1.787335370105648177e-02,1.764483375016250022e-02,1.741631379926851519e-02,1.718779384837453364e-02,1.695927389748054862e-02,1.673075394658656706e-02,1.650223399569258204e-02,1.627371404479860048e-02,1.604519409390461893e-02,1.558653877372707768e-02,1.512788345354953989e-02,1.466922813337199691e-02,1.421057281319445566e-02,1.375191749301691614e-02,1.329326217283937489e-02,1.283460685266183537e-02,1.237595153248429239e-02,1.191729621230675287e-02,1.145864089212920989e-02,1.099998557195167037e-02,1.044142462886412000e-02,9.882863685776573093e-03,9.324302742689024454e-03,8.765741799601475814e-03,8.207180856513925440e-03,7.648619913426377669e-03,7.090058970338829897e-03,6.531498027251279523e-03,5.972937084163730884e-03,5.414376141076183112e-03,4.855815197988636207e-03,4.566274467348990611e-03,4.276733736709344147e-03,3.987193006069698550e-03,3.697652275430053821e-03,3.408111544790408225e-03,3.118570814150762628e-03,2.829030083511117032e-03,2.539489352871470568e-03,2.249948622231824538e-03,1.960407891592178941e-03,1.670867160952533128e-03,1.611372244333667903e-03,1.551877327714802895e-03,1.492382411095937887e-03,1.432887494477072879e-03,1.373392577858207871e-03,1.313897661239342863e-03,1.254402744620477855e-03,1.194907828001612847e-03,1.135412911382747839e-03,1.075917994763882831e-03,1.016423078145017823e-03,9.667478537301491892e-04,9.170726293152805554e-04,8.673974049004119216e-04,8.177221804855432877e-04,7.680469560706746539e-04,7.183717316558060201e-04,6.686965072409372778e-04,6.190212828260686440e-04,5.693460584112000102e-04,5.196708339963313763e-04,4.699956095814629051e-04,4.331033526521922282e-04,3.962110957229215513e-04,3.593188387936508744e-04,3.224265818643802517e-04,2.855343249351095748e-04,2.486420680058388979e-04,2.117498110765682210e-04,1.748575541472975712e-04,1.379652972180269214e-04,1.010730402887562445e-04,6.418078335948600123e-05,5.834616669044182484e-05,5.251155002139763490e-05,4.667693335235343819e-05,4.084231668330925503e-05,3.500770001426505831e-05,2.917308334522087176e-05,2.333846667617667844e-05,1.750385000713256981e-05,1.166923333808837818e-05,5.834616669044192479e-06,0.000000000000000000e+00
1.196989475364375853e-02,1.257659139386491272e-02,1.318328803408606344e-02,1.378998467430721936e-02,1.439668131452837355e-02,1.500337795474952426e-02,1.561007459497067845e-02,1.621677123519183264e-02,1.682346787541298683e-02,1.743016451563413755e-02,1.803686115585529173e-02,1.864355779607644592e-02,1.838906388428568003e-02,1.813456997249491415e-02,1.788007606070414826e-02,1.762558214891338237e-02,1.737108823712261996e-02,1.711659432533185407e-02,1.686210041354108818e-02,1.660760650175032230e-02,1.635311258995955641e-02,1.609861867816879399e-02,1.584412476637802811e-02,1.535924385913997429e-02,1.487436295190192048e-02,1.438948204466386493e-02,1.390460113742580939e-02,1.341972023018775557e-02,1.293483932294970003e-02,1.244995841571164621e-02,1.196507750847359067e-02,1.148019660123553512e-02,1.099531569399748131e-02,1.051043478675942576e-02,9.929694643940030832e-03,9.348954501120632435e-03,8.768214358301235772e-03,8.187474215481840845e-03,7.606734072662443315e-03,7.025993929843048387e-03,6.445253787023652592e-03,5.864513644204255929e-03,5.283773501384860134e-03,4.703033358565464339e-03,4.122293215746070279e-03,3.848803963463247584e-03,3.575314711180424456e-03,3.301825458897601762e-03,3.028336206614780802e-03,2.754846954331958107e-03,2.481357702049135413e-03,2.207868449766312718e-03,1.934379197483489807e-03,1.660889945200667113e-03,1.387400692917844635e-03,1.113911440635021724e-03,1.074248162889111791e-03,1.034584885143201641e-03,9.949216073972917077e-04,9.552583296513817747e-04,9.155950519054718417e-04,8.759317741595618002e-04,8.362684964136517587e-04,7.966052186677417173e-04,7.569419409218317843e-04,7.172786631759217428e-04,6.776153854300118098e-04,6.444985691534327928e-04,6.113817528768535590e-04,5.782649366002744337e-04,5.451481203236955252e-04,5.120313040471162914e-04,4.789144877705372202e-04,4.457976714939581491e-04,4.126808552173790237e-04,3.795640389408000068e-04,3.464472226642208814e-04,3.133304063876418645e-04,2.887355684347948188e-04,2.641407304819476647e-04,2.395458925291005106e-04,2.149510545762534921e-04,1.903562166234063651e-04,1.657613786705592381e-04,1.411665407177121383e-04,1.165717027648650384e-04,9.197686481201792499e-05,6.738202685917081157e-05,4.278718890632399630e-05,3.889744446029454086e-05,3.500770001426507864e-05,3.111795556823561642e-05,2.722821112220616437e-05,2.333846667617670215e-05,1.944872223014723994e-05,1.555897778411778111e-05,1.166923333808837818e-05,7.779488892058917659e-06,3.889744446029461370e-06,0.000000000000000000e+00
1.196989475364375853e-02,1.258428632498654991e-02,1.319867789632933955e-02,1.381306946767213092e-02,1.442746103901492230e-02,1.504185261035771368e-02,1.565624418170050505e-02,1.627063575304329643e-02,1.688502732438608780e-02,1.749941889572887918e-02,1.811381046707166709e-02,1.872820203841446193e-02,1.844773416572690825e-02,1.816726629303936497e-02,1.788679842035181822e-02,1.760633054766427147e-02,1.732586267497672472e-02,1.704539480228917797e-02,1.676492692960162775e-02,1.648445905691408100e-02,1.620399118422653426e-02,1.592352331153898404e-02,1.564305543885143729e-02,1.513194894455286744e-02,1.462084245025430107e-02,1.410973595595573296e-02,1.359862946165716312e-02,1.308752296735859501e-02,1.257641647306002516e-02,1.206530997876145705e-02,1.155420348446288895e-02,1.104309699016432084e-02,1.053199049586574926e-02,1.002088400156718288e-02,9.417964659015936463e-03,8.815045316464695246e-03,8.212125973913450561e-03,7.609206631362207610e-03,7.006287288810962924e-03,6.403367946259719973e-03,5.800448603708476154e-03,5.197529261157232336e-03,4.594609918605989385e-03,3.991690576054744699e-03,3.388771233503504784e-03,3.131333459577504558e-03,2.873895685651505633e-03,2.616457911725505840e-03,2.359020137799508216e-03,2.101582363873508424e-03,1.844144589947509282e-03,1.586706816021509489e-03,1.329269042095509914e-03,1.071831268169510121e-03,8.143934942435109795e-04,5.569557203175112955e-04,5.371240814445562206e-04,5.172924425716011456e-04,4.974608036986461791e-04,4.776291648256912126e-04,4.577975259527361377e-04,4.379658870797811712e-04,4.181342482068260962e-04,3.983026093338711297e-04,3.784709704609161090e-04,3.586393315879610882e-04,3.388076927150061217e-04,3.222492845767166133e-04,3.056908764384270506e-04,2.891324683001374337e-04,2.725740601618479252e-04,2.560156520235583083e-04,2.394572438852687456e-04,2.228988357469791830e-04,2.063404276086896745e-04,1.897820194704000847e-04,1.732236113321105491e-04,1.566652031938210135e-04,1.443677842173974907e-04,1.320703652409739137e-04,1.197729462645503502e-04,1.074755272881268003e-04,9.517810831170322322e-05,8.288068933527965973e-05,7.058327035885610980e-05,5.828585138243254631e-05,4.598843240600898960e-05,3.369101342958542611e-05,2.139359445316201170e-05,1.944872223014728398e-05,1.750385000713255287e-05,1.555897778411781838e-05,1.361410556110309066e-05,1.166923333808835785e-05,9.724361115073626744e-06,7.779488892058895636e-06,5.834616669044192479e-06,3.889744446029461370e-06,1.944872223014731956e-06,0.000000000000000000e+00
1.196989475364375853e-02,1.259198125610818710e-02,1.321406775857261393e-02,1.383615426103704596e-02,1.445824076350147452e-02,1.508032726596590309e-02,1.570241376843033165e-02,1.632450027089476022e-02,1.694658677335918878e-02,1.756867327582361735e-02,1.819075977828804591e-02,1.881284628075247448e-02,1.850640444716814687e-02,1.819996261358381578e-02,1.789352077999948470e-02,1.758707894641515362e-02,1.728063711283082601e-02,1.697419527924649840e-02,1.666775344566216732e-02,1.636131161207783624e-02,1.605486977849350516e-02,1.574842794490917755e-02,1.544198611132484647e-02,1.490465402996576406e-02,1.436732194860668339e-02,1.382998986724759925e-02,1.329265778588851685e-02,1.275532570452943618e-02,1.221799362317035204e-02,1.168066154181126790e-02,1.114332946045218722e-02,1.060599737909310308e-02,1.006866529773401894e-02,9.531333216374936537e-03,8.906234674091847298e-03,8.281136131808754589e-03,7.656037589525664482e-03,7.030939047242573507e-03,6.405840504959480798e-03,5.780741962676390691e-03,5.155643420393299717e-03,4.530544878110208742e-03,3.905446335827117768e-03,3.280347793544026360e-03,2.655249251260937988e-03,2.413862955691761965e-03,2.172476660122585508e-03,1.931090364553409051e-03,1.689704068984234329e-03,1.448317773415057873e-03,1.206931477845881850e-03,9.655451822767053931e-04,7.241588867075289364e-04,4.827725911383525339e-04,2.413862955691764296e-04,0.000000000000000000e+00,0.000000000000000000e+00,0.000000000000000000e+00,0.000000000000000000e+00,0.000000000000000000e+00,0.000000000000000000e+00,0.000000000000000000e+00,0.000000000000000000e+00,0.000000000000000000e+00,0.000000000000000000e+00,0.000000000000000000e+00,0.000000000000000000e+00,0.000000000000000000e+00,0.000000000000000000e+00,0.000000000000000000e+00,0.000000000000000000e+00,0.000000000000000000e+00,0.000000000000000000e+00,0.000000000000000000e+00,0.000000000000000000e+00,0.000000000000000000e+00,0.000000000000000000e+00,0.000000000000000000e+00,0.000000000000000000e+00,0.000000000000000000e+00,0.000000000000000000e+00,0.000000000000000000e+00,0.000000000000000000e+00,0.000000000000000000e+00,0.000000000000000000e+00,0.000000000000000000e+00,0.000000000000000000e+00,0.000000000000000000e+00,0.000000000000000000e+00,0.000000000000000000e+00,0.000000000000000000e+00,0.000000000000000000e+00,0.000000000000000000e+00,0.000000000000000000e+00,0.000000000000000000e+00,0.000000000000000000e+00,0.000000000000000000e+00,0.000000000000000000e+00,0.000000000000000000e+00,0.000000000000000000e+00
1.196989475364375853e-02,1.258793773783204416e-02,1.320598072202033152e-02,1.382402370620862062e-02,1.444206669039690798e-02,1.506010967458519534e-02,1.567815265877348443e-02,1.629619564296177006e-02,1.691423862715005569e-02,1.753228161133834478e-02,1.815032459552663388e-02,1.876836757971491951e-02,1.844886250258332555e-02,1.812935742545173159e-02,1.780985234832013764e-02,1.749034727118854368e-02,1.717084219405694973e-02,1.685133711692535924e-02,1.653183203979375834e-02,1.621232696266216786e-02,1.589282188553057390e-02,1.557331680839897994e-02,1.525381173126738599e-02,1.469830065341857714e-02,1.414278957556977349e-02,1.358727849772096291e-02,1.303176741987215753e-02,1.247625634202334868e-02,1.192074526417454330e-02,1.136523418632573446e-02,1.080972310847692734e-02,1.025421203062811849e-02,9.698700952779311379e-03,9.143189874930504266e-03,8.531432882272435916e-03,7.919675889614369302e-03,7.307918896956300953e-03,6.696161904298232603e-03,6.084404911640164254e-03,5.472647918982095905e-03,4.860890926324027556e-03,4.249133933665960074e-03,3.637376941007893025e-03,3.025619948349824243e-03,2.413862955691759363e-03,2.194420868810690369e-03,1.974978781929621376e-03,1.755536695048551948e-03,1.536094608167484256e-03,1.316652521286415045e-03,1.097210434405346052e-03,8.777683475242767331e-04,6.583262606432075227e-04,4.388841737621382039e-04,2.194420868810692646e-04,0.000000000000000000e+00,0.000000000000000000e+00,0.000000000000000000e+00,0.000000000000000000e+00,0.000000000000000000e+00,0.000000000000000000e+00,0.000000000000000000e+00,0.000000000000000000e+00,0.000000000000000000e+00,0.000000000000000000e+00,0.000000000000000000e+00,0.000000000000000000e+00,0.000000000000000000e+00,0.000000000000000000e+00,0.000000000000000000e+00,0.000000000000000000e+00,0.000000000000000000e+00,0.000000000000000000e+00,0.000000000000000000e+00,0.000000000000000000e+00,0.000000000000000000e+00,0.000000000000000000e+00,0.000000000000000000e+00,0.000000000000000000e+00,0.000000000000000000e+00,0.000000000000000000e+00,0.000000000000000000e+00,0.000000000000000000e+00,0.000000000000000000e+00,0.000000000000000000e+00,0.000000000000000000e+00,0.000000000000000000e+00,0.000000000000000000e+00,0.000000000000000000e+00,0.000000000000000000e+00,0.000000000000000000e+00,0.000000000000000000e+00,0.000000000000000000e+00,0.000000000000000000e+00,0.000000000000000000e+00,0.000000000000000000e+00,0.000000000000000000e+00,0.000000000000000000e+00,0.000000000000000000e+00,0.000000000000000000e+00
1.196989475364375853e-02,1.258389421955590469e-02,1.319789368546804911e-02,1.381189315138019701e-02,1.442589261729234316e-02,1.503989208320448759e-02,1.565389154911663375e-02,1.626789101502877991e-02,1.688189048094092606e-02,1.749588994685307222e-02,1.810988941276522185e-02,1.872388887867736454e-02,1.839132055799850771e-02,1.805875223731964740e-02,1.772618391664079057e-02,1.739361559596193027e-02,1.706104727528307691e-02,1.672847895460421661e-02,1.639591063392535977e-02,1.606334231324650294e-02,1.573077399256764264e-02,1.539820567188878581e-02,1.506563735120992724e-02,1.449194727687139368e-02,1.391825720253286533e-02,1.334456712819433177e-02,1.277087705385579995e-02,1.219718697951726813e-02,1.162349690517873631e-02,1.104980683084020275e-02,1.047611675650167266e-02,9.902426682163139107e-03,9.328736607824607285e-03,8.755046533486075463e-03,8.156631090453031474e-03,7.558215647419985750e-03,6.959800204386940026e-03,6.361384761353896904e-03,5.762969318320850312e-03,5.164553875287806323e-03,4.566138432254760599e-03,3.967722989221715742e-03,3.369307546188670885e-03,2.770892103155626028e-03,2.172476660122583773e-03,1.974978781929621809e-03,1.777480903736659412e-03,1.579983025543697014e-03,1.382485147350736134e-03,1.184987269157773736e-03,9.874893909648115552e-04,7.899915127718492658e-04,5.924936345788868680e-04,3.949957563859244703e-04,1.974978781929623978e-04,0.000000000000000000e+00,0.000000000000000000e+00,0.000000000000000000e+00,0.000000000000000000e+00,0.000000000000000000e+00,0.000000000000000000e+00,0.000000000000000000e+00,0.000000000000000000e+00,0.000000000000000000e+00,0.000000000000000000e+00,0.000000000000000000e+00,0.000000000000000000e+00,0.000000000000000000e+00,0.000000000000000000e+00,0.000000000000000000e+00,0.000000000000000000e+00,0.000000000000000000e+00,0.000000000000000000e+00,0.000000000000000000e+00,0.000000000000000000e+00,0.000000000000000000e+00,0.000000000000000000e+00,0.000000000000000000e+00,0.000000000000000000e+00,0.000000000000000000e+00,0.000000000000000000e+00,0.000000000000000000e+00,0.000000000000000000e+00,0.000000000000000000e+00,0.000000000000000000e+00,0.000000000000000000e+00,0.000000000000000000e+00,0.000000000000000000e+00,0.000000000000000000e+00,0.000000000000000000e+00,0.000000000000000000e+00,0.000000000000000000e+00,0.000000000000000000e+00,0.000000000000000000e+00,0.000000000000000000e+00,0.000000000000000000e+00,0.000000000000000000e+00,0.000000000000000000e+00,0.000000000000000000e+00,0.000000000000000000e+00
1.196989475364375853e-02,1.257985070127976522e-02,1.318980664891577018e-02,1.379976259655177340e-02,1.440971854418777835e-02,1.501967449182378331e-02,1.562963043945978653e-02,1.623958638709579322e-02,1.684954233473179644e-02,1.745949828236780313e-02,1.806945423000380635e-02,1.867941017763980957e-02,1.833377861341368986e-02,1.798814704918756668e-02,1.764251548496144351e-02,1.729688392073532380e-02,1.695125235650920062e-02,1.660562079228308091e-02,1.625998922805695773e-02,1.591435766383083455e-02,1.556872609960471311e-02,1.522309453537859167e-02,1.487746297115246676e-02,1.428559390032421196e-02,1.369372482949595890e-02,1.310185575866769890e-02,1.250998668783944411e-02,1.191811761701118758e-02,1.132624854618292931e-02,1.073437947535467452e-02,1.014251040452641799e-02,9.550641333698163191e-03,8.958772262869904926e-03,8.366903192041648396e-03,7.781829298633626164e-03,7.196755405225603933e-03,6.611681511817581701e-03,6.026607618409560337e-03,5.441533725001538105e-03,4.856459831593515873e-03,4.271385938185493641e-03,3.686312044777471843e-03,3.101238151369450045e-03,2.516164257961427814e-03,1.931090364553409051e-03,1.755536695048553466e-03,1.579983025543697881e-03,1.404429356038842513e-03,1.228875686533988229e-03,1.053322017029132644e-03,8.777683475242774921e-04,7.022146780194219069e-04,5.266610085145663218e-04,3.511073390097108450e-04,1.755536695048555309e-04,0.000000000000000000e+00,0.000000000000000000e+00,0.000000000000000000e+00,0.000000000000000000e+00,0.000000000000000000e+00,0.000000000000000000e+00,0.000000000000000000e+00,0.000000000000000000e+00,0.000000000000000000e+00,0.000000000000000000e+00,0.000000000000000000e+00,0.000000000000000000e+00,0.000000000000000000e+00,0.000000000000000000e+00,0.000000000000000000e+00,0.000000000000000000e+00,0.000000000000000000e+00,0.000000000000000000e+00,0.000000000000000000e+00,0.000000000000000000e+00,0.000000000000000000e+00,0.000000000000000000e+00,0.000000000000000000e+00,0.000000000000000000e+00,0.000000000000000000e+00,0.000000000000000000e+00,0.000000000000000000e+00,0.000000000000000000e+00,0.000000000000000000e+00,0.000000000000000000e+00,0.000000000000000000e+00,0.000000000000000000e+00,0.000000000000000000e+00,0.000000000000000000e+00,0.000000000000000000e+00,0.000000000000000000e+00,0.000000000000000000e+00,0.000000000000000000e+00,0.000000000000000000e+00,0.000000000000000000e+00,0.000000000000000000e+00,0.000000000000000000e+00,0.000000000000000000e+00,0.000000000000000000e+00,0.000000000000000000e+00
1.196989475364375680e-02,1.257580718300362055e-02,1.318171961236348257e-02,1.378763204172334805e-02,1.439354447108321007e-02,1.499945690044307556e-02,1.560536932980293758e-02,1.621128175916279959e-02,1.681719418852266335e-02,1.742310661788253057e-02,1.802901904724239432e-02,1.863493147660225113e-02,1.827623666882886855e-02,1.791754186105548249e-02,1.755884705328209991e-02,1.720015224550871039e-02,1.684145743773532433e-02,1.648276262996193828e-02,1.612406782218855222e-02,1.576537301441516617e-02,1.540667820664178012e-02,1.504798339886839059e-02,1.468928859109500454e-02,1.407924052377702330e-02,1.346919245645904553e-02,1.285914438914106429e-02,1.224909632182308306e-02,1.163904825450510182e-02,1.102900018718712058e-02,1.041895211986913934e-02,9.808904052551156369e-03,9.198855985233175131e-03,8.588807917915193893e-03,7.978759850597214390e-03,7.407027506814214783e-03,6.835295163031216044e-03,6.263562819248217305e-03,5.691830475465218565e-03,5.120098131682219826e-03,4.548365787899221087e-03,3.976633444116222348e-03,3.404901100333223175e-03,2.833168756550224869e-03,2.261436412767225696e-03,1.689704068984229993e-03,1.536094608167481871e-03,1.382485147350733532e-03,1.228875686533985193e-03,1.075266225717237938e-03,9.216567649004895994e-04,7.680473040837414774e-04,6.144378432669931386e-04,4.608283824502447997e-04,3.072189216334964609e-04,1.536094608167483389e-04,0.000000000000000000e+00,0.000000000000000000e+00,0.000000000000000000e+00,0.000000000000000000e+00,0.000000000000000000e+00,0.000000000000000000e+00,0.000000000000000000e+00,0.000000000000000000e+00,0.000000000000000000e+00,0.000000000000000000e+00,0.000000000000000000e+00,0.000000000000000000e+00,0.000000000000000000e+00,0.000000000000000000e+00,0.000000000000000000e+00,0.000000000000000000e+00,0.000000000000000000e+00,0.000000000000000000e+00,0.000000000000000000e+00,0.000000000000000000e+00,0.000000000000000000e+00,0.000000000000000000e+00,0.000000000000000000e+00,0.000000000000000000e+00,0.000000000000000000e+00,0.000000000000000000e+00,0.000000000000000000e+00,0.000000000000000000e+00,0.000000000000000000e+00,0.000000000000000000e+00,0.000000000000000000e+00,0.000000000000000000e+00,0.000000000000000000e+00,0.000000000000000000e+00,0.000000000000000000e+00,0.000000000000000000e+00,0.000000000000000000e+00,0.000000000000000000e+00,0.000000000000000000e+00,0.000000000000000000e+00,0.000000000000000000e+00,0.000000000000000000e+00,0.000000000000000000e+00,0.000000000000000000e+00,0.000000000000000000e+00
1.196989475364375853e-02,1.257176366472747935e-02,1.317363257581120189e-02,1.377550148689492444e-02,1.437737039797864699e-02,1.497923930906236781e-02,1.558110822014609036e-02,1.618297713122981291e-02,1.678484604231353372e-02,1.738671495339725800e-02,1.798858386448098229e-02,1.859045277556469616e-02,1.821869472424405417e-02,1.784693667292339830e-02,1.747517862160275284e-02,1.710342057028210044e-02,1.673166251896145151e-02,1.635990446764079911e-02,1.598814641632015018e-02,1.561638836499949952e-02,1.524463031367884885e-02,1.487287226235819819e-02,1.450111421103754579e-02,1.387288714722984158e-02,1.324466008342214084e-02,1.261643301961443316e-02,1.198820595580672721e-02,1.135997889199902300e-02,1.073175182819131358e-02,1.010352476438360937e-02,9.475297700575903426e-03,8.847070636768197480e-03,8.218843572960491534e-03,7.590616509152786455e-03,7.032225714994811208e-03,6.473834920836834227e-03,5.915444126678858980e-03,5.357053332520883733e-03,4.798662538362906751e-03,4.240271744204930637e-03,3.681880950046954957e-03,3.123490155888978843e-03,2.565099361731004030e-03,2.006708567573027915e-03,1.448317773415055054e-03,1.316652521286413528e-03,1.184987269157772218e-03,1.053322017029130692e-03,9.216567649004900331e-04,7.899915127718485069e-04,6.583262606432073059e-04,5.266610085145657797e-04,3.949957563859242534e-04,2.633305042572827814e-04,1.316652521286414720e-04,0.000000000000000000e+00,0.000000000000000000e+00,0.000000000000000000e+00,0.000000000000000000e+00,0.000000000000000000e+00,0.000000000000000000e+00,0.000000000000000000e+00,0.000000000000000000e+00,0.000000000000000000e+00,0.000000000000000000e+00,0.000000000000000000e+00,0.000000000000000000e+00,0.000000000000000000e+00,0.000000000000000000e+00,0.000000000000000000e+00,0.000000000000000000e+00,0.000000000000000000e+00,0.000000000000000000e+00,0.000000000000000000e+00,0.000000000000000000e+00,0.000000000000000000e+00,0.000000000000000000e+00,0.000000000000000000e+00,0.000000000000000000e+00,0.000000000000000000e+00,0.000000000000000000e+00,0.000000000000000000e+00,0.000000000000000000e+00,0.000000000000000000e+00,0.000000000000000000e+00,0.000000000000000000e+00,0.000000000000000000e+00,0.000000000000000000e+00,0.000000000000000000e+00,0.000000000000000000e+00,0.000000000000000000e+00,0.000000000000000000e+00,0.000000000000000000e+00,0.000000000000000000e+00,0.000000000000000000e+00,0.000000000000000000e+00,0.000000000000000000e+00,0.000000000000000000e+00,0.000000000000000000e+00,0.000000000000000000e+00
1.196989475364375853e-02,1.256772014645133988e-02,1.316554553925891775e-02,1.376337093206650083e-02,1.436119632487408218e-02,1.495902171768166179e-02,1.555684711048924487e-02,1.615467250329682275e-02,1.675249789610440410e-02,1.735032328891198544e-02,1.794814868171956679e-02,1.854597407452714120e-02,1.816115277965922939e-02,1.777633148479131758e-02,1.739151018992340578e-02,1.700668889505549050e-02,1.662186760018757176e-02,1.623704630531966342e-02,1.585222501045174467e-02,1.546740371558383287e-02,1.508258242071591759e-02,1.469776112584800579e-02,1.431293983098009051e-02,1.366653377068266159e-02,1.302012771038523267e-02,1.237372165008780028e-02,1.172731558979037136e-02,1.108090952949294071e-02,1.043450346919550832e-02,9.788097408898077667e-03,9.141691348600648748e-03,8.495285288303218094e-03,7.848879228005787440e-03,7.202473167708357653e-03,6.657423923175405031e-03,6.112374678642453277e-03,5.567325434109499788e-03,5.022276189576546299e-03,4.477226945043593677e-03,3.932177700510641055e-03,3.387128455977688000e-03,2.842079211444734944e-03,2.297029966911782323e-03,1.751980722378829267e-03,1.206931477845879681e-03,1.097210434405345185e-03,9.874893909648104710e-04,8.777683475242758658e-04,7.680473040837419111e-04,6.583262606432074143e-04,5.486052172026729176e-04,4.388841737621383124e-04,3.291631303216037072e-04,2.194420868810690749e-04,1.097210434405346052e-04,0.000000000000000000e+00,0.000000000000000000e+00,0.000000000000000000e+00,0.000000000000000000e+00,0.000000000000000000e+00,0.000000000000000000e+00,0.000000000000000000e+00,0.000000000000000000e+00,0.000000000000000000e+00,0.000000000000000000e+00,0.000000000000000000e+00,0.000000000000000000e+00,0.000000000000000000e+00,0.000000000000000000e+00,0.000000000000000000e+00,0.000000000000000000e+00,0.000000000000000000e+00,0.000000000000000000e+00,0.000000000000000000e+00,0.000000000000000000e+00,0.000000000000000000e+00,0.000000000000000000e+00,0.000000000000000000e+00,0.000000000000000000e+00,0.000000000000000000e+00,0.000000000000000000e+00,0.000000000000000000e+00,0.000000000000000000e+00,0.000000000000000000e+00,0.000000000000000000e+00,0.000000000000000000e+00,0.000000000000000000e+00,0.000000000000000000e+00,0.000000000000000000e+00,0.000000000000000000e+00,0.000000000000000000e+00,0.000000000000000000e+00,0.000000000000000000e+00,0.000000000000000000e+00,0.000000000000000000e+00,0.000000000000000000e+00,0.000000000000000000e+00,0.000000000000000000e+00,0.000000000000000000e+00,0.000000000000000000e+00
1.196989475364375853e-02,1.256367662817519867e-02,1.315745850270663535e-02,1.375124037723807723e-02,1.434502225176951563e-02,1.493880412630095578e-02,1.553258600083239419e-02,1.612636787536383259e-02,1.672014974989527447e-02,1.731393162442671635e-02,1.790771349895815476e-02,1.850149537348958623e-02,1.810361083507441154e-02,1.770572629665923339e-02,1.730784175824405871e-02,1.690995721982888056e-02,1.651207268141369894e-02,1.611418814299852079e-02,1.571630360458334263e-02,1.531841906616816795e-02,1.492053452775298980e-02,1.452264998933780991e-02,1.412476545092263176e-02,1.346018039413547640e-02,1.279559533734832451e-02,1.213101028056116741e-02,1.146642522377401378e-02,1.080184016698685842e-02,1.013725511019970306e-02,9.472670053412547697e-03,8.808084996625394070e-03,8.143499939838238708e-03,7.478914883051083345e-03,6.814329826263930585e-03,6.282622131356000589e-03,5.750914436448070592e-03,5.219206741540139728e-03,4.687499046632210599e-03,4.155791351724280602e-03,3.624083656816350606e-03,3.092375961908420609e-03,2.560668267000490612e-03,2.028960572092561050e-03,1.497252877184631053e-03,9.655451822767045257e-04,8.777683475242767331e-04,7.899915127718489406e-04,7.022146780194212564e-04,6.144378432669941143e-04,5.266610085145663218e-04,4.388841737621387460e-04,3.511073390097109535e-04,2.633305042572831609e-04,1.755536695048554225e-04,8.777683475242776547e-05,0.000000000000000000e+00,0.000000000000000000e+00,0.000000000000000000e+00,0.000000000000000000e+00,0.000000000000000000e+00,0.000000000000000000e+00,0.000000000000000000e+00,0.000000000000000000e+00,0.000000000000000000e+00,0.000000000000000000e+00,0.000000000000000000e+00,0.000000000000000000e+00,0.000000000000000000e+00,0.000000000000000000e+00,0.000000000000000000e+00,0.000000000000000000e+00,0.000000000000000000e+00,0.000000000000000000e+00,0.000000000000000000e+00,0.000000000000000000e+00,0.000000000000000000e+00,0.000000000000000000e+00,0.000000000000000000e+00,0.000000000000000000e+00,0.000000000000000000e+00,0.000000000000000000e+00,0.000000000000000000e+00,0.000000000000000000e+00,0.000000000000000000e+00,0.000000000000000000e+00,0.000000000000000000e+00,0.000000000000000000e+00,0.000000000000000000e+00,0.000000000000000000e+00,0.000000000000000000e+00,0.000000000000000000e+00,0.000000000000000000e+00,0.000000000000000000e+00,0.000000000000000000e+00,0.000000000000000000e+00,0.000000000000000000e+00,0.000000000000000000e+00,0.000000000000000000e+00,0.000000000000000000e+00,0.000000000000000000e+00
1.196989475364375853e-02,1.255963310989905574e-02,1.314937146615435468e-02,1.373910982240965188e-02,1.432884817866494909e-02,1.491858653492024803e-02,1.550832489117554697e-02,1.609806324743084244e-02,1.668780160368614485e-02,1.727753995994144032e-02,1.786727831619673926e-02,1.845701667245203473e-02,1.804606889048959717e-02,1.763512110852715267e-02,1.722417332656471164e-02,1.681322554460226715e-02,1.640227776263982612e-02,1.599132998067738162e-02,1.558038219871494059e-02,1.516943441675249610e-02,1.475848663479005334e-02,1.434753885282761231e-02,1.393659107086516954e-02,1.325382701758829121e-02,1.257106296431141461e-02,1.188829891103453280e-02,1.120553485775765273e-02,1.052277080448077440e-02,9.840006751203892593e-03,9.157242697927014258e-03,8.474478644650134188e-03,7.791714591373255852e-03,7.108950538096374047e-03,6.426186484819496579e-03,5.907820339536590075e-03,5.389454194253682703e-03,4.871088048970776199e-03,4.352721903687869695e-03,3.834355758404962757e-03,3.315989613122056253e-03,2.797623467839149315e-03,2.279257322556242811e-03,1.760891177273336524e-03,1.242525031990429369e-03,7.241588867075259006e-04,6.583262606432053543e-04,5.924936345788846996e-04,5.266610085145641534e-04,4.608283824502439866e-04,3.949957563859233861e-04,3.291631303216028940e-04,2.633305042572822935e-04,1.974978781929616930e-04,1.316652521286411197e-04,6.583262606432058693e-05,0.000000000000000000e+00,0.000000000000000000e+00,0.000000000000000000e+00,0.000000000000000000e+00,0.000000000000000000e+00,0.000000000000000000e+00,0.000000000000000000e+00,0.000000000000000000e+00,0.000000000000000000e+00,0.000000000000000000e+00,0.000000000000000000e+00,0.000000000000000000e+00,0.000000000000000000e+00,0.000000000000000000e+00,0.000000000000000000e+00,0.000000000000000000e+00,0.000000000000000000e+00,0.000000000000000000e+00,0.000000000000000000e+00,0.000000000000000000e+00,0.000000000000000000e+00,0.000000000000000000e+00,0.000000000000000000e+00,0.000000000000000000e+00,0.000000000000000000e+00,0.000000000000000000e+00,0.000000000000000000e+00,0.000000000000000000e+00,0.000000000000000000e+00,0.000000000000000000e+00,0.000000000000000000e+00,0.000000000000000000e+00,0.000000000000000000e+00,0.000000000000000000e+00,0.000000000000000000e+00,0.000000000000000000e+00,0.000000000000000000e+00,0.000000000000000000e+00,0.000000000000000000e+00,0.000000000000000000e+00,0.000000000000000000e+00,0.000000000000000000e+00,0.000000000000000000e+00,0.000000000000000000e+00,0.000000000000000000e+00
1.196989475364375853e-02,1.255558959162291453e-02,1.314128442960207054e-02,1.372697926758122827e-02,1.431267410556038774e-02,1.489836894353954201e-02,1.548406378151869975e-02,1.606975861949785575e-02,1.665545345747701175e-02,1.724114829545617122e-02,1.782684313343532723e-02,1.841253797141448323e-02,1.798852694590477239e-02,1.756451592039507195e-02,1.714050489488536111e-02,1.671649386937565721e-02,1.629248284386595330e-02,1.586847181835624593e-02,1.544446079284653855e-02,1.502044976733683118e-02,1.459643874182712554e-02,1.417242771631741644e-02,1.374841669080771080e-02,1.304747364104110775e-02,1.234653059127450471e-02,1.164558754150789993e-02,1.094464449174129689e-02,1.024370144197469384e-02,9.542758392208087331e-03,8.841815342441484288e-03,8.140872292674879510e-03,7.439929242908274731e-03,6.738986193141669953e-03,6.038043143375067777e-03,5.533018547717184765e-03,5.027993952059300886e-03,4.522969356401417007e-03,4.017944760743533995e-03,3.512920165085648815e-03,3.007895569427765804e-03,2.502870973769881924e-03,1.997846378111998045e-03,1.492821782454114817e-03,9.877971867962309378e-04,4.827725911383504739e-04,4.388841737621367945e-04,3.949957563859230608e-04,3.511073390097093272e-04,3.072189216334959730e-04,2.633305042572822393e-04,2.194420868810685599e-04,1.755536695048548262e-04,1.316652521286411197e-04,8.777683475242739955e-05,4.388841737621372688e-05,0.000000000000000000e+00,0.000000000000000000e+00,0.000000000000000000e+00,0.000000000000000000e+00,0.000000000000000000e+00,0.000000000000000000e+00,0.000000000000000000e+00,0.000000000000000000e+00,0.000000000000000000e+00,0.000000000000000000e+00,0.000000000000000000e+00,0.000000000000000000e+00,0.000000000000000000e+00,0.000000000000000000e+00,0.000000000000000000e+00,0.000000000000000000e+00,0.000000000000000000e+00,0.000000000000000000e+00,0.000000000000000000e+00,0.000000000000000000e+00,0.000000000000000000e+00,0.000000000000000000e+00,0.000000000000000000e+00,0.000000000000000000e+00,0.000000000000000000e+00,0.000000000000000000e+00,0.000000000000000000e+00,0.000000000000000000e+00,0.000000000000000000e+00,0.000000000000000000e+00,0.000000000000000000e+00,0.000000000000000000e+00,0.000000000000000000e+00,0.000000000000000000e+00,0.000000000000000000e+00,0.000000000000000000e+00,0.000000000000000000e+00,0.000000000000000000e+00,0.000000000000000000e+00,0.000000000000000000e+00,0.000000000000000000e+00,0.000000000000000000e+00,0.000000000000000000e+00,0.000000000000000000e+00,0.000000000000000000e+00
1.196989475364375853e-02,1.255154607334677506e-02,1.313319739304978813e-02,1.371484871275280466e-02,1.429650003245581946e-02,1.487815135215883600e-02,1.545980267186184906e-02,1.604145399156486906e-02,1.662310531126788213e-02,1.720475663097089866e-02,1.778640795067391173e-02,1.836805927037692826e-02,1.793098500131995801e-02,1.749391073226298776e-02,1.705683646320601404e-02,1.661976219414904726e-02,1.618268792509207701e-02,1.574561365603510676e-02,1.530853938697813652e-02,1.487146511792116453e-02,1.443439084886419602e-02,1.399731657980722577e-02,1.356024231075025205e-02,1.284112026449392430e-02,1.212199821823759828e-02,1.140287617198126879e-02,1.068375412572494104e-02,9.964632079468611556e-03,9.245510033212282069e-03,8.526387986955954318e-03,7.807265940699625699e-03,7.088143894443297080e-03,6.369021848186965859e-03,5.649899801930639842e-03,5.158216755897779456e-03,4.666533709864919936e-03,4.174850663832058682e-03,3.683167617799197862e-03,3.191484571766336174e-03,2.699801525733475788e-03,2.208118479700614967e-03,1.716435433667754147e-03,1.224752387634893760e-03,7.330693416020327233e-04,2.413862955691753996e-04,2.194420868810685328e-04,1.974978781929616659e-04,1.755536695048547991e-04,1.536094608167480678e-04,1.316652521286411739e-04,1.097210434405343477e-04,8.777683475242746731e-05,6.583262606432058693e-05,4.388841737621372688e-05,2.194420868810687699e-05,0.000000000000000000e+00,0.000000000000000000e+00,0.000000000000000000e+00,0.000000000000000000e+00,0.000000000000000000e+00,0.000000000000000000e+00,0.000000000000000000e+00,0.000000000000000000e+00,0.000000000000000000e+00,0.000000000000000000e+00,0.000000000000000000e+00,0.000000000000000000e+00,0.000000000000000000e+00,0.000000000000000000e+00,0.000000000000000000e+00,0.000000000000000000e+00,0.000000000000000000e+00,0.000000000000000000e+00,0.000000000000000000e+00,0.000000000000000000e+00,0.000000000000000000e+00,0.000000000000000000e+00,0.000000000000000000e+00,0.000000000000000000e+00,0.000000000000000000e+00,0.000000000000000000e+00,0.000000000000000000e+00,0.000000000000000000e+00,0.000000000000000000e+00,0.000000000000000000e+00,0.000000000000000000e+00,0.000000000000000000e+00,0.000000000000000000e+00,0.000000000000000000e+00,0.000000000000000000e+00,0.000000000000000000e+00,0.000000000000000000e+00,0.000000000000000000e+00,0.000000000000000000e+00,0.000000000000000000e+00,0.000000000000000000e+00,0.000000000000000000e+00,0.000000000000000000e+00,0.000000000000000000e+00,0.000000000000000000e+00
1.196989475364375853e-02,1.254750255507063213e-02,1.312511035649750572e-02,1.370271815792438105e-02,1.428032595935125465e-02,1.485793376077812825e-02,1.543554156220500184e-02,1.601314936363187544e-02,1.659075716505875250e-02,1.716836496648562610e-02,1.774597276791249970e-02,1.832358056933937329e-02,1.787344305673514017e-02,1.742330554413090704e-02,1.697316803152667045e-02,1.652303051892243385e-02,1.607289300631820073e-02,1.562275549371396760e-02,1.517261798110973274e-02,1.472248046850549788e-02,1.427234295590126475e-02,1.382220544329702989e-02,1.337206793069279330e-02,1.263476688794674084e-02,1.189746584520069012e-02,1.116016480245463592e-02,1.042286375970858346e-02,9.685562716962531002e-03,8.948261674216476808e-03,8.210960631470422613e-03,7.473659588724370154e-03,6.736358545978317694e-03,5.999057503232263500e-03,5.261756460486211907e-03,4.783414964078374146e-03,4.305073467670536384e-03,3.826731971262698623e-03,3.348390474854861295e-03,2.870048978447022666e-03,2.391707482039185338e-03,1.913365985631347577e-03,1.435024489223509598e-03,9.566829928156723789e-04,4.783414964078344005e-04,0.000000000000000000e+00,0.000000000000000000e+00,0.000000000000000000e+00,0.000000000000000000e+00,0.000000000000000000e+00,0.000000000000000000e+00,0.000000000000000000e+00,0.000000000000000000e+00,0.000000000000000000e+00,0.000000000000000000e+00,0.000000000000000000e+00,0.000000000000000000e+00,0.000000000000000000e+00,0.000000000000000000e+00,0.000000000000000000e+00,0.000000000000000000e+00,0.000000000000000000e+00,0.000000000000000000e+00,0.000000000000000000e+00,0.000000000000000000e+00,0.000000000000000000e+00,0.000000000000000000e+00,0.000000000000000000e+00,0.000000000000000000e+00,0.000000000000000000e+00,0.000000000000000000e+00,0.000000000000000000e+00,0.000000000000000000e+00,0.000000000000000000e+00,0.000000000000000000e+00,0.000000000000000000e+00,0.000000000000000000e+00,0.000000000000000000e+00,0.000000000000000000e+00,0.000000000000000000e+00,0.000000000000000000e+00,0.000000000000000000e+00,0.000000000000000000e+00,0.000000000000000000e+00,0.000000000000000000e+00,0.000000000000000000e+00,0.000000000000000000e+00,0.000000000000000000e+00,0.000000000000000000e+00,0.000000000000000000e+00,0.000000000000000000e+00,0.000000000000000000e+00,0.000000000000000000e+00,0.000000000000000000e+00,0.000000000000000000e+00,0.000000000000000000e+00,0.000000000000000000e+00,0.000000000000000000e+00,0.000000000000000000e+00,0.000000000000000000e+00,0.000000000000000000e+00
1.196989475364375853e-02,1.254550107613131363e-02,1.312110739861886699e-02,1.369671372110642556e-02,1.427232004359398239e-02,1.484792636608153575e-02,1.542353268856909085e-02,1.599913901105664768e-02,1.657474533354420104e-02,1.715035165603175787e-02,1.772595797851931471e-02,1.830156430100687154e-02,1.784940337245194755e-02,1.739724244389702010e-02,1.694508151534209958e-02,1.649292058678717213e-02,1.604075965823224814e-02,1.558859872967732589e-02,1.513643780112240017e-02,1.468427687256747445e-02,1.423211594401255220e-02,1.377995501545762821e-02,1.332779408690270249e-02,1.257933784854433842e-02,1.183088161018597782e-02,1.108242537182761375e-02,1.033396913346924968e-02,9.585512895110887346e-03,8.837056656752525011e-03,8.088600418394160940e-03,7.340144180035797737e-03,6.591687941677435401e-03,5.843231703319070464e-03,5.094775464960708995e-03,4.631614059055189601e-03,4.168452653149671075e-03,3.705291247244151681e-03,3.242129841338631854e-03,2.778968435433112026e-03,2.315807029527593500e-03,1.852645623622073889e-03,1.389484217716554495e-03,9.263228118110355350e-04,4.631614059055160328e-04,0.000000000000000000e+00,0.000000000000000000e+00,0.000000000000000000e+00,0.000000000000000000e+00,0.000000000000000000e+00,0.000000000000000000e+00,0.000000000000000000e+00,0.000000000000000000e+00,0.000000000000000000e+00,0.000000000000000000e+00,0.000000000000000000e+00,0.000000000000000000e+00,0.000000000000000000e+00,0.000000000000000000e+00,0.000000000000000000e+00,0.000000000000000000e+00,0.000000000000000000e+00,0.000000000000000000e+00,0.000000000000000000e+00,0.000000000000000000e+00,0.000000000000000000e+00,0.000000000000000000e+00,0.000000000000000000e+00,0.000000000000000000e+00,0.000000000000000000e+00,0.000000000000000000e+00,0.000000000000000000e+00,0.000000000000000000e+00,0.000000000000000000e+00,0.000000000000000000e+00,0.000000000000000000e+00,0.000000000000000000e+00,0.000000000000000000e+00,0.000000000000000000e+00,0.000000000000000000e+00,0.000000000000000000e+00,0.000000000000000000e+00,0.000000000000000000e+00,0.000000000000000000e+00,0.000000000000000000e+00,0.000000000000000000e+00,0.000000000000000000e+00,0.000000000000000000e+00,0.000000000000000000e+00,0.000000000000000000e+00,0.000000000000000000e+00,0.000000000000000000e+00,0.000000000000000000e+00,0.000000000000000000e+00,0.000000000000000000e+00,0.000000000000000000e+00,0.000000000000000000e+00,0.000000000000000000e+00,0.000000000000000000e+00,0.000000000000000000e+00,0.000000000000000000e+00
1.196989475364375853e-02,1.254349959719199513e-02,1.311710444074023346e-02,1.369070928428847006e-02,1.426431412783670666e-02,1.483791897138494499e-02,1.541152381493317985e-02,1.598512865848141645e-02,1.655873350202965652e-02,1.713233834557789312e-02,1.770594318912613319e-02,1.827954803267436631e-02,1.782536368816875494e-02,1.737117934366313662e-02,1.691699499915752525e-02,1.646281065465191040e-02,1.600862631014629903e-02,1.555444196564068245e-02,1.510025762113506934e-02,1.464607327662945449e-02,1.419188893212384138e-02,1.373770458761822827e-02,1.328352024311261169e-02,1.252390880914193774e-02,1.176429737517126900e-02,1.100468594120059505e-02,1.024507450722991764e-02,9.485463073259247160e-03,8.725851639288573214e-03,7.966240205317899267e-03,7.206628771347227055e-03,6.447017337376553109e-03,5.687405903405879162e-03,4.927794469435208685e-03,4.479813154032007659e-03,4.031831838628806633e-03,3.583850523225605607e-03,3.135869207822404581e-03,2.687887892419202687e-03,2.239906577016002528e-03,1.791925261612801069e-03,1.343943946209599826e-03,8.959626308063991249e-04,4.479813154031978819e-04,0.000000000000000000e+00,0.000000000000000000e+00,0.000000000000000000e+00,0.000000000000000000e+00,0.000000000000000000e+00,0.000000000000000000e+00,0.000000000000000000e+00,0.000000000000000000e+00,0.000000000000000000e+00,0.000000000000000000e+00,0.000000000000000000e+00,0.000000000000000000e+00,0.000000000000000000e+00,0.000000000000000000e+00,0.000000000000000000e+00,0.000000000000000000e+00,0.000000000000000000e+00,0.000000000000000000e+00,0.000000000000000000e+00,0.000000000000000000e+00,0.000000000000000000e+00,0.000000000000000000e+00,0.000000000000000000e+00,0.000000000000000000e+00,0.000000000000000000e+00,0.000000000000000000e+00,0.000000000000000000e+00,0.000000000000000000e+00,0.000000000000000000e+00,0.000000000000000000e+00,0.000000000000000000e+00,0.000000000000000000e+00,0.000000000000000000e+00,0.000000000000000000e+00,0.000000000000000000e+00,0.000000000000000000e+00,0.000000000000000000e+00,0.000000000000000000e+00,0.000000000000000000e+00,0.000000000000000000e+00,0.000000000000000000e+00,0.000000000000000000e+00,0.000000000000000000e+00,0.000000000000000000e+00,0.000000000000000000e+00,0.000000000000000000e+00,0.000000000000000000e+00,0.000000000000000000e+00,0.000000000000000000e+00,0.000000000000000000e+00,0.000000000000000000e+00,0.000000000000000000e+00,0.000000000000000000e+00,0.000000000000000000e+00,0.000000000000000000e+00,0.000000000000000000e+00
1.196989475364375853e-02,1.254149811825268010e-02,1.311310148286159646e-02,1.368470484747051803e-02,1.425630821207943613e-02,1.482791157668835250e-02,1.539951494129727060e-02,1.597111830590619216e-02,1.654272167051510853e-02,1.711432503512402836e-02,1.768592839973294473e-02,1.825753176434186109e-02,1.780132400388556232e-02,1.734511624342925662e-02,1.688890848297295438e-02,1.643270072251664868e-02,1.597649296206034297e-02,1.552028520160404074e-02,1.506407744114773850e-02,1.460786968069143280e-02,1.415166192023513056e-02,1.369545415977882485e-02,1.323924639932252262e-02,1.246847976973953706e-02,1.169771314015655671e-02,1.092694651057357288e-02,1.015617988099058906e-02,9.385413251407606974e-03,8.614646621824623152e-03,7.843879992241639329e-03,7.073113362658657241e-03,6.302346733075673418e-03,5.531580103492688728e-03,4.760813473909708375e-03,4.328012249008825717e-03,3.895211024107943058e-03,3.462409799207059966e-03,3.029608574306177741e-03,2.596807349405294216e-03,2.164006124504411557e-03,1.731204899603528465e-03,1.298403674702645373e-03,8.656024498017629316e-04,4.328012249008798395e-04,0.000000000000000000e+00,0.000000000000000000e+00,0.000000000000000000e+00,0.000000000000000000e+00,0.000000000000000000e+00,0.000000000000000000e+00,0.000000000000000000e+00,0.000000000000000000e+00,0.000000000000000000e+00,0.000000000000000000e+00,0.000000000000000000e+00,0.000000000000000000e+00,0.000000000000000000e+00,0.000000000000000000e+00,0.000000000000000000e+00,0.000000000000000000e+00,0.000000000000000000e+00,0.000000000000000000e+00,0.000000000000000000e+00,0.000000000000000000e+00,0.000000000000000000e+00,0.000000000000000000e+00,0.000000000000000000e+00,0.000000000000000000e+00,0.000000000000000000e+00,0.000000000000000000e+00,0.000000000000000000e+00,0.000000000000000000e+00,0.000000000000000000e+00,0.000000000000000000e+00,0.000000000000000000e+00,0.000000000000000000e+00,0.000000000000000000e+00,0.000000000000000000e+00,0.000000000000000000e+00,0.000000000000000000e+00,0.000000000000000000e+00,0.000000000000000000e+00,0.000000000000000000e+00,0.000000000000000000e+00,0.000000000000000000e+00,0.000000000000000000e+00,0.000000000000000000e+00,0.000000000000000000e+00,0.000000000000000000e+00,0.000000000000000000e+00,0.000000000000000000e+00,0.000000000000000000e+00,0.000000000000000000e+00,0.000000000000000000e+00,0.000000000000000000e+00,0.000000000000000000e+00,0.000000000000000000e+00,0.000000000000000000e+00,0.000000000000000000e+00,0.000000000000000000e+00
1.196989475364375853e-02,1.253949663931335813e-02,1.310909852498295773e-02,1.367870041065255907e-02,1.424830229632215867e-02,1.481790418199176000e-02,1.538750606766135960e-02,1.595710795333096094e-02,1.652670983900056054e-02,1.709631172467016014e-02,1.766591361033976321e-02,1.823551549600935934e-02,1.777728431960236624e-02,1.731905314319537315e-02,1.686082196678838005e-02,1.640259079038138695e-02,1.594435961397439386e-02,1.548612843756739729e-02,1.502789726116040420e-02,1.456966608475341110e-02,1.411143490834641800e-02,1.365320373193942317e-02,1.319497255553243008e-02,1.241305073033713638e-02,1.163112890514184788e-02,1.084920707994655072e-02,1.006728525475125875e-02,9.285363429555965054e-03,8.503441604360671355e-03,7.721519779165378523e-03,6.939597953970085692e-03,6.157676128774792861e-03,5.375754303579498294e-03,4.593832478384208065e-03,4.176211343985643774e-03,3.758590209587079050e-03,3.340969075188513892e-03,2.923347940789950035e-03,2.505726806391384877e-03,2.088105671992820586e-03,1.670484537594255428e-03,1.252863403195690704e-03,8.352422687971264130e-04,4.176211343985616886e-04,0.000000000000000000e+00,0.000000000000000000e+00,0.000000000000000000e+00,0.000000000000000000e+00,0.000000000000000000e+00,0.000000000000000000e+00,0.000000000000000000e+00,0.000000000000000000e+00,0.000000000000000000e+00,0.000000000000000000e+00,0.000000000000000000e+00,0.000000000000000000e+00,0.000000000000000000e+00,0.000000000000000000e+00,0.000000000000000000e+00,0.000000000000000000e+00,0.000000000000000000e+00,0.000000000000000000e+00,0.000000000000000000e+00,0.000000000000000000e+00,0.000000000000000000e+00,0.000000000000000000e+00,0.000000000000000000e+00,0.000000000000000000e+00,0.000000000000000000e+00,0.000000000000000000e+00,0.000000000000000000e+00,0.000000000000000000e+00,0.000000000000000000e+00,0.000000000000000000e+00,0.000000000000000000e+00,0.000000000000000000e+00,0.000000000000000000e+00,0.000000000000000000e+00,0.000000000000000000e+00,0.000000000000000000e+00,0.000000000000000000e+00,0.000000000000000000e+00,0.000000000000000000e+00,0.000000000000000000e+00,0.000000000000000000e+00,0.000000000000000000e+00,0.000000000000000000e+00,0.000000000000000000e+00,0.000000000000000000e+00,0.000000000000000000e+00,0.000000000000000000e+00,0.000000000000000000e+00,0.000000000000000000e+00,0.000000000000000000e+00,0.000000000000000000e+00,0.000000000000000000e+00,0.000000000000000000e+00,0.000000000000000000e+00,0.000000000000000000e+00,0.000000000000000000e+00
1.196989475364375853e-02,1.253749516037403790e-02,1.310509556710432073e-02,1.367269597383460357e-02,1.424029638056488641e-02,1.480789678729516751e-02,1.537549719402544687e-02,1.594309760075572971e-02,1.651069800748601255e-02,1.707829841421629538e-02,1.764589882094657822e-02,1.821349922767685411e-02,1.775324463531917363e-02,1.729299004296148967e-02,1.683273545060380919e-02,1.637248085824612176e-02,1.591222626588843780e-02,1.545197167353075558e-02,1.499171708117307336e-02,1.453146248881538941e-02,1.407120789645770545e-02,1.361095330410002323e-02,1.315069871174233754e-02,1.235762169093473570e-02,1.156454467012713559e-02,1.077146764931953028e-02,9.978390628511926708e-03,9.185313607704324868e-03,8.392236586896719558e-03,7.599159566089115983e-03,6.806082545281512408e-03,6.013005524473909701e-03,5.219928503666305258e-03,4.426851482858705153e-03,4.024410438962459230e-03,3.621969395066213307e-03,3.219528351169966517e-03,2.817087307273720594e-03,2.414646263377473803e-03,2.012205219481227880e-03,1.609764175584981957e-03,1.207323131688735384e-03,8.048820877924896776e-04,4.024410438962433209e-04,0.000000000000000000e+00,0.000000000000000000e+00,0.000000000000000000e+00,0.000000000000000000e+00,0.000000000000000000e+00,0.000000000000000000e+00,0.000000000000000000e+00,0.000000000000000000e+00,0.000000000000000000e+00,0.000000000000000000e+00,0.000000000000000000e+00,0.000000000000000000e+00,0.000000000000000000e+00,0.000000000000000000e+00,0.000000000000000000e+00,0.000000000000000000e+00,0.000000000000000000e+00,0.000000000000000000e+00,0.000000000000000000e+00,0.000000000000000000e+00,0.000000000000000000e+00,0.000000000000000000e+00,0.000000000000000000e+00,0.000000000000000000e+00,0.000000000000000000e+00,0.000000000000000000e+00,0.000000000000000000e+00,0.000000000000000000e+00,0.000000000000000000e+00,0.000000000000000000e+00,0.000000000000000000e+00,0.000000000000000000e+00,0.000000000000000000e+00,0.000000000000000000e+00,0.000000000000000000e+00,0.000000000000000000e+00,0.000000000000000000e+00,0.000000000000000000e+00,0.000000000000000000e+00,0.000000000000000000e+00,0.000000000000000000e+00,0.000000000000000000e+00,0.000000000000000000e+00,0.000000000000000000e+00,0.000000000000000000e+00,0.000000000000000000e+00,0.000000000000000000e+00,0.000000000000000000e+00,0.000000000000000000e+00,0.000000000000000000e+00,0.000000000000000000e+00,0.000000000000000000e+00,0.000000000000000000e+00,0.000000000000000000e+00,0.000000000000000000e+00,0.000000000000000000e+00
1.196989475364375853e-02,1.253549368143472287e-02,1.310109260922568547e-02,1.366669153701664807e-02,1.423229046480761241e-02,1.479788939259857501e-02,1.536348832038953935e-02,1.592908724818050195e-02,1.649468617597146455e-02,1.706028510376243063e-02,1.762588403155339323e-02,1.819148295934435236e-02,1.772920495103598101e-02,1.726692694272760620e-02,1.680464893441923485e-02,1.634237092611086350e-02,1.588009291780248869e-02,1.541781490949411561e-02,1.495553690118574253e-02,1.449325889287736771e-02,1.403098088456899636e-02,1.356870287626062155e-02,1.310642486795224500e-02,1.230219265153233502e-02,1.149796043511242330e-02,1.069372821869250985e-02,9.889496002272594663e-03,9.085263785852682947e-03,8.281031569432767761e-03,7.476799353012855177e-03,6.672567136592941726e-03,5.868334920173029143e-03,5.064102703753114824e-03,4.259870487333204843e-03,3.872609533939277288e-03,3.485348580545348865e-03,3.098087627151420876e-03,2.710826673757492887e-03,2.323565720363564464e-03,1.936304766969636909e-03,1.549043813575708920e-03,1.161782860181780931e-03,7.745219067878533759e-04,3.872609533939252243e-04,0.000000000000000000e+00,0.000000000000000000e+00,0.000000000000000000e+00,0.000000000000000000e+00,0.000000000000000000e+00,0.000000000000000000e+00,0.000000000000000000e+00,0.000000000000000000e+00,0.000000000000000000e+00,0.000000000000000000e+00,0.000000000000000000e+00,0.000000000000000000e+00,0.000000000000000000e+00,0.000000000000000000e+00,0.000000000000000000e+00,0.000000000000000000e+00,0.000000000000000000e+00,0.000000000000000000e+00,0.000000000000000000e+00,0.000000000000000000e+00,0.000000000000000000e+00,0.000000000000000000e+00,0.000000000000000000e+00,0.000000000000000000e+00,0.000000000000000000e+00,0.000000000000000000e+00,0.000000000000000000e+00,0.000000000000000000e+00,0.000000000000000000e+00,0.000000000000000000e+00,0.000000000000000000e+00,0.000000000000000000e+00,0.000000000000000000e+00,0.000000000000000000e+00,0.000000000000000000e+00,0.000000000000000000e+00,0.000000000000000000e+00,0.000000000000000000e+00,0.000000000000000000e+00,0.000000000000000000e+00,0.000000000000000000e+00,0.000000000000000000e+00,0.000000000000000000e+00,0.000000000000000000e+00,0.000000000000000000e+00,0.000000000000000000e+00,0.000000000000000000e+00,0.000000000000000000e+00,0.000000000000000000e+00,0.000000000000000000e+00,0.000000000000000000e+00,0.000000000000000000e+00,0.000000000000000000e+00,0.000000000000000000e+00,0.000000000000000000e+00,0.000000000000000000e+00
1.196989475364375853e-02,1.253349220249540263e-02,1.309708965134704847e-02,1.366068710019869431e-02,1.422428454905033841e-02,1.478788199790198252e-02,1.535147944675362662e-02,1.591507689560527419e-02,1.647867434445691656e-02,1.704227179330856240e-02,1.760586924216020824e-02,1.816946669101184714e-02,1.770516526675279187e-02,1.724086384249372966e-02,1.677656241823466399e-02,1.631226099397559831e-02,1.584795956971653610e-02,1.538365814545747390e-02,1.491935672119840996e-02,1.445505529693934602e-02,1.399075387268028381e-02,1.352645244842122160e-02,1.306215102416215593e-02,1.224676361212993433e-02,1.143137620009771274e-02,1.061598878806548768e-02,9.800601376033266088e-03,8.985213964001042761e-03,8.169826551968817699e-03,7.354439139936594372e-03,6.539051727904371045e-03,5.723664315872148585e-03,4.908276903839924390e-03,4.092889491807704533e-03,3.720808628916094912e-03,3.348727766024485290e-03,2.976646903132875235e-03,2.604566040241266048e-03,2.232485177349655559e-03,1.860404314458045938e-03,1.488323451566436317e-03,1.116242588674826262e-03,7.441617257832169657e-04,3.720808628916071276e-04,0.000000000000000000e+00,0.000000000000000000e+00,0.000000000000000000e+00,0.000000000000000000e+00,0.000000000000000000e+00,0.000000000000000000e+00,0.000000000000000000e+00,0.000000000000000000e+00,0.000000000000000000e+00,0.000000000000000000e+00,0.000000000000000000e+00,0.000000000000000000e+00,0.000000000000000000e+00,0.000000000000000000e+00,0.000000000000000000e+00,0.000000000000000000e+00,0.000000000000000000e+00,0.000000000000000000e+00,0.000000000000000000e+00,0.000000000000000000e+00,0.000000000000000000e+00,0.000000000000000000e+00,0.000000000000000000e+00,0.000000000000000000e+00,0.000000000000000000e+00,0.000000000000000000e+00,0.000000000000000000e+00,0.000000000000000000e+00,0.000000000000000000e+00,0.000000000000000000e+00,0.000000000000000000e+00,0.000000000000000000e+00,0.000000000000000000e+00,0.000000000000000000e+00,0.000000000000000000e+00,0.000000000000000000e+00,0.000000000000000000e+00,0.000000000000000000e+00,0.000000000000000000e+00,0.000000000000000000e+00,0.000000000000000000e+00,0.000000000000000000e+00,0.000000000000000000e+00,0.000000000000000000e+00,0.000000000000000000e+00,0.000000000000000000e+00,0.000000000000000000e+00,0.000000000000000000e+00,0.000000000000000000e+00,0.000000000000000000e+00,0.000000000000000000e+00,0.000000000000000000e+00,0.000000000000000000e+00,0.000000000000000000e+00,0.000000000000000000e+00,0.000000000000000000e+00
1.196989475364375853e-02,1.253149072355608414e-02,1.309308669346840974e-02,1.365468266338073881e-02,1.421627863329306268e-02,1.477787460320539176e-02,1.533947057311771736e-02,1.590106654303004297e-02,1.646266251294236857e-02,1.702425848285469764e-02,1.758585445276702325e-02,1.814745042267934538e-02,1.768112558246959579e-02,1.721480074225984272e-02,1.674847590205008965e-02,1.628215106184033659e-02,1.581582622163058352e-02,1.534950138142083045e-02,1.488317654121107739e-02,1.441685170100132432e-02,1.395052686079157125e-02,1.348420202058181819e-02,1.301787718037206165e-02,1.219133457272753192e-02,1.136479196508299871e-02,1.053824935743846725e-02,9.711706749793932308e-03,8.885164142149399105e-03,8.058621534504865902e-03,7.232078926860332699e-03,6.405536319215798628e-03,5.578993711571266292e-03,4.752451103926731354e-03,3.925908496282201621e-03,3.569007723892910367e-03,3.212106951503619114e-03,2.855206179114327426e-03,2.498305406725036606e-03,2.141404634335744919e-03,1.784503861946454099e-03,1.427603089557162412e-03,1.070702317167871159e-03,7.138015447785802303e-04,3.569007723892887599e-04,0.000000000000000000e+00,0.000000000000000000e+00,0.000000000000000000e+00,0.000000000000000000e+00,0.000000000000000000e+00,0.000000000000000000e+00,0.000000000000000000e+00,0.000000000000000000e+00,0.000000000000000000e+00,0.000000000000000000e+00,0.000000000000000000e+00,0.000000000000000000e+00,0.000000000000000000e+00,0.000000000000000000e+00,0.000000000000000000e+00,0.000000000000000000e+00,0.000000000000000000e+00,0.000000000000000000e+00,0.000000000000000000e+00,0.000000000000000000e+00,0.000000000000000000e+00,0.000000000000000000e+00,0.000000000000000000e+00,0.000000000000000000e+00,0.000000000000000000e+00,0.000000000000000000e+00,0.000000000000000000e+00,0.000000000000000000e+00,0.000000000000000000e+00,0.000000000000000000e+00,0.000000000000000000e+00,0.000000000000000000e+00,0.000000000000000000e+00,0.000000000000000000e+00,0.000000000000000000e+00,0.000000000000000000e+00,0.000000000000000000e+00,0.000000000000000000e+00,0.000000000000000000e+00,0.000000000000000000e+00,0.000000000000000000e+00,0.000000000000000000e+00,0.000000000000000000e+00,0.000000000000000000e+00,0.000000000000000000e+00,0.000000000000000000e+00,0.000000000000000000e+00,0.000000000000000000e+00,0.000000000000000000e+00,0.000000000000000000e+00,0.000000000000000000e+00,0.000000000000000000e+00,0.000000000000000000e+00,0.000000000000000000e+00,0.000000000000000000e+00,0.000000000000000000e+00
1.196989475364375853e-02,1.252948924461676737e-02,1.308908373558977274e-02,1.364867822656278332e-02,1.420827271753579216e-02,1.476786720850879753e-02,1.532746169948180637e-02,1.588705619045481521e-02,1.644665068142782405e-02,1.700624517240083289e-02,1.756583966337384173e-02,1.812543415434684363e-02,1.765708589818640664e-02,1.718873764202596272e-02,1.672038938586551879e-02,1.625204112970507486e-02,1.578369287354463094e-02,1.531534461738418874e-02,1.484699636122374482e-02,1.437864810506330263e-02,1.391029984890286217e-02,1.344195159274241824e-02,1.297360333658197605e-02,1.213590553332513124e-02,1.129820773006828989e-02,1.046050992681144508e-02,9.622812123554601998e-03,8.785114320297760654e-03,7.947416517040914105e-03,7.109718713784071893e-03,6.272020910527227947e-03,5.434323107270384867e-03,4.596625304013540053e-03,3.758927500756700877e-03,3.417206818869727991e-03,3.075486136982755539e-03,2.733765455095782219e-03,2.392044773208809334e-03,2.050324091321835580e-03,1.708603409434862911e-03,1.366882727547889592e-03,1.025162045660916489e-03,6.834413637739438201e-04,3.417206818869706632e-04,0.000000000000000000e+00,0.000000000000000000e+00,0.000000000000000000e+00,0.000000000000000000e+00,0.000000000000000000e+00,0.000000000000000000e+00,0.000000000000000000e+00,0.000000000000000000e+00,0.000000000000000000e+00,0.000000000000000000e+00,0.000000000000000000e+00,0.000000000000000000e+00,0.000000000000000000e+00,0.000000000000000000e+00,0.000000000000000000e+00,0.000000000000000000e+00,0.000000000000000000e+00,0.000000000000000000e+00,0.000000000000000000e+00,0.000000000000000000e+00,0.000000000000000000e+00,0.000000000000000000e+00,0.000000000000000000e+00,0.000000000000000000e+00,0.000000000000000000e+00,0.000000000000000000e+00,0.000000000000000000e+00,0.000000000000000000e+00,0.000000000000000000e+00,0.000000000000000000e+00,0.000000000000000000e+00,0.000000000000000000e+00,0.000000000000000000e+00,0.000000000000000000e+00,0.000000000000000000e+00,0.000000000000000000e+00,0.000000000000000000e+00,0.000000000000000000e+00,0.000000000000000000e+00,0.000000000000000000e+00,0.000000000000000000e+00,0.000000000000000000e+00,0.000000000000000000e+00,0.000000000000000000e+00,0.000000000000000000e+00,0.000000000000000000e+00,0.000000000000000000e+00,0.000000000000000000e+00,0.000000000000000000e+00,0.000000000000000000e+00,0.000000000000000000e+00,0.000000000000000000e+00,0.000000000000000000e+00,0.000000000000000000e+00,0.000000000000000000e+00,0.000000000000000000e+00
1.196989475364375853e-02,1.252748776567744887e-02,1.308508077771113574e-02,1.364267378974482782e-02,1.420026680177851816e-02,1.475785981381220677e-02,1.531545282584589537e-02,1.587304583787958398e-02,1.643063884991327606e-02,1.698823186194696466e-02,1.754582487398065327e-02,1.810341788601434534e-02,1.763304621390321056e-02,1.716267454179207924e-02,1.669230286968094445e-02,1.622193119756981314e-02,1.575155952545867835e-02,1.528118785334754703e-02,1.481081618123641572e-02,1.434044450912528267e-02,1.387007283701414961e-02,1.339970116490301656e-02,1.292932949279188178e-02,1.208047649392272709e-02,1.123162349505358107e-02,1.038277049618442291e-02,9.533917497315271689e-03,8.685064498446118733e-03,7.836211499576964043e-03,6.987358500707811088e-03,6.138505501838658132e-03,5.289652502969505177e-03,4.440799504100349619e-03,3.591946505231201001e-03,3.265405913846546049e-03,2.938865322461891531e-03,2.612324731077236579e-03,2.285784139692581627e-03,1.959243548307926241e-03,1.632702956923271940e-03,1.306162365538616988e-03,9.796217741539620365e-04,6.530811827693075184e-04,3.265405913846525124e-04,0.000000000000000000e+00,0.000000000000000000e+00,0.000000000000000000e+00,0.000000000000000000e+00,0.000000000000000000e+00,0.000000000000000000e+00,0.000000000000000000e+00,0.000000000000000000e+00,0.000000000000000000e+00,0.000000000000000000e+00,0.000000000000000000e+00,0.000000000000000000e+00,0.000000000000000000e+00,0.000000000000000000e+00,0.000000000000000000e+00,0.000000000000000000e+00,0.000000000000000000e+00,0.000000000000000000e+00,0.000000000000000000e+00,0.000000000000000000e+00,0.000000000000000000e+00,0.000000000000000000e+00,0.000000000000000000e+00,0.000000000000000000e+00,0.000000000000000000e+00,0.000000000000000000e+00,0.000000000000000000e+00,0.000000000000000000e+00,0.000000000000000000e+00,0.000000000000000000e+00,0.000000000000000000e+00,0.000000000000000000e+00,0.000000000000000000e+00,0.000000000000000000e+00,0.000000000000000000e+00,0.000000000000000000e+00,0.000000000000000000e+00,0.000000000000000000e+00,0.000000000000000000e+00,0.000000000000000000e+00,0.000000000000000000e+00,0.000000000000000000e+00,0.000000000000000000e+00,0.000000000000000000e+00,0.000000000000000000e+00,0.000000000000000000e+00,0.000000000000000000e+00,0.000000000000000000e+00,0.000000000000000000e+00,0.000000000000000000e+00,0.000000000000000000e+00,0.000000000000000000e+00,0.000000000000000000e+00,0.000000000000000000e+00,0.000000000000000000e+00,0.000000000000000000e+00
1.196989475364375853e-02,1.252548628673813037e-02,1.308107781983249875e-02,1.363666935292687232e-02,1.419226088602124243e-02,1.474785241911561601e-02,1.530344395220998438e-02,1.585903548530435622e-02,1.641462701839872806e-02,1.697021855149309644e-02,1.752581008458747175e-02,1.808140161768184012e-02,1.760900652962001794e-02,1.713661144155819577e-02,1.666421635349637359e-02,1.619182126543455141e-02,1.571942617737272924e-02,1.524703108931090359e-02,1.477463600124908141e-02,1.430224091318725924e-02,1.382984582512543706e-02,1.335745073706361488e-02,1.288505564900179270e-02,1.202504745452032814e-02,1.116503926003886704e-02,1.030503106555740421e-02,9.445022871075941379e-03,8.585014676594478547e-03,7.725006482113012246e-03,6.864998287631549415e-03,6.004990093150086583e-03,5.144981898668623752e-03,4.284973704187159185e-03,3.424965509705700257e-03,3.113605008823363673e-03,2.802244507941027089e-03,2.490884007058690505e-03,2.179523506176354354e-03,1.868163005294017119e-03,1.556802504411680752e-03,1.245442003529344168e-03,9.340815026470073671e-04,6.227210017646711082e-04,3.113605008823344157e-04,0.000000000000000000e+00,0.000000000000000000e+00,0.000000000000000000e+00,0.000000000000000000e+00,0.000000000000000000e+00,0.000000000000000000e+00,0.000000000000000000e+00,0.000000000000000000e+00,0.000000000000000000e+00,0.000000000000000000e+00,0.000000000000000000e+00,0.000000000000000000e+00,0.000000000000000000e+00,0.000000000000000000e+00,0.000000000000000000e+00,0.000000000000000000e+00,0.000000000000000000e+00,0.000000000000000000e+00,0.000000000000000000e+00,0.000000000000000000e+00,0.000000000000000000e+00,0.000000000000000000e+00,0.000000000000000000e+00,0.000000000000000000e+00,0.000000000000000000e+00,0.000000000000000000e+00,0.000000000000000000e+00,0.000000000000000000e+00,0.000000000000000000e+00,0.000000000000000000e+00,0.000000000000000000e+00,0.000000000000000000e+00,0.000000000000000000e+00,0.000000000000000000e+00,0.000000000000000000e+00,0.000000000000000000e+00,0.000000000000000000e+00,0.000000000000000000e+00,0.000000000000000000e+00,0.000000000000000000e+00,0.000000000000000000e+00,0.000000000000000000e+00,0.000000000000000000e+00,0.000000000000000000e+00,0.000000000000000000e+00,0.000000000000000000e+00,0.000000000000000000e+00,0.000000000000000000e+00,0.000000000000000000e+00,0.000000000000000000e+00,0.000000000000000000e+00,0.000000000000000000e+00,0.000000000000000000e+00,0.000000000000000000e+00,0.000000000000000000e+00,0.000000000000000000e+00
