7.138302347364405050e-04,6.621478190146211796e-04,6.104654032928018541e-04,5.587829875709825287e-04,5.071005718491633117e-04,4.554181561273439862e-04,4.037357404055246608e-04,3.520533246837053354e-04,3.003709089618860641e-04,2.486884932400667387e-04,1.970060775182474132e-04,1.453236617964282233e-04,1.958722984309728432e-04,2.464209350655175443e-04,2.969695717000621913e-04,3.475182083346069466e-04,3.980668449691515936e-04,4.486154816036962947e-04,4.991641182382409959e-04,5.497127548727857513e-04,6.002613915073303982e-04,6.508100281418750452e-04,7.013586647764195837e-04,7.065349186040340750e-04,7.117111724316485663e-04,7.168874262592629491e-04,7.220636800868774404e-04,7.272399339144919317e-04,7.324161877421063145e-04,7.375924415697206974e-04,7.427686953973351887e-04,7.479449492249496800e-04,7.531212030525641712e-04,7.582974568801783373e-04,7.338271907734162085e-04,7.093569246666540798e-04,6.848866585598919511e-04,6.604163924531298224e-04,6.359461263463675853e-04,6.114758602396054565e-04,5.870055941328432194e-04,5.625353280260810907e-04,5.380650619193189620e-04,5.135947958125568332e-04,4.891245297057945961e-04,4.534308470726370233e-04,4.177371644394793962e-04,3.820434818063218234e-04,3.463497991731644674e-04,3.106561165400068946e-04,2.749624339068493218e-04,2.392687512736917490e-04,2.035750686405341490e-04,1.678813860073765491e-04,1.321877033742190034e-04,9.649402074106140344e-05,7.362213685531090492e-05,5.075025296956039961e-05,2.787836908380988076e-05,5.006485198059395787e-06,-1.786539868769111629e-05,-4.073728257344162159e-05,-6.360916645919211334e-05,-8.648105034494261187e-05,-1.093529342306931239e-04,-1.322248181164436360e-04,-1.550967020021935924e-04,-1.409970018201760005e-04,-1.268973016381583815e-04,-1.127976014561407489e-04,-9.869790127412314345e-05,-8.459820109210552442e-05,-7.049850091008789184e-05,-5.639880072807027282e-05,-4.229910054605266734e-05,-2.819940036403504154e-05,-1.409970018201741743e-05,0.000000000000000000e+00,0.000000000000000000e+00,0.000000000000000000e+00,0.000000000000000000e+00,0.000000000000000000e+00,0.000000000000000000e+00,0.000000000000000000e+00,0.000000000000000000e+00,0.000000000000000000e+00,0.000000000000000000e+00,0.000000000000000000e+00,0.000000000000000000e+00,0.000000000000000000e+00,0.000000000000000000e+00,0.000000000000000000e+00,0.000000000000000000e+00,0.000000000000000000e+00,0.000000000000000000e+00,0.000000000000000000e+00,0.000000000000000000e+00,0.000000000000000000e+00,0.000000000000000000e+00,0.000000000000000000e+00
7.138302347364405050e-04,6.617531556989504279e-04,6.096760766614603509e-04,5.575989976239702738e-04,5.055219185864800882e-04,4.534448395489899569e-04,4.013677605114999341e-04,3.492906814740098028e-04,2.972136024365196715e-04,2.451365233990295401e-04,1.930594443615394360e-04,1.409823653240494944e-04,1.916771854196549867e-04,2.423720055152606145e-04,2.930668256108662152e-04,3.437616457064717889e-04,3.944564658020774167e-04,4.451512858976829903e-04,4.958461059932886723e-04,5.465409260888942460e-04,5.972357461844998196e-04,6.479305662801053932e-04,6.986253863757107500e-04,7.042134740820954952e-04,7.098015617884802404e-04,7.153896494948648772e-04,7.209777372012495140e-04,7.265658249076341509e-04,7.321539126140186792e-04,7.377420003204033161e-04,7.433300880267879529e-04,7.489181757331726981e-04,7.545062634395572265e-04,7.600943511459417549e-04,7.361341484552881521e-04,7.121739457646346578e-04,6.882137430739811634e-04,6.642535403833276690e-04,6.402933376926740663e-04,6.163331350020206803e-04,5.923729323113670776e-04,5.684127296207136916e-04,5.444525269300601973e-04,5.204923242394067029e-04,4.965321215487531002e-04,4.611633412088290431e-04,4.257945608689049318e-04,3.904257805289809832e-04,3.550570001890572514e-04,3.196882198491331401e-04,2.843194395092091373e-04,2.489506591692850802e-04,2.135818788293610503e-04,1.782130984894370203e-04,1.428443181495130175e-04,1.074755378095889469e-04,8.420583698737140344e-05,6.093613616515383967e-05,3.766643534293629623e-05,1.439673452071875279e-05,-8.872966301498794037e-06,-3.214266712371634764e-05,-5.541236794593387753e-05,-7.868206876815144130e-05,-1.019517695903689847e-04,-1.252214704125865282e-04,-1.484911712348035702e-04,-1.357915601062173894e-04,-1.230919489776311816e-04,-1.103923378490449873e-04,-9.769272672045882012e-05,-8.499311559187261228e-05,-7.229350446328640443e-05,-5.959389333470021014e-05,-4.689428220611401585e-05,-3.419467107752782156e-05,-2.149505994894162049e-05,-8.795448820355593916e-06,-7.995862563959630525e-06,-7.196276307563666287e-06,-6.396690051167702048e-06,-5.597103794771738657e-06,-4.797517538375773572e-06,-3.997931281979809333e-06,-3.198345025583845095e-06,-2.398758769187881280e-06,-1.599172512791917042e-06,-7.995862563959526975e-07,0.000000000000000000e+00,0.000000000000000000e+00,0.000000000000000000e+00,0.000000000000000000e+00,0.000000000000000000e+00,0.000000000000000000e+00,0.000000000000000000e+00,0.000000000000000000e+00,0.000000000000000000e+00,0.000000000000000000e+00,0.000000000000000000e+00,0.000000000000000000e+00
7.138302347364405050e-04,6.613584923832796763e-04,6.088867500301186307e-04,5.564150076769578020e-04,5.039432653237968648e-04,4.514715229706360361e-04,3.989997806174752073e-04,3.465280382643142702e-04,2.940562959111533330e-04,2.415845535579924500e-04,1.891128112048315400e-04,1.366410688516707926e-04,1.874820724083372386e-04,2.383230759650036847e-04,2.891640795216701850e-04,3.400050830783366853e-04,3.908460866350031856e-04,4.416870901916697401e-04,4.925280937483361319e-04,5.433690973050027406e-04,5.942101008616691325e-04,6.450511044183357412e-04,6.958921079750020246e-04,7.018920295601569154e-04,7.078919511453118062e-04,7.138918727304665885e-04,7.198917943156213708e-04,7.258917159007761532e-04,7.318916374859309355e-04,7.378915590710859347e-04,7.438914806562407171e-04,7.498914022413954994e-04,7.558913238265502817e-04,7.618912454117049557e-04,7.384411061371600957e-04,7.149909668626152357e-04,6.915408275880703757e-04,6.680906883135256241e-04,6.446405490389806557e-04,6.211904097644359041e-04,5.977402704898910442e-04,5.742901312153460757e-04,5.508399919408013242e-04,5.273898526662564642e-04,5.039397133917113874e-04,4.688958353450210087e-04,4.338519572983305758e-04,3.988080792516400346e-04,3.637642012049498185e-04,3.287203231582593857e-04,2.936764451115687902e-04,2.586325670648783573e-04,2.235886890181878702e-04,1.885448109714973561e-04,1.535009329248068961e-04,1.184570548781164090e-04,9.478953711943180710e-05,7.112201936074721874e-05,4.745450160206261684e-05,2.378698384337805220e-05,1.194660846934511364e-07,-2.354805167399113468e-05,-4.721556943267571626e-05,-7.088308719136031139e-05,-9.455060495004488619e-05,-1.182181227087295017e-04,-1.418856404674135750e-04,-1.305861183922588055e-04,-1.192865963171040359e-04,-1.079870742419492392e-04,-9.668755216679445613e-05,-8.538803009163967303e-05,-7.408850801648488992e-05,-6.278898594133012036e-05,-5.148946386617533726e-05,-4.018994179102055415e-05,-2.889041971586577104e-05,-1.759089764071112685e-05,-1.599172512791920345e-05,-1.439255261512728175e-05,-1.279338010233535836e-05,-1.119420758954343666e-05,-9.595035076751513262e-06,-7.995862563959589867e-06,-6.396690051167667320e-06,-4.797517538375745619e-06,-3.198345025583822649e-06,-1.599172512791899678e-06,0.000000000000000000e+00,0.000000000000000000e+00,0.000000000000000000e+00,0.000000000000000000e+00,0.000000000000000000e+00,0.000000000000000000e+00,0.000000000000000000e+00,0.000000000000000000e+00,0.000000000000000000e+00,0.000000000000000000e+00,0.000000000000000000e+00,0.000000000000000000e+00
7.138302347364405050e-04,6.609638290676089246e-04,6.080974233987771274e-04,5.552310177299455470e-04,5.023646120611137498e-04,4.494982063922820610e-04,3.966318007234503722e-04,3.437653950546187376e-04,2.908989893857869945e-04,2.380325837169553057e-04,1.851661780481235627e-04,1.322997723792920365e-04,1.832869593970193551e-04,2.342741464147467820e-04,2.852613334324742090e-04,3.362485204502015817e-04,3.872357074679289544e-04,4.382228944856563814e-04,4.892100815033838083e-04,5.401972685211112353e-04,5.911844555388386623e-04,6.421716425565660892e-04,6.931588295742934077e-04,6.995705850382183356e-04,7.059823405021433719e-04,7.123940959660684082e-04,7.188058514299933361e-04,7.252176068939183724e-04,7.316293623578435171e-04,7.380411178217684449e-04,7.444528732856933728e-04,7.508646287496185175e-04,7.572763842135434454e-04,7.636881396774683733e-04,7.407480638190320392e-04,7.178079879605959220e-04,6.948679121021596964e-04,6.719278362437235792e-04,6.489877603852872451e-04,6.260476845268510195e-04,6.031076086684150107e-04,5.801675328099787851e-04,5.572274569515425595e-04,5.342873810931063339e-04,5.113473052346699998e-04,4.766283294812130285e-04,4.419093537277561656e-04,4.071903779742992485e-04,3.724714022208424941e-04,3.377524264673856312e-04,3.030334507139286599e-04,2.683144749604717428e-04,2.335954992070147715e-04,1.988765234535578273e-04,1.641575477001009102e-04,1.294385719466439660e-04,1.053732372514923192e-04,8.130790255634068591e-05,5.724256786118903231e-05,3.317723316603741937e-05,9.111898470885765767e-06,-1.495343622426586242e-05,-3.901877091941749400e-05,-6.308410561456912727e-05,-8.714944030972076054e-05,-1.112147750048724074e-04,-1.352801097000235256e-04,-1.253806766783001944e-04,-1.154812436565768360e-04,-1.055818106348534776e-04,-9.568237761313011925e-05,-8.578294459140676088e-05,-7.588351156968340251e-05,-6.598407854796004414e-05,-5.608464552623669254e-05,-4.618521250451333417e-05,-3.628577948278997580e-05,-2.638634646106671907e-05,-2.398758769187883736e-05,-2.158882892269094888e-05,-1.919007015350306040e-05,-1.679131138431517870e-05,-1.439255261512729022e-05,-1.199379384593940005e-05,-9.595035076751513262e-06,-7.196276307563629017e-06,-4.797517538375740537e-06,-2.398758769187852481e-06,0.000000000000000000e+00,0.000000000000000000e+00,0.000000000000000000e+00,0.000000000000000000e+00,0.000000000000000000e+00,0.000000000000000000e+00,0.000000000000000000e+00,0.000000000000000000e+00,0.000000000000000000e+00,0.000000000000000000e+00,0.000000000000000000e+00,0.000000000000000000e+00
7.138302347364405050e-04,6.605691657519379562e-04,6.073080967674354073e-04,5.540470277829330752e-04,5.007859587984305264e-04,4.475248898139280859e-04,3.942638208294256454e-04,3.410027518449231508e-04,2.877416828604206561e-04,2.344806138759181343e-04,1.812195448914156396e-04,1.279584759069133347e-04,1.790918463857015528e-04,2.302252168644898522e-04,2.813585873432781787e-04,3.324919578220664781e-04,3.836253283008547775e-04,4.347586987796430769e-04,4.858920692584313764e-04,5.370254397372197300e-04,5.881588102160080836e-04,6.392921806947964372e-04,6.904255511735844656e-04,6.972491405162797558e-04,7.040727298589750461e-04,7.108963192016700110e-04,7.177199085443653013e-04,7.245434978870605915e-04,7.313670872297557734e-04,7.381906765724509552e-04,7.450142659151460286e-04,7.518378552578413188e-04,7.586614446005366091e-04,7.654850339432314656e-04,7.430550215009039828e-04,7.206250090585765000e-04,6.981949966162489087e-04,6.757649841739213174e-04,6.533349717315937262e-04,6.309049592892663517e-04,6.084749468469386521e-04,5.860449344046111692e-04,5.636149219622835780e-04,5.411849095199560951e-04,5.187548970776283954e-04,4.843608236174051025e-04,4.499667501571817012e-04,4.155726766969582999e-04,3.811786032367351154e-04,3.467845297765116599e-04,3.123904563162883670e-04,2.779963828560649657e-04,2.436023093958415643e-04,2.092082359356181630e-04,1.748141624753948159e-04,1.404200890151714146e-04,1.159569373835527364e-04,9.149378575193405820e-05,6.703063412031535291e-05,4.256748248869671538e-05,1.810433085707803720e-05,-6.358820774540651152e-06,-3.082197240615931240e-05,-5.528512403777799736e-05,-7.974827566939666199e-05,-1.042114273010153537e-04,-1.286745789326335576e-04,-1.201752349643416104e-04,-1.116758909960496768e-04,-1.031765470277577296e-04,-9.467720305946578237e-05,-8.617785909117383519e-05,-7.767851512288188800e-05,-6.917917115458995436e-05,-6.067982718629801395e-05,-5.218048321800606676e-05,-4.368113924971412634e-05,-3.518179528142225369e-05,-3.198345025583840690e-05,-2.878510523025456350e-05,-2.558676020467071671e-05,-2.238841517908687331e-05,-1.919007015350302652e-05,-1.599172512791917973e-05,-1.279338010233533464e-05,-9.595035076751491239e-06,-6.396690051167645297e-06,-3.198345025583799355e-06,0.000000000000000000e+00,0.000000000000000000e+00,0.000000000000000000e+00,0.000000000000000000e+00,0.000000000000000000e+00,0.000000000000000000e+00,0.000000000000000000e+00,0.000000000000000000e+00,0.000000000000000000e+00,0.000000000000000000e+00,0.000000000000000000e+00,0.000000000000000000e+00
7.138302347364405050e-04,6.601745024362672045e-04,6.065187701360940124e-04,5.528630378359207119e-04,4.992073055357474113e-04,4.455515732355741108e-04,3.918958409354008645e-04,3.382401086352276182e-04,2.845843763350543176e-04,2.309286440348810171e-04,1.772729117347077166e-04,1.236171794345345787e-04,1.748967333743836963e-04,2.261762873142329224e-04,2.774558412540821485e-04,3.287353951939313746e-04,3.800149491337806006e-04,4.312945030736297725e-04,4.825740570134790528e-04,5.338536109533282246e-04,5.851331648931775049e-04,6.364127188330266768e-04,6.876922727728756318e-04,6.949276959943411760e-04,7.021631192158065034e-04,7.093985424372718307e-04,7.166339656587371581e-04,7.238693888802027023e-04,7.311048121016680296e-04,7.383402353231334654e-04,7.455756585445987928e-04,7.528110817660642285e-04,7.600465049875295559e-04,7.672819282089949917e-04,7.453619791827759264e-04,7.234420301565569695e-04,7.015220811303381210e-04,6.796021321041192725e-04,6.576821830779002072e-04,6.357622340516815755e-04,6.138422850254626187e-04,5.919223359992437702e-04,5.700023869730248133e-04,5.480824379468059648e-04,5.261624889205870079e-04,4.920933177535971766e-04,4.580241465866072910e-04,4.239549754196174055e-04,3.898858042526278994e-04,3.558166330856379596e-04,3.217474619186481283e-04,2.876782907516582969e-04,2.536091195846684114e-04,2.195399484176786343e-04,1.854707772506888029e-04,1.514016060836989445e-04,1.265406375156132349e-04,1.016796689475274983e-04,7.681870037944177516e-05,5.195773181135606561e-05,2.709676324327034251e-05,2.235794675184612633e-06,-2.262517389290108675e-05,-4.748614246098681324e-05,-7.234711102907253634e-05,-9.720807959715825944e-05,-1.220690481652435082e-04,-1.149697932503829993e-04,-1.078705383355224769e-04,-1.007712834206619679e-04,-9.367202850580144549e-05,-8.657277359094093659e-05,-7.947351867608040059e-05,-7.237426376121987813e-05,-6.527500884635936923e-05,-5.817575393149884678e-05,-5.107649901663831755e-05,-4.397724410177784253e-05,-3.997931281979803743e-05,-3.598138153781822555e-05,-3.198345025583841368e-05,-2.798551897385860858e-05,-2.398758769187880010e-05,-1.998965640989898822e-05,-1.599172512791917635e-05,-1.199379384593937294e-05,-7.995862563959562762e-06,-3.997931281979752582e-06,0.000000000000000000e+00,0.000000000000000000e+00,0.000000000000000000e+00,0.000000000000000000e+00,0.000000000000000000e+00,0.000000000000000000e+00,0.000000000000000000e+00,0.000000000000000000e+00,0.000000000000000000e+00,0.000000000000000000e+00,0.000000000000000000e+00,0.000000000000000000e+00
7.138302347364405050e-04,6.597798391205963444e-04,6.057294435047524007e-04,5.516790478889083485e-04,4.976286522730642963e-04,4.435782566572201357e-04,3.895278610413761377e-04,3.354774654255320314e-04,2.814270698096879792e-04,2.273766741938438728e-04,1.733262785779997935e-04,1.192758829621558497e-04,1.707016203630658670e-04,2.221273577639760197e-04,2.735530951648861182e-04,3.249788325657962710e-04,3.764045699667063695e-04,4.278303073676165223e-04,4.792560447685266208e-04,5.306817821694367193e-04,5.821075195703469263e-04,6.335332569712569164e-04,6.849589943721669065e-04,6.926062514724024878e-04,7.002535085726380691e-04,7.079007656728736504e-04,7.155480227731092317e-04,7.231952798733448130e-04,7.308425369735803943e-04,7.384897940738159756e-04,7.461370511740515570e-04,7.537843082742871383e-04,7.614315653745227196e-04,7.690788224747580840e-04,7.476689368646479783e-04,7.262590512545375474e-04,7.048491656444273333e-04,6.834392800343172276e-04,6.620293944242067966e-04,6.406195088140966909e-04,6.192096232039864768e-04,5.977997375938762627e-04,5.763898519837659402e-04,5.549799663736557261e-04,5.335700807635454035e-04,4.998258118897890880e-04,4.660815430160328808e-04,4.323372741422765110e-04,3.985930052685205207e-04,3.648487363947641509e-04,3.311044675210079438e-04,2.973601986472516282e-04,2.636159297734953126e-04,2.298716608997389971e-04,1.961273920259827357e-04,1.623831231522264201e-04,1.371243376476736521e-04,1.118655521431208841e-04,8.660676663856811609e-05,6.134798113401537518e-05,3.608919562946260039e-05,1.083041012490982560e-05,-1.442837537964290176e-05,-3.968716088419566978e-05,-6.494594638874843780e-05,-9.020473189330120581e-05,-1.154635173978535266e-04,-1.097643515364244289e-04,-1.040651856749953176e-04,-9.836601981356620633e-05,-9.266685395213710862e-05,-8.696768809070799734e-05,-8.126852222927889963e-05,-7.556935636784978835e-05,-6.987019050642067708e-05,-6.417102464499157936e-05,-5.847185878356247487e-05,-5.277269292213337037e-05,-4.797517538375761374e-05,-4.317765784538184356e-05,-3.838014030700607338e-05,-3.358262276863030997e-05,-2.878510523025454317e-05,-2.398758769187877299e-05,-1.919007015350300281e-05,-1.439255261512723940e-05,-9.595035076751469216e-06,-4.797517538375699033e-06,0.000000000000000000e+00,0.000000000000000000e+00,0.000000000000000000e+00,0.000000000000000000e+00,0.000000000000000000e+00,0.000000000000000000e+00,0.000000000000000000e+00,0.000000000000000000e+00,0.000000000000000000e+00,0.000000000000000000e+00,0.000000000000000000e+00,0.000000000000000000e+00
7.138302347364405050e-04,6.593851758049255928e-04,6.049401168734106805e-04,5.504950579418958767e-04,4.960499990103809645e-04,4.416049400788661606e-04,3.871598811473513568e-04,3.327148222158364445e-04,2.782697632843215865e-04,2.238247043528067285e-04,1.693796454212918433e-04,1.149345864897771208e-04,1.665065073517480647e-04,2.180784282137190899e-04,2.696503490756900880e-04,3.212222699376611674e-04,3.727941907996321926e-04,4.243661116616032178e-04,4.759380325235742430e-04,5.275099533855452140e-04,5.790818742475163476e-04,6.306537951094873728e-04,6.822257159714581812e-04,6.902848069504639080e-04,6.983438979294697433e-04,7.064029889084754701e-04,7.144620798874811969e-04,7.225211708664870322e-04,7.305802618454927590e-04,7.386393528244984859e-04,7.466984438035042127e-04,7.547575347825100480e-04,7.628166257615158832e-04,7.708757167405212848e-04,7.499758945465198135e-04,7.290760723525182337e-04,7.081762501585166540e-04,6.872764279645150742e-04,6.663766057705134945e-04,6.454767835765119147e-04,6.245769613825103350e-04,6.036771391885087552e-04,5.827773169945070671e-04,5.618774948005055957e-04,5.409776726065039076e-04,5.075583060259812162e-04,4.741389394454584164e-04,4.407195728649356166e-04,4.073002062844131421e-04,3.738808397038903965e-04,3.404614731233677593e-04,3.070421065428449595e-04,2.736227399623221597e-04,2.402033733817994412e-04,2.067840068012767227e-04,1.733646402207539500e-04,1.477080377797341235e-04,1.220514353387143513e-04,9.639483289769452479e-05,7.073823045667472541e-05,4.508162801565489893e-05,1.942502557463511649e-05,-6.231576866384679503e-06,-3.188817930740449244e-05,-5.754478174842429859e-05,-8.320138418944412508e-05,-1.088579866304634908e-04,-1.045589098224658178e-04,-1.002598330144681313e-04,-9.596075620647044472e-05,-9.166167939847277174e-05,-8.736260259047508520e-05,-8.306352578247739866e-05,-7.876444897447971213e-05,-7.446537216648203914e-05,-7.016629535848435261e-05,-6.586721855048667962e-05,-6.156814174248896598e-05,-5.597103794771723749e-05,-5.037393415294550900e-05,-4.477683035817377373e-05,-3.917972656340204524e-05,-3.358262276863030997e-05,-2.798551897385857809e-05,-2.238841517908684621e-05,-1.679131138431511771e-05,-1.119420758954338583e-05,-5.597103794771652260e-06,0.000000000000000000e+00,0.000000000000000000e+00,0.000000000000000000e+00,0.000000000000000000e+00,0.000000000000000000e+00,0.000000000000000000e+00,0.000000000000000000e+00,0.000000000000000000e+00,0.000000000000000000e+00,0.000000000000000000e+00,0.000000000000000000e+00,0.000000000000000000e+00
7.138302347364405050e-04,6.589905124892549496e-04,6.041507902420690688e-04,5.493110679948835133e-04,4.944713457476978494e-04,4.396316235005122398e-04,3.847919012533265759e-04,3.299521790061408577e-04,2.751124567589552481e-04,2.202727345117696113e-04,1.654330122645839203e-04,1.105932900173984054e-04,1.623113943404302624e-04,2.140294986634621601e-04,2.657476029864941120e-04,3.174657073095260096e-04,3.691838116325579615e-04,4.209019159555899134e-04,4.726200202786218652e-04,5.243381246016537087e-04,5.760562289246856605e-04,6.277743332477176124e-04,6.794924375707494558e-04,6.879633624285253282e-04,6.964342872863013090e-04,7.049052121440772898e-04,7.133761370018531622e-04,7.218470618596291430e-04,7.303179867174051237e-04,7.387889115751811045e-04,7.472598364329570853e-04,7.557307612907329577e-04,7.642016861485088301e-04,7.726726110062845940e-04,7.522828522283917570e-04,7.318930934504988117e-04,7.115033346726057579e-04,6.911135758947130293e-04,6.707238171168199755e-04,6.503340583389270301e-04,6.299442995610340847e-04,6.095545407831411393e-04,5.891647820052483024e-04,5.687750232273553570e-04,5.483852644494624116e-04,5.152908001621731276e-04,4.821963358748839520e-04,4.491018715875947222e-04,4.160074073003058176e-04,3.829129430130165336e-04,3.498184787257274122e-04,3.167240144384382366e-04,2.836295501511490067e-04,2.505350858638598311e-04,2.174406215765706284e-04,1.843461572892814257e-04,1.582917379117945679e-04,1.322373185343077371e-04,1.061828991568208657e-04,8.012847977933403498e-05,5.407406040184717713e-05,2.801964102436033284e-05,1.965221646873495322e-06,-2.408919773061336253e-05,-5.014361710810021360e-05,-7.619803648558707144e-05,-1.022524558630735092e-04,-9.935346810850724736e-05,-9.645448035394097201e-05,-9.355549259937469666e-05,-9.065650484480843486e-05,-8.775751709024215950e-05,-8.485852933567589770e-05,-8.195954158110962235e-05,-7.906055382654337410e-05,-7.616156607197709875e-05,-7.326257831741082339e-05,-7.036359056284450738e-05,-6.396690051167681381e-05,-5.757021046050912700e-05,-5.117352040934143343e-05,-4.477683035817374663e-05,-3.838014030700605305e-05,-3.198345025583835947e-05,-2.558676020467066928e-05,-1.919007015350298248e-05,-1.279338010233529059e-05,-6.396690051167598710e-06,0.000000000000000000e+00,0.000000000000000000e+00,0.000000000000000000e+00,0.000000000000000000e+00,0.000000000000000000e+00,0.000000000000000000e+00,0.000000000000000000e+00,0.000000000000000000e+00,0.000000000000000000e+00,0.000000000000000000e+00,0.000000000000000000e+00,0.000000000000000000e+00
7.138302347364405050e-04,6.585958491735840895e-04,6.033614636107275655e-04,5.481270780478710416e-04,4.928926924850146260e-04,4.376583069221582647e-04,3.824239213593018491e-04,3.271895357964453794e-04,2.719551502335889096e-04,2.167207646707324398e-04,1.614863791078759701e-04,1.062519935450196630e-04,1.581162813291124060e-04,2.099805691132052574e-04,2.618448568972980817e-04,3.137091446813909060e-04,3.655734324654837846e-04,4.174377202495765547e-04,4.693020080336693790e-04,5.211662958177623118e-04,5.730305836018550819e-04,6.248948713859479604e-04,6.767591591700406221e-04,6.856419179065867484e-04,6.945246766431329832e-04,7.034074353796790011e-04,7.122901941162251274e-04,7.211729528527712537e-04,7.300557115893174884e-04,7.389384703258636148e-04,7.478212290624097411e-04,7.567039877989557590e-04,7.655867465355019937e-04,7.744695052720480116e-04,7.545898099102637006e-04,7.347101145484793896e-04,7.148304191866949701e-04,6.949507238249108760e-04,6.750710284631265649e-04,6.551913331013423623e-04,6.353116377395580513e-04,6.154319423777737403e-04,5.955522470159895377e-04,5.756725516542052267e-04,5.557928562924208072e-04,5.230232942983651474e-04,4.902537323043094876e-04,4.574841703102538819e-04,4.247146083161984931e-04,3.919450463221428333e-04,3.591754843280872277e-04,3.264059223340315136e-04,2.936363603399758538e-04,2.608667983459202482e-04,2.280972363518646425e-04,1.953276743578089556e-04,1.688754380438550935e-04,1.424232017299011230e-04,1.159709654159472609e-04,8.951872910199339876e-05,6.306649278803948245e-05,3.661425647408560001e-05,1.016202016013171758e-05,-1.629021615382218518e-05,-4.274245246777608117e-05,-6.919468878172999071e-05,-9.564692509568345979e-05,-9.414802639454863628e-05,-9.264912769341378566e-05,-9.115022899227893504e-05,-8.965133029114409798e-05,-8.815243159000924736e-05,-8.665353288887439674e-05,-8.515463418773955967e-05,-8.365573548660470906e-05,-8.215683678546985844e-05,-8.065793808433502137e-05,-7.915903938320008944e-05,-7.196276307563645111e-05,-6.476648676807278567e-05,-5.757021046050913378e-05,-5.037393415294548867e-05,-4.317765784538183001e-05,-3.598138153781817134e-05,-2.878510523025451607e-05,-2.158882892269086757e-05,-1.439255261512720891e-05,-7.196276307563551090e-06,0.000000000000000000e+00,0.000000000000000000e+00,0.000000000000000000e+00,0.000000000000000000e+00,0.000000000000000000e+00,0.000000000000000000e+00,0.000000000000000000e+00,0.000000000000000000e+00,0.000000000000000000e+00,0.000000000000000000e+00,0.000000000000000000e+00,0.000000000000000000e+00
7.138302347364405050e-04,6.582011858579132294e-04,6.025721369793860622e-04,5.469430881008587866e-04,4.913140392223315110e-04,4.356849903438042354e-04,3.800559414652770682e-04,3.244268925867497926e-04,2.687978437082225711e-04,2.131687948296952955e-04,1.575397459511680199e-04,1.019106970726409476e-04,1.539211683177946037e-04,2.059316395629483547e-04,2.579421108081020515e-04,3.099525820532558025e-04,3.619630532984096077e-04,4.139735245435633045e-04,4.659839957887171097e-04,5.179944670338708064e-04,5.700049382790246116e-04,6.220154095241783084e-04,6.740258807693317884e-04,6.833204733846481686e-04,6.926150659999645489e-04,7.019096586152808208e-04,7.112042512305970926e-04,7.204988438459134729e-04,7.297934364612298531e-04,7.390880290765460166e-04,7.483826216918623968e-04,7.576772143071787771e-04,7.669718069224950490e-04,7.762663995378112124e-04,7.568967675921357526e-04,7.375271356464598591e-04,7.181575037007842909e-04,6.987878717551088310e-04,6.794182398094329375e-04,6.600486078637574777e-04,6.406789759180818011e-04,6.213093439724063412e-04,6.019397120267305562e-04,5.825700800810549879e-04,5.632004481353793113e-04,5.307557884345571672e-04,4.983111287337351316e-04,4.658664690329129875e-04,4.334218093320910603e-04,4.009771496312690246e-04,3.685324899304469348e-04,3.360878302296248449e-04,3.036431705288027008e-04,2.711985108279806110e-04,2.387538511271585211e-04,2.063091914263364313e-04,1.794591381759154836e-04,1.526090849254945088e-04,1.257590316750736154e-04,9.890897842465268123e-05,7.205892517423174710e-05,4.520887192381081298e-05,1.835881867338988563e-05,-8.491234577031048496e-06,-3.534128782745198940e-05,-6.219134107787293708e-05,-8.904139432829347818e-05,-8.894258468059005229e-05,-8.884377503288661286e-05,-8.874496538518317343e-05,-8.864615573747976110e-05,-8.854734608977632166e-05,-8.844853644207289578e-05,-8.834972679436946990e-05,-8.825091714666604401e-05,-8.815210749896260458e-05,-8.805329785125916514e-05,-8.795448820355563084e-05,-7.995862563959602065e-05,-7.196276307563641045e-05,-6.396690051167678670e-05,-5.597103794771719006e-05,-4.797517538375757309e-05,-3.997931281979795611e-05,-3.198345025583833914e-05,-2.398758769187873233e-05,-1.599172512791911536e-05,-7.995862563959498388e-06,0.000000000000000000e+00,0.000000000000000000e+00,0.000000000000000000e+00,0.000000000000000000e+00,0.000000000000000000e+00,0.000000000000000000e+00,0.000000000000000000e+00,0.000000000000000000e+00,0.000000000000000000e+00,0.000000000000000000e+00,0.000000000000000000e+00,0.000000000000000000e+00
7.138302347364405050e-04,6.578065225422423693e-04,6.017828103480444505e-04,5.457590981538463148e-04,4.897353859596483960e-04,4.337116737654503145e-04,3.776879615712523414e-04,3.216642493770542057e-04,2.656405371828561785e-04,2.096168249886581512e-04,1.535931127944600968e-04,9.756940060026220510e-05,1.497260553064767743e-04,2.018827100126913978e-04,2.540393647189060754e-04,3.061960194251206989e-04,3.583526741313353223e-04,4.105093288375500000e-04,4.626659835437646234e-04,5.148226382499793011e-04,5.669792929561940330e-04,6.191359476624085480e-04,6.712926023686230630e-04,6.809990288627095888e-04,6.907054553567961146e-04,7.004118818508826404e-04,7.101183083449691662e-04,7.198247348390556920e-04,7.295311613331421094e-04,7.392375878272287437e-04,7.489440143213151610e-04,7.586504408154016868e-04,7.683568673094882126e-04,7.780632938035744132e-04,7.592037252740074793e-04,7.403441567444406539e-04,7.214845882148736116e-04,7.026250196853066777e-04,6.837654511557396354e-04,6.649058826261728099e-04,6.460463140966056592e-04,6.271867455670388338e-04,6.083271770374717915e-04,5.894676085079048576e-04,5.706080399783377069e-04,5.384882825707492954e-04,5.063685251631606671e-04,4.742487677555721473e-04,4.421290103479838442e-04,4.100092529403952702e-04,3.778894955328066961e-04,3.457697381252181762e-04,3.136499807176296563e-04,2.815302233100410280e-04,2.494104659024525081e-04,2.172907084948639612e-04,1.900428383079759821e-04,1.627949681210879760e-04,1.355470979341999969e-04,1.082992277473120586e-04,8.105135756042406597e-05,5.380348737353607338e-05,2.655561718664811466e-05,-6.922530002398711527e-07,-2.794012318712785019e-05,-5.518799337401584279e-05,-8.243586356090344236e-05,-8.373714296663144121e-05,-8.503842237235942651e-05,-8.633970177808741181e-05,-8.764098118381542422e-05,-8.894226058954340952e-05,-9.024353999527139482e-05,-9.154481940099939367e-05,-9.284609880672739252e-05,-9.414737821245537782e-05,-9.544865761818337668e-05,-9.674993702391121290e-05,-8.795448820355564439e-05,-7.915903938320007589e-05,-7.036359056284449383e-05,-6.156814174248892533e-05,-5.277269292213334327e-05,-4.397724410177776121e-05,-3.518179528142217915e-05,-2.638634646106661065e-05,-1.759089764071103198e-05,-8.795448820355451615e-06,0.000000000000000000e+00,0.000000000000000000e+00,0.000000000000000000e+00,0.000000000000000000e+00,0.000000000000000000e+00,0.000000000000000000e+00,0.000000000000000000e+00,0.000000000000000000e+00,0.000000000000000000e+00,0.000000000000000000e+00,0.000000000000000000e+00,0.000000000000000000e+00
7.138302347364405050e-04,6.567441670543187416e-04,5.996580993721969781e-04,5.425720316900753230e-04,4.854859640079535054e-04,4.283998963258316877e-04,3.713138286437099784e-04,3.142277609615882149e-04,2.571416932794663972e-04,2.000556255973446067e-04,1.429695579152228432e-04,8.588349023310122880e-05,1.381153973392850788e-04,1.903473044454690778e-04,2.425792115516530226e-04,2.948111186578369946e-04,3.470430257640209123e-04,3.992749328702049384e-04,4.515068399763889104e-04,5.037387470825728823e-04,5.559706541887569084e-04,6.082025612949408262e-04,6.604344684011245270e-04,6.710705059995998156e-04,6.817065435980752125e-04,6.923425811965505010e-04,7.029786187950256811e-04,7.136146563935009696e-04,7.242506939919762582e-04,7.348867315904515467e-04,7.455227691889268352e-04,7.561588067874022321e-04,7.667948443858774122e-04,7.774308819843524839e-04,7.600606517960931292e-04,7.426904216078336661e-04,7.253201914195740946e-04,7.079499612313146315e-04,6.905797310430552768e-04,6.732095008547959222e-04,6.558392706665364591e-04,6.384690404782768875e-04,6.210988102900175329e-04,6.037285801017581782e-04,5.863583499134986067e-04,5.555236769936028199e-04,5.246890040737070332e-04,4.938543311538113548e-04,4.630196582339156765e-04,4.321849853140198898e-04,4.013503123941241030e-04,3.705156394742283163e-04,3.396809665543325295e-04,3.088462936344367428e-04,2.780116207145409560e-04,2.471769477946451693e-04,2.202019157818891520e-04,1.932268837691331618e-04,1.662518517563771174e-04,1.392768197436211272e-04,1.123017877308651234e-04,8.532675571810910615e-05,5.835172370535311596e-05,3.137669169259710544e-05,4.401659679841077977e-06,-2.257337233291493593e-05,-4.954840434567060086e-05,-5.258223678195871742e-05,-5.561606921824683398e-05,-5.864990165453494377e-05,-6.168373409082306710e-05,-6.471756652711117689e-05,-6.775139896339930023e-05,-7.078523139968742356e-05,-7.381906383597551980e-05,-7.685289627226364313e-05,-7.988672870855175292e-05,-8.292056114483972718e-05,-7.582206177174144251e-05,-6.872356239864314429e-05,-6.162506302554484608e-05,-5.452656365244656141e-05,-4.742806427934826997e-05,-4.032956490624996497e-05,-3.323106553315167353e-05,-2.613256616005338887e-05,-1.903406678695509404e-05,-1.193556741385679921e-05,-4.837068040758611104e-06,-5.219591762222818311e-06,-5.602115483687023824e-06,-5.984639205151230183e-06,-6.367162926615436543e-06,-6.749686648079642056e-06,-7.132210369543849263e-06,-7.514734091008054776e-06,-7.897257812472255206e-06,-8.279781533936464107e-06,-8.662305255400669620e-06,-9.044828976864875133e-06
7.138302347364405050e-04,6.556818115663948969e-04,5.975333883963493973e-04,5.393849652263038976e-04,4.812365420562585063e-04,4.230881188862130066e-04,3.649396957161675070e-04,3.067912725461220073e-04,2.486428493760765618e-04,1.904944262060310079e-04,1.323460030359855082e-04,7.419757986594013052e-05,1.265047393720933561e-04,1.788118988782466223e-04,2.311190583843999156e-04,2.834262178905531818e-04,3.357333773967065022e-04,3.880405369028598226e-04,4.403476964090130346e-04,4.926548559151663551e-04,5.449620154213196755e-04,5.972691749274728875e-04,6.495763344336259910e-04,6.611419831364900423e-04,6.727076318393542019e-04,6.842732805422181448e-04,6.958389292450821960e-04,7.074045779479463556e-04,7.189702266508102985e-04,7.305358753536743497e-04,7.421015240565384009e-04,7.536671727594024522e-04,7.652328214622665034e-04,7.767984701651304462e-04,7.609175783181786707e-04,7.450366864712266784e-04,7.291557946242746861e-04,7.132749027773228022e-04,6.973940109303709183e-04,6.815131190834190344e-04,6.656322272364671505e-04,6.497513353895153750e-04,6.338704435425634911e-04,6.179895516956114988e-04,6.021086598486595064e-04,5.725590714164565612e-04,5.430094829842535076e-04,5.134598945520505624e-04,4.839103061198477256e-04,4.543607176876446720e-04,4.248111292554416726e-04,3.952615408232386732e-04,3.657119523910356738e-04,3.361623639588326201e-04,3.066127755266296749e-04,2.770631870944266213e-04,2.503609932558026200e-04,2.236587994171785102e-04,1.969566055785544547e-04,1.702544117399304262e-04,1.435522179013064249e-04,1.168500240626823422e-04,9.014783022405834087e-05,6.344563638543429887e-05,3.674344254681025009e-05,1.004124870818620132e-05,-1.666094513043752897e-05,-2.142733059728577341e-05,-2.619371606413401784e-05,-3.096010153098228599e-05,-3.572648699783052026e-05,-4.049287246467877486e-05,-4.525925793152702945e-05,-5.002564339837527727e-05,-5.479202886522352510e-05,-5.955841433207177292e-05,-6.432479979892002074e-05,-6.909118526576811948e-05,-6.368963533992714576e-05,-5.828808541408613138e-05,-5.288653548824515089e-05,-4.748498556240415006e-05,-4.208343563656315601e-05,-3.668188571072215519e-05,-3.128033578488115436e-05,-2.587878585904016709e-05,-2.047723593319916626e-05,-1.507568600735816713e-05,-9.674136081517256089e-06,-1.043918352444567220e-05,-1.120423096737408830e-05,-1.196927841030250102e-05,-1.273432585323091883e-05,-1.349937329615933324e-05,-1.426442073908774765e-05,-1.502946818201616376e-05,-1.579451562494456801e-05,-1.655956306787298242e-05,-1.732461051080140023e-05,-1.808965795372981464e-05
7.138302347364405050e-04,6.546194560784712691e-04,5.954086774205019248e-04,5.361978987625327974e-04,4.769871201045636157e-04,4.177763414465943798e-04,3.585655627886251439e-04,2.993547841306558538e-04,2.401440054726866450e-04,1.809332268147174092e-04,1.217224481567481733e-04,6.251166949877910001e-05,1.148940814049016063e-04,1.672764933110242210e-04,2.196589052171468086e-04,2.720413171232694233e-04,3.244237290293920922e-04,3.768061409355146526e-04,4.291885528416372673e-04,4.815709647477598278e-04,5.339533766538824425e-04,5.863357885600051656e-04,6.387182004661276719e-04,6.512134602733803774e-04,6.637087200806331914e-04,6.762039798878858969e-04,6.886992396951388193e-04,7.011944995023916332e-04,7.136897593096444472e-04,7.261850191168973696e-04,7.386802789241500751e-04,7.511755387314029975e-04,7.636707985386557030e-04,7.761660583459083001e-04,7.617745048402641038e-04,7.473829513346197991e-04,7.329913978289753860e-04,7.185998443233310813e-04,7.042082908176865597e-04,6.898167373120423634e-04,6.754251838063979503e-04,6.610336303007536456e-04,6.466420767951093409e-04,6.322505232894649278e-04,6.178589697838205146e-04,5.895944658393101941e-04,5.613299618948000905e-04,5.330654579502897700e-04,5.048009540057796663e-04,4.765364500612694542e-04,4.482719461167592422e-04,4.200074421722489759e-04,3.917429382277387638e-04,3.634784342832284975e-04,3.352139303387182854e-04,3.069494263942080733e-04,2.805200707297159524e-04,2.540907150652238857e-04,2.276613594007318190e-04,2.012320037362398065e-04,1.748026480717476856e-04,1.483732924072556189e-04,1.219439367427635522e-04,9.551458107827148552e-05,6.908522541377940527e-05,4.265586974928731824e-05,1.622651408479553275e-05,9.727575587387162141e-06,3.228637089978777553e-06,-3.270301407429614658e-06,-9.769239904837997128e-06,-1.626817840224638299e-05,-2.276711689965477223e-05,-2.926605539706315809e-05,-3.576499389447153717e-05,-4.226393239187992981e-05,-4.876287088928831566e-05,-5.526180938669655244e-05,-5.155720890811285579e-05,-4.785260842952914558e-05,-4.414800795094544214e-05,-4.044340747236174549e-05,-3.673880699377804205e-05,-3.303420651519433862e-05,-2.932960603661063519e-05,-2.562500555802693853e-05,-2.192040507944323510e-05,-1.821580460085953505e-05,-1.451120412227589938e-05,-1.565877528666852778e-05,-1.680634645106114940e-05,-1.795391761545377102e-05,-1.910148877984639603e-05,-2.024905994423902104e-05,-2.139663110863164604e-05,-2.254420227302427105e-05,-2.369177343741687912e-05,-2.483934460180950074e-05,-2.598691576620212575e-05,-2.713448693059475076e-05
7.138302347364405050e-04,6.535571005905475329e-04,5.932839664446544524e-04,5.330108322987616972e-04,4.727376981528687251e-04,4.124645640069756988e-04,3.521914298610828351e-04,2.919182957151898630e-04,2.316451615692968638e-04,1.713720274234038917e-04,1.110988932775109196e-04,5.082575913161810338e-05,1.032834234377099378e-04,1.557410877438018468e-04,2.081987520498938100e-04,2.606564163559857189e-04,3.131140806620776821e-04,3.655717449681695911e-04,4.180294092742615000e-04,4.704870735803534090e-04,5.229447378864453180e-04,5.754024021925373353e-04,6.278600664986290275e-04,6.412849374102706041e-04,6.547098083219122892e-04,6.681346792335538659e-04,6.815595501451954426e-04,6.949844210568370192e-04,7.084092919684785959e-04,7.218341628801201726e-04,7.352590337917617493e-04,7.486839047034033259e-04,7.621087756150449026e-04,7.755336465266862624e-04,7.626314313623495369e-04,7.497292161980128114e-04,7.368270010336759775e-04,7.239247858693391435e-04,7.110225707050023096e-04,6.981203555406654757e-04,6.852181403763286417e-04,6.723159252119918078e-04,6.594137100476549739e-04,6.465114948833182483e-04,6.336092797189813060e-04,6.066298602621638270e-04,5.796504408053463481e-04,5.526710213485288691e-04,5.256916018917116070e-04,4.987121824348941281e-04,4.717327629780766491e-04,4.447533435212591701e-04,4.177739240644416912e-04,3.907945046076242122e-04,3.638150851508067333e-04,3.368356656939892543e-04,3.106791482036291765e-04,2.845226307132690986e-04,2.583661132229089666e-04,2.322095957325488616e-04,2.060530782421887567e-04,1.798965607518286517e-04,1.537400432614685738e-04,1.275835257711084689e-04,1.014270082807483368e-04,7.527049079038823187e-05,4.911397330002838441e-05,4.088248177205988762e-05,3.265099024409138406e-05,2.441949871612285677e-05,1.618800718815436337e-05,7.956515660185844559e-06,-2.749758677826623945e-07,-8.506467395751171043e-06,-1.673795892371967800e-05,-2.496945045168818495e-05,-3.320094197965669868e-05,-4.143243350762505317e-05,-3.942478247629864035e-05,-3.741713144497222076e-05,-3.540948041364580794e-05,-3.340182938231938835e-05,-3.139417835099296875e-05,-2.938652731966654916e-05,-2.737887628834012957e-05,-2.537122525701371675e-05,-2.336357422568729716e-05,-2.135592319436088434e-05,-1.934827216303451218e-05,-2.087836704889134439e-05,-2.240846193474817661e-05,-2.393855682060500205e-05,-2.546865170646183765e-05,-2.699874659231866648e-05,-2.852884147817549531e-05,-3.005893636403232752e-05,-3.158903124988913602e-05,-3.311912613574596485e-05,-3.464922102160280045e-05,-3.617931590745962928e-05
7.138302347364405050e-04,6.524947451026237967e-04,5.911592554688070884e-04,5.298237658349903801e-04,4.684882762011737803e-04,4.071527865673570720e-04,3.458172969335404721e-04,2.844818072997237096e-04,2.231463176659070555e-04,1.618108280320903472e-04,1.004753383982736389e-04,3.913984876445712031e-05,9.167276547051828289e-05,1.442056821765795268e-04,1.967385988826407842e-04,2.492715155887020146e-04,3.018044322947632720e-04,3.543373490008245295e-04,4.068702657068857327e-04,4.594031824129469902e-04,5.119360991190083018e-04,5.644690158250695051e-04,6.170019325311304915e-04,6.313564145471609393e-04,6.457108965631912787e-04,6.600653785792216181e-04,6.744198605952520659e-04,6.887743426112824053e-04,7.031288246273127446e-04,7.174833066433430840e-04,7.318377886593734234e-04,7.461922706754037628e-04,7.605467526914341022e-04,7.749012347074643332e-04,7.634883578844351868e-04,7.520754810614058237e-04,7.406626042383763521e-04,7.292497274153473142e-04,7.178368505923178426e-04,7.064239737692885879e-04,6.950110969462593331e-04,6.835982201232300784e-04,6.721853433002008237e-04,6.607724664771714605e-04,6.493595896541420973e-04,6.236652546850174599e-04,5.979709197158927141e-04,5.722765847467679683e-04,5.465822497776434393e-04,5.208879148085186934e-04,4.951935798393940560e-04,4.694992448702693102e-04,4.438049099011446728e-04,4.181105749320199270e-04,3.924162399628952354e-04,3.667219049937705437e-04,3.408382256775423463e-04,3.149545463613142573e-04,2.890708670450860599e-04,2.631871877288579709e-04,2.373035084126298277e-04,2.114198290964016845e-04,1.855361497801735955e-04,1.596524704639453980e-04,1.337687911477172819e-04,1.078851118314891387e-04,8.200143251526122591e-05,7.203738795673260463e-05,6.207334339820399691e-05,5.210929883967533498e-05,4.214525428114672048e-05,3.218120972261807210e-05,2.221716516408945083e-05,1.225312060556080923e-05,2.289076047032184566e-06,-7.674968511496453648e-06,-1.763901307002507492e-05,-2.760305762855355728e-05,-2.729235604448443169e-05,-2.698165446041529255e-05,-2.667095287634616357e-05,-2.636025129227702782e-05,-2.604954970820789545e-05,-2.573884812413875970e-05,-2.542814654006963072e-05,-2.511744495600049497e-05,-2.480674337193135921e-05,-2.449604178786223024e-05,-2.418534020379312498e-05,-2.609795881111416440e-05,-2.801057741843520043e-05,-2.992319602575623308e-05,-3.183581463307727250e-05,-3.374843324039831192e-05,-3.566105184771934457e-05,-3.757367045504038399e-05,-3.948628906236138953e-05,-4.139890766968242896e-05,-4.331152627700346838e-05,-4.522414488432450103e-05
7.138302347364405050e-04,6.514323896146999521e-04,5.890345444929596160e-04,5.266366993712191715e-04,4.642388542494788896e-04,4.018410091277384451e-04,3.394431640059980548e-04,2.770453188842576103e-04,2.146474737625171929e-04,1.522496286407767484e-04,8.985178351903633101e-05,2.745393839729606608e-05,8.006210750332654665e-05,1.326702766093570984e-04,1.852784457153876772e-04,2.378866148214182560e-04,2.904947839274488078e-04,3.431029530334793595e-04,3.957111221395099654e-04,4.483192912455405171e-04,5.009274603515710689e-04,5.535356294576016748e-04,6.061437985636320639e-04,6.214278916840513829e-04,6.367119848044703765e-04,6.519960779248894786e-04,6.672801710453084723e-04,6.825642641657277913e-04,6.978483572861467850e-04,7.131324504065659955e-04,7.284165435269850976e-04,7.437006366474041997e-04,7.589847297678233018e-04,7.742688228882422955e-04,7.643452844065206199e-04,7.544217459247988360e-04,7.444982074430771604e-04,7.345746689613552680e-04,7.246511304796334841e-04,7.147275919979119169e-04,7.048040535161900245e-04,6.948805150344683490e-04,6.849569765527465650e-04,6.750334380710248895e-04,6.651098995893031055e-04,6.407006491078710928e-04,6.162913986264391885e-04,5.918821481450071758e-04,5.674728976635754884e-04,5.430636471821434757e-04,5.186543967007116798e-04,4.942451462192796671e-04,4.698358957378477086e-04,4.454266452564158043e-04,4.210173947749839001e-04,3.966081442935519416e-04,3.709973031514557872e-04,3.453864620093595786e-04,3.197756208672634243e-04,2.941647797251672699e-04,2.685539385830711155e-04,2.429430974409749070e-04,2.173322562988787797e-04,1.917214151567825983e-04,1.661105740146864168e-04,1.404997328725902353e-04,1.148888917304942571e-04,1.031922941414055249e-04,9.149569655231673852e-05,7.979909896322797921e-05,6.810250137413921990e-05,5.640590378505046059e-05,4.470930619596169450e-05,3.301270860687292164e-05,2.131611101778416233e-05,9.619513428695403016e-06,-2.077084160393366459e-06,-1.377368174948198347e-05,-1.515992961267014002e-05,-1.654617747585829997e-05,-1.793242533904646500e-05,-1.931867320223463341e-05,-2.070492106542278827e-05,-2.209116892861094313e-05,-2.347741679179911155e-05,-2.486366465498726980e-05,-2.624991251817543483e-05,-2.763616038136359308e-05,-2.902240824455176149e-05,-3.131755057333701490e-05,-3.361269290212226491e-05,-3.590783523090750138e-05,-3.820297755969275140e-05,-4.049811988847799464e-05,-4.279326221726323788e-05,-4.508840454604848790e-05,-4.738354687483369048e-05,-4.967868920361894050e-05,-5.197383153240419052e-05,-5.426897386118943376e-05
7.138302347364405050e-04,6.503700341267764327e-04,5.869098335171121436e-04,5.234496329074481797e-04,4.599894322977839448e-04,3.965292316881197641e-04,3.330690310784556918e-04,2.696088304687915653e-04,2.061486298591273575e-04,1.426884292494632039e-04,7.922822863979903671e-05,1.576802803013503895e-05,6.845144953613482397e-05,1.211348710421347242e-04,1.738182925481345973e-04,2.265017140541344975e-04,2.791851355601343977e-04,3.318685570661342437e-04,3.845519785721341439e-04,4.372354000781340441e-04,4.899188215841339443e-04,5.426022430901338445e-04,5.952856645961335279e-04,6.114993688209415012e-04,6.277130730457493660e-04,6.439267772705571224e-04,6.601404814953650956e-04,6.763541857201730689e-04,6.925678899449808253e-04,7.087815941697887985e-04,7.249952983945967717e-04,7.412090026194045281e-04,7.574227068442125014e-04,7.736364110690202578e-04,7.652022109286060530e-04,7.567680107881918482e-04,7.483338106477776435e-04,7.398996105073635471e-04,7.314654103669492339e-04,7.230312102265350292e-04,7.145970100861208244e-04,7.061628099457066196e-04,6.977286098052923064e-04,6.892944096648782101e-04,6.808602095244637884e-04,6.577360435307247257e-04,6.346118775369855546e-04,6.114877115432464918e-04,5.883635455495074291e-04,5.652393795557681495e-04,5.421152135620290868e-04,5.189910475682899156e-04,4.958668815745507445e-04,4.727427155808115733e-04,4.496185495870724563e-04,4.264943835933332310e-04,4.011563806253690655e-04,3.758183776574048457e-04,3.504803746894406260e-04,3.251423717214765147e-04,2.998043687535122408e-04,2.744663657855480753e-04,2.491283628175838556e-04,2.237903598496196900e-04,1.984523568816555245e-04,1.731143539136912506e-04,1.477763509457272206e-04,1.343472003260783639e-04,1.209180497064294801e-04,1.074888990867805692e-04,9.405974846713168543e-05,8.063059784748278808e-05,6.720144722783386363e-05,5.377229660818497983e-05,4.034314598853610959e-05,2.691399536888720886e-05,1.348484474923831151e-05,5.569412958956398225e-08,-3.027503180855891131e-06,-6.110700491301342962e-06,-9.193897801746788440e-06,-1.227709511219224408e-05,-1.536029242263769464e-05,-1.844348973308315029e-05,-2.152668704352859915e-05,-2.460988435397405141e-05,-2.769308166441950366e-05,-3.077627897486495592e-05,-3.385947628531039462e-05,-3.653714233555984845e-05,-3.921480838580930229e-05,-4.189247443605875613e-05,-4.457014048630820996e-05,-4.724780653655766380e-05,-4.992547258680711086e-05,-5.260313863705656470e-05,-5.528080468730598465e-05,-5.795847073755544526e-05,-6.063613678780489232e-05,-6.331380283805434616e-05
7.138302347364405050e-04,6.493076786388525881e-04,5.847851225412647796e-04,5.202625664436767543e-04,4.557400103460890542e-04,3.912174542485010831e-04,3.266948981509133288e-04,2.621723420533254119e-04,1.976497859557374949e-04,1.331272298581496322e-04,6.860467376056172885e-05,4.082117662974010985e-06,5.684079156894312839e-05,1.095994654749123364e-04,1.623581393808815445e-04,2.151168132868507389e-04,2.678754871928199334e-04,3.206341610987891279e-04,3.733928350047583766e-04,4.261515089107276253e-04,4.789101828166968198e-04,5.316688567226660143e-04,5.844275306286351003e-04,6.015708459578318363e-04,6.187141612870284638e-04,6.358574766162250914e-04,6.530007919454217189e-04,6.701441072746183465e-04,6.872874226038149740e-04,7.044307379330117099e-04,7.215740532622083375e-04,7.387173685914050734e-04,7.558606839206017010e-04,7.730039992497982201e-04,7.660591374506915945e-04,7.591142756515848605e-04,7.521694138524781265e-04,7.452245520533715009e-04,7.382796902542648754e-04,7.313348284551582498e-04,7.243899666560515158e-04,7.174451048569447818e-04,7.105002430578381562e-04,7.035553812587316391e-04,6.966105194596246882e-04,6.747714379535783586e-04,6.529323564475319206e-04,6.310932749414855910e-04,6.092541934354392614e-04,5.874151119293929317e-04,5.655760304233466021e-04,5.437369489173001641e-04,5.218978674112538345e-04,5.000587859052073965e-04,4.782197043991610126e-04,4.563806228931146288e-04,4.313154580992823979e-04,4.062502933054501129e-04,3.811851285116178820e-04,3.561199637177857053e-04,3.310547989239534744e-04,3.059896341301211894e-04,2.809244693362890127e-04,2.558593045424567818e-04,2.307941397486245510e-04,2.057289749547922930e-04,1.806638101609602247e-04,1.655021065107511893e-04,1.503404028605421811e-04,1.351786992103331457e-04,1.200169955601241510e-04,1.048552919099151020e-04,8.969358825970606664e-05,7.453188460949704481e-05,5.937018095928803653e-05,4.420847730907900792e-05,2.904677365886998948e-05,1.388507000866111164e-05,9.104923250958363691e-06,4.324776493255623362e-06,-4.553702644471186616e-07,-5.235517022149856450e-06,-1.001566377985260101e-05,-1.479581053755534389e-05,-1.957595729525808337e-05,-2.435610405296082624e-05,-2.913625081066356572e-05,-3.391639756836631537e-05,-3.869654432606902436e-05,-4.175673409778268879e-05,-4.481692386949635322e-05,-4.787711364121000410e-05,-5.093730341292367531e-05,-5.399749318463733296e-05,-5.705768295635099062e-05,-6.011787272806465505e-05,-6.317806249977827204e-05,-6.623825227149192970e-05,-6.929844204320560091e-05,-7.235863181491925856e-05
7.138302347364405050e-04,6.482453231509289603e-04,5.826604115654171988e-04,5.170754999799056541e-04,4.514905883943940552e-04,3.859056768088824562e-04,3.203207652233709115e-04,2.547358536378592584e-04,1.891509420523476866e-04,1.235660304668360606e-04,5.798111888132442777e-05,-7.603792704187015291e-06,4.523013360175141926e-05,9.806405990768994867e-05,1.508979862136284645e-04,2.037319125195669804e-04,2.565658388255055234e-04,3.093997651314440663e-04,3.622336914373825009e-04,4.150676177433210981e-04,4.679015440492595868e-04,5.207354703551981840e-04,5.735693966611365643e-04,5.916423230947219546e-04,6.097152495283073449e-04,6.277881759618928435e-04,6.458611023954782338e-04,6.639340288290637325e-04,6.820069552626491227e-04,7.000798816962345130e-04,7.181528081298201201e-04,7.362257345634054019e-04,7.542986609969909006e-04,7.723715874305762908e-04,7.669160639727770276e-04,7.614605405149778728e-04,7.560050170571787180e-04,7.505494935993796716e-04,7.450939701415804084e-04,7.396384466837814704e-04,7.341829232259823156e-04,7.287273997681831608e-04,7.232718763103840060e-04,7.178163528525848512e-04,7.123608293947855880e-04,6.918068323764318831e-04,6.712528353580785034e-04,6.506988383397247985e-04,6.301448413213713105e-04,6.095908443030177140e-04,5.890368472846640091e-04,5.684828502663104126e-04,5.479288532479568161e-04,5.273748562296032196e-04,5.068208592112496231e-04,4.862668621928959724e-04,4.614745355731957304e-04,4.366822089534953800e-04,4.118898823337951379e-04,3.870975557140949501e-04,3.623052290943945997e-04,3.375129024746943577e-04,3.127205758549941698e-04,2.879282492352938736e-04,2.631359226155936316e-04,2.383435959958933354e-04,2.135512693761931746e-04,1.966570126954240690e-04,1.797627560146549091e-04,1.628684993338857493e-04,1.459742426531165623e-04,1.290799859723474295e-04,1.121857292915782697e-04,9.529147261080910978e-05,7.839721593003997702e-05,6.150295924927081715e-05,4.460870256850165728e-05,2.771444588773264988e-05,2.123734968277262995e-05,1.476025347781258799e-05,8.283157272852557893e-06,1.806061067892526101e-06,-4.671035137067503998e-06,-1.114813134202753410e-05,-1.762522754698757436e-05,-2.410232375194759768e-05,-3.057941995690763456e-05,-3.705651616186766804e-05,-4.353361236682765410e-05,-4.697632586000552912e-05,-5.041903935318339737e-05,-5.386175284636126562e-05,-5.730446633953913387e-05,-6.074717983271700212e-05,-6.418989332589487037e-05,-6.763260681907273862e-05,-7.107532031225055266e-05,-7.451803380542843446e-05,-7.796074729860628916e-05,-8.140346079178415741e-05
7.138302347364405050e-04,6.471829676630051157e-04,5.805357005895698348e-04,5.138884335161345539e-04,4.472411664426992188e-04,3.805938993692638294e-04,3.139466322958285485e-04,2.472993652223932134e-04,1.806520981489578511e-04,1.140048310755224889e-04,4.735756400208714702e-05,-1.928970307134802886e-05,3.361947563455973045e-05,8.652865434046757447e-05,1.394378330463754117e-04,1.923470117522832761e-04,2.452561904581911133e-04,2.981653691640989506e-04,3.510745478700068420e-04,4.039837265759146792e-04,4.568929052818224623e-04,5.098020839877303537e-04,5.627112626936380283e-04,5.817138002316123982e-04,6.007163377695864427e-04,6.197188753075605957e-04,6.387214128455347487e-04,6.577239503835091185e-04,6.767264879214832714e-04,6.957290254594574244e-04,7.147315629974315774e-04,7.337341005354058388e-04,7.527366380733801002e-04,7.717391756113541447e-04,7.677729904948626775e-04,7.638068053783709935e-04,7.598406202618793095e-04,7.558744351453878423e-04,7.519082500288961583e-04,7.479420649124045826e-04,7.439758797959130070e-04,7.400096946794213230e-04,7.360435095629297474e-04,7.320773244464382802e-04,7.281111393299464878e-04,7.088422267992857328e-04,6.895733142686248695e-04,6.703044017379638977e-04,6.510354892073032512e-04,6.317665766766423878e-04,6.124976641459815244e-04,5.932287516153206611e-04,5.739598390846597977e-04,5.546909265539990428e-04,5.354220140233380710e-04,5.161531014926773160e-04,4.916336130471089545e-04,4.671141246015406471e-04,4.425946361559723397e-04,4.180751477104040323e-04,3.935556592648358333e-04,3.690361708192674717e-04,3.445166823736992186e-04,3.199971939281309654e-04,2.954777054825626038e-04,2.709582170369943506e-04,2.464387285914260975e-04,2.278119188800968402e-04,2.091851091687675559e-04,1.905582994574382986e-04,1.719314897461090143e-04,1.533046800347797299e-04,1.346778703234504456e-04,1.160510606121211341e-04,9.742425090079187685e-05,7.879744118946260605e-05,6.017063147813330815e-05,4.154382176680417965e-05,3.336977611458686232e-05,2.519573046236954500e-05,1.702168481015222428e-05,8.847639157934900181e-06,6.735935057175828548e-07,-7.500452146499744636e-06,-1.567449779871706535e-05,-2.384854345093437929e-05,-3.202258910315170339e-05,-4.019663475536902749e-05,-4.837068040758627706e-05,-5.219591762222835590e-05,-5.602115483687043475e-05,-5.984639205151250682e-05,-6.367162926615459921e-05,-6.749686648079665095e-05,-7.132210369543874335e-05,-7.514734091008080864e-05,-7.897257812472283328e-05,-8.279781533936491212e-05,-8.662305255400697742e-05,-9.044828976864905626e-05
7.138302347364405050e-04,6.461206121750813795e-04,5.784109896137223624e-04,5.107013670523632368e-04,4.429917444910042739e-04,3.752821219296452026e-04,3.075724993682861855e-04,2.398628768069270599e-04,1.721532542455680157e-04,1.044436316842089308e-04,3.673400912284984594e-05,-3.097561343850905598e-05,2.200881766736801794e-05,7.499324877324518672e-05,1.279776798791223589e-04,1.809621109849995175e-04,2.339465420908767032e-04,2.869309731967538890e-04,3.399154043026310205e-04,3.928998354085082062e-04,4.458842665143853919e-04,4.988686976202625235e-04,5.518531287261394924e-04,5.717852773685025165e-04,5.917174260108654322e-04,6.116495746532284563e-04,6.315817232955913720e-04,6.515138719379543961e-04,6.714460205803174202e-04,6.913781692226803359e-04,7.113103178650432516e-04,7.312424665074062757e-04,7.511746151497692998e-04,7.711067637921319986e-04,7.686299170169481106e-04,7.661530702417640058e-04,7.636762234665799010e-04,7.611993766913959045e-04,7.587225299162116913e-04,7.562456831410276949e-04,7.537688363658436985e-04,7.512919895906597020e-04,7.488151428154755972e-04,7.463382960402916008e-04,7.438614492651072791e-04,7.258776212221392573e-04,7.078937931791712355e-04,6.899099651362031052e-04,6.719261370932351918e-04,6.539423090502670616e-04,6.359584810072990398e-04,6.179746529643309096e-04,5.999908249213628877e-04,5.820069968783947575e-04,5.640231688354267357e-04,5.460393407924586055e-04,5.217926905210222869e-04,4.975460402495858600e-04,4.732993899781495956e-04,4.490527397067133313e-04,4.248060894352769586e-04,4.005594391638405858e-04,3.763127888924043215e-04,3.520661386209680030e-04,3.278194883495316844e-04,3.035728380780953117e-04,2.793261878066590474e-04,2.589668250647697199e-04,2.386074623228802839e-04,2.182480995809908480e-04,1.978887368391014662e-04,1.775293740972120574e-04,1.571700113553226215e-04,1.368106486134332126e-04,1.164512858715438173e-04,9.609192312965439495e-05,7.573256038776498612e-05,5.537319764587572636e-05,4.550220254640111842e-05,3.563120744692651048e-05,2.576021234745189576e-05,1.588921724797728781e-05,6.018222148502676484e-06,-3.852772950971938235e-06,-1.372376805044654957e-05,-2.359476314992115751e-05,-3.346575824939577223e-05,-4.333675334887038017e-05,-5.320774844834491357e-05,-5.741550938445119624e-05,-6.162327032055748568e-05,-6.583103125666376156e-05,-7.003879219277003745e-05,-7.424655312887632689e-05,-7.845431406498261633e-05,-8.266207500108890577e-05,-8.686983593719512745e-05,-9.107759687330140334e-05,-9.528535780940767923e-05,-9.949311874551396867e-05
7.138302347364405050e-04,6.448342424572251408e-04,5.758382501780097765e-04,5.068422578987946290e-04,4.378462656195792105e-04,3.688502733403637378e-04,2.998542810611484820e-04,2.308582887819331990e-04,1.618622965027177805e-04,9.286630422350242978e-05,2.387031194428707566e-05,-4.512568033492810228e-05,6.833508387056023522e-06,5.879269710904024080e-05,1.107518858310244428e-04,1.627110745530086855e-04,2.146702632749928740e-04,2.666294519969770625e-04,3.185886407189613594e-04,3.705478294409456021e-04,4.225070181629297364e-04,4.744662068849139791e-04,5.264253956068980049e-04,5.472479570892607639e-04,5.680705185716231976e-04,5.888930800539855228e-04,6.097156415363480650e-04,6.305382030187107155e-04,6.513607645010732576e-04,6.721833259834356913e-04,6.930058874657981250e-04,7.138284489481606671e-04,7.346510104305233177e-04,7.554735719128856429e-04,7.544943330431395923e-04,7.535150941733934331e-04,7.525358553036472740e-04,7.515566164339013318e-04,7.505773775641550643e-04,7.495981386944090136e-04,7.486188998246628545e-04,7.476396609549166954e-04,7.466604220851706447e-04,7.456811832154245940e-04,7.447019443456783265e-04,7.287336493140345777e-04,7.127653542823909373e-04,6.967970592507470801e-04,6.808287642191035481e-04,6.648604691874597994e-04,6.488921741558160506e-04,6.329238791241724102e-04,6.169555840925286614e-04,6.009872890608850210e-04,5.850189940292411638e-04,5.690506989975975234e-04,5.467087604190958797e-04,5.243668218405942360e-04,5.020248832620927007e-04,4.796829446835910028e-04,4.573410061050895759e-04,4.349990675265879322e-04,4.126571289480863969e-04,3.903151903695848074e-04,3.679732517910832179e-04,3.456313132125816284e-04,3.232893746340800389e-04,3.040104800471408845e-04,2.847315854602017302e-04,2.654526908732624674e-04,2.461737962863233130e-04,2.268949016993841044e-04,2.076160071124448687e-04,1.883371125255056872e-04,1.690582179385665058e-04,1.497793233516273243e-04,1.305004287646881157e-04,1.112215341777490426e-04,1.012717008362713815e-04,9.132186749479369336e-05,8.137203415331597807e-05,7.142220081183830343e-05,6.147236747036060169e-05,5.152253412888289994e-05,4.157270078740520498e-05,3.162286744592751679e-05,2.167303410444982182e-05,1.172320076297214041e-05,1.773367421494516594e-06,-2.964852780488369977e-06,-7.703072982471259936e-06,-1.244129318445415328e-05,-1.717951338643705341e-05,-2.191773358841993320e-05,-2.665595379040282994e-05,-3.139417399238571651e-05,-3.613239419436854548e-05,-4.087061439635144222e-05,-4.560883459833430507e-05,-5.034705480031720180e-05
7.138302347364405050e-04,6.435478727393689020e-04,5.732655107422972990e-04,5.029831487452255875e-04,4.327007867481540387e-04,3.624184247510823815e-04,2.921360627540108327e-04,2.218537007569391483e-04,1.515713387598675182e-04,8.128897676279592873e-05,1.100661476572425116e-05,-5.927574723134720956e-05,-8.341800893256028489e-06,4.259214544483524745e-05,9.352609178292649967e-05,1.444600381210177993e-04,1.953939844591090448e-04,2.463279307972002902e-04,2.972618771352916441e-04,3.481958234733829437e-04,3.991297698114741350e-04,4.500637161495654346e-04,5.009976624876566259e-04,5.227106368100185776e-04,5.444236111323807461e-04,5.661365854547426978e-04,5.878495597771047580e-04,6.095625340994669265e-04,6.312755084218288782e-04,6.529884827441910468e-04,6.747014570665529985e-04,6.964144313889152754e-04,7.181274057112772271e-04,7.398403800336391788e-04,7.403587490693310739e-04,7.408771181050228605e-04,7.413954871407148640e-04,7.419138561764065422e-04,7.424322252120984372e-04,7.429505942477902239e-04,7.434689632834821189e-04,7.439873323191740139e-04,7.445057013548658006e-04,7.450240703905578040e-04,7.455424394262494822e-04,7.315896774059301149e-04,7.176369153856106391e-04,7.036841533652912718e-04,6.897313913449720129e-04,6.757786293246526455e-04,6.618258673043333866e-04,6.478731052840139108e-04,6.339203432636944351e-04,6.199675812433751761e-04,6.060148192230558088e-04,5.920620572027364414e-04,5.716248303171694726e-04,5.511876034316027205e-04,5.307503765460358600e-04,5.103131496604691080e-04,4.898759227749021391e-04,4.694386958893353870e-04,4.490014690037685266e-04,4.285642421182016661e-04,4.081270152326348598e-04,3.876897883470680536e-04,3.672525614615011931e-04,3.490541350295122661e-04,3.308557085975232849e-04,3.126572821655342494e-04,2.944588557335453224e-04,2.762604293015563412e-04,2.580620028695673599e-04,2.398635764375783787e-04,2.216651500055893975e-04,2.034667235736004162e-04,1.852682971416114350e-04,1.670698707096225893e-04,1.570411991261418344e-04,1.470125275426610524e-04,1.369838559591802433e-04,1.269551843756995156e-04,1.169265127922187065e-04,1.068978412087379245e-04,9.686916962525715603e-05,8.684049804177638760e-05,7.681182645829560561e-05,6.678315487481483717e-05,5.675448329133411617e-05,5.148580382347463247e-05,4.621712435561512843e-05,4.094844488775562440e-05,3.567976541989612715e-05,3.041108595203662990e-05,2.514240648417712925e-05,1.987372701631762184e-05,1.460504754845820590e-05,9.336368080598708642e-06,4.067688612739218165e-06,-1.200990855120285866e-06
7.138302347364405050e-04,6.422615030215125548e-04,5.706927713065846047e-04,4.991240395916567629e-04,4.275553078767289211e-04,3.559865761618010251e-04,2.844178444468731834e-04,2.128491127319452332e-04,1.412803810170173372e-04,6.971164930208941413e-05,-1.857082412838515731e-06,-7.342581412776625586e-05,-2.351711017356802798e-05,2.639159378063029476e-05,7.630029773482862427e-05,1.262090016890269131e-04,1.761177056432252697e-04,2.260264095974235993e-04,2.759351135516219288e-04,3.258438175058202312e-04,3.757525214600185878e-04,4.256612254142168360e-04,4.755699293684150842e-04,4.981733165307767166e-04,5.207767036931382947e-04,5.433800908554997644e-04,5.659834780178615594e-04,5.885868651802230291e-04,6.111902523425848241e-04,6.337936395049464022e-04,6.563970266673080887e-04,6.790004138296695585e-04,7.016038009920312450e-04,7.242071881543927147e-04,7.262231650955225555e-04,7.282391420366523963e-04,7.302551189777822371e-04,7.322710959189119694e-04,7.342870728600415934e-04,7.363030498011715426e-04,7.383190267423013833e-04,7.403350036834310073e-04,7.423509806245609565e-04,7.443669575656906888e-04,7.463829345068204212e-04,7.344457054978253269e-04,7.225084764888304494e-04,7.105712474798354635e-04,6.986340184708403692e-04,6.866967894618452748e-04,6.747595604528503974e-04,6.628223314438553030e-04,6.508851024348602087e-04,6.389478734258652228e-04,6.270106444168702369e-04,6.150734154078752510e-04,5.965409002152431738e-04,5.780083850226109881e-04,5.594758698299789109e-04,5.409433546373469421e-04,5.224108394447147564e-04,5.038783242520826792e-04,4.853458090594506020e-04,4.668132938668184705e-04,4.482807786741863933e-04,4.297482634815542619e-04,4.112157482889221304e-04,3.940977900118834850e-04,3.769798317348446227e-04,3.598618734578058688e-04,3.427439151807671691e-04,3.256259569037284153e-04,3.085079986266896614e-04,2.913900403496507991e-04,2.742720820726120994e-04,2.571541237955732914e-04,2.400361655185345917e-04,2.229182072414958649e-04,2.128106974160120840e-04,2.027031875905281947e-04,1.925956777650443324e-04,1.824881679395604702e-04,1.723806581140766350e-04,1.622731482885927728e-04,1.521656384631089106e-04,1.420581286376250483e-04,1.319506188121412132e-04,1.218431089866573510e-04,1.117355991611735294e-04,1.059364604274374655e-04,1.001373216937013338e-04,9.433818295996522930e-05,8.853904422622913830e-05,8.273990549249303375e-05,7.694076675875692920e-05,7.114162802502081110e-05,6.534248929128478787e-05,5.954335055754866976e-05,5.374421182381258554e-05,4.794507309007647422e-05
7.138302347364405050e-04,6.409751333036563161e-04,5.681200318708722356e-04,4.952649304380880467e-04,4.224098290053038035e-04,3.495547275725196146e-04,2.766996261397354799e-04,2.038445247069513180e-04,1.309894232741671020e-04,5.813432184138289953e-05,-1.472077959140128940e-05,-8.757588102418531570e-05,-3.869241945388001731e-05,1.019104211642534545e-05,5.907450368673072176e-05,1.079579652570361082e-04,1.568414268273414405e-04,2.057248883976468541e-04,2.546083499679522135e-04,3.034918115382575728e-04,3.523752731085629864e-04,4.012587346788683458e-04,4.501421962491736510e-04,4.736359962515347471e-04,4.971297962538959517e-04,5.206235962562570478e-04,5.441173962586182524e-04,5.676111962609794569e-04,5.911049962633406615e-04,6.145987962657017576e-04,6.380925962680629622e-04,6.615863962704240583e-04,6.850801962727852629e-04,7.085739962751463590e-04,7.120875811217140371e-04,7.156011659682818236e-04,7.191147508148496102e-04,7.226283356614172882e-04,7.261419205079850748e-04,7.296555053545527528e-04,7.331690902011205394e-04,7.366826750476883259e-04,7.401962598942561124e-04,7.437098447408237905e-04,7.472234295873914686e-04,7.373017335897207557e-04,7.273800375920501512e-04,7.174583415943794383e-04,7.075366455967088339e-04,6.976149495990381210e-04,6.876932536013675165e-04,6.777715576036968037e-04,6.678498616060260908e-04,6.579281656083553779e-04,6.480064696106847735e-04,6.380847736130140606e-04,6.214569701133167666e-04,6.048291666136193642e-04,5.882013631139220702e-04,5.715735596142246678e-04,5.549457561145273738e-04,5.383179526148298630e-04,5.216901491151326774e-04,5.050623456154352750e-04,4.884345421157379810e-04,4.718067386160405786e-04,4.551789351163432304e-04,4.391414449942546497e-04,4.231039548721661774e-04,4.070664647500775424e-04,3.910289746279890159e-04,3.749914845059004352e-04,3.589539943838119087e-04,3.429165042617233821e-04,3.268790141396348556e-04,3.108415240175462749e-04,2.948040338954576942e-04,2.787665437733692218e-04,2.685801957058823607e-04,2.583938476383953911e-04,2.482074995709084757e-04,2.380211515034215603e-04,2.278348034359345907e-04,2.176484553684476212e-04,2.074621073009607058e-04,1.972757592334737633e-04,1.870894111659868208e-04,1.769030630984998783e-04,1.667167150310130172e-04,1.603871170314002850e-04,1.540575190317875799e-04,1.477279210321748477e-04,1.413983230325621698e-04,1.350687250329494376e-04,1.287391270333367325e-04,1.224095290337240004e-04,1.160799310341113631e-04,1.097503330344986715e-04,1.034207350348859529e-04,9.709113703527324786e-05
7.138302347364405050e-04,6.396887635858000774e-04,5.655472924351596497e-04,4.914058212845192220e-04,4.172643501338787401e-04,3.431228789832382583e-04,2.689814078325978306e-04,1.948399366819573758e-04,1.206984655313168939e-04,4.655699438067641203e-05,-2.758447676996406985e-05,-1.017259479206043756e-04,-5.386772873419202020e-05,-6.009509547779593694e-06,4.184870963863284636e-05,8.970692882504527625e-05,1.375651480114576926e-04,1.854233671978701360e-04,2.332815863842825524e-04,2.811398055706950229e-04,3.289980247571074393e-04,3.768562439435198556e-04,4.247144631299321635e-04,4.490986759722929403e-04,4.734828888146536087e-04,4.978671016570142228e-04,5.222513144993749454e-04,5.466355273417357764e-04,5.710197401840963905e-04,5.954039530264572215e-04,6.197881658688178357e-04,6.441723787111786666e-04,6.685565915535393892e-04,6.929408043958998949e-04,6.979519971479057356e-04,7.029631898999113594e-04,7.079743826519170917e-04,7.129855754039227155e-04,7.179967681559282309e-04,7.230079609079341800e-04,7.280191536599398038e-04,7.330303464119455360e-04,7.380415391639511598e-04,7.430527319159568921e-04,7.480639246679626243e-04,7.401577616816161845e-04,7.322515986952698530e-04,7.243454357089235216e-04,7.164392727225772986e-04,7.085331097362309672e-04,7.006269467498846357e-04,6.927207837635383043e-04,6.848146207771919729e-04,6.769084577908455330e-04,6.690022948044993100e-04,6.610961318181529786e-04,6.463730400113903594e-04,6.316499482046276318e-04,6.169268563978650127e-04,6.022037645911023935e-04,5.874806727843398827e-04,5.727575809775772636e-04,5.580344891708146444e-04,5.433113973640520252e-04,5.285883055572895145e-04,5.138652137505268953e-04,4.991421219437641678e-04,4.841850999766259770e-04,4.692280780094875694e-04,4.542710560423491618e-04,4.393140340752108627e-04,4.243570121080725635e-04,4.093999901409342101e-04,3.944429681737958568e-04,3.794859462066575034e-04,3.645289242395192042e-04,3.495719022723808508e-04,3.346148803052425517e-04,3.243496939957526103e-04,3.140845076862625604e-04,3.038193213767724564e-04,2.935541350672825150e-04,2.832889487577925193e-04,2.730237624483024695e-04,2.627585761388124197e-04,2.524933898293224240e-04,2.422282035198323742e-04,2.319630172103424057e-04,2.216978309008523829e-04,2.148377736353631045e-04,2.079777163698737718e-04,2.011176591043844120e-04,1.942576018388951064e-04,1.873975445734058008e-04,1.805374873079164952e-04,1.736774300424271896e-04,1.668173727769379383e-04,1.599573155114486327e-04,1.530972582459593271e-04,1.462372009804699673e-04
7.138302347364405050e-04,6.384023938679437302e-04,5.629745529994469554e-04,4.875467121309502347e-04,4.121188712624535683e-04,3.366910303939568477e-04,2.612631895254601813e-04,1.858353486569633793e-04,1.104075077884666723e-04,3.497966691996991099e-05,-4.044817394852683675e-05,-1.158760148170234083e-04,-6.904303801450401630e-05,-2.221006121198452606e-05,2.462291559053495063e-05,7.145589239305441716e-05,1.182888691955739176e-04,1.651218459980933909e-04,2.119548228006128913e-04,2.587877996031323646e-04,3.056207764056518379e-04,3.524537532081713112e-04,3.992867300106907303e-04,4.245613556930509709e-04,4.498359813754112114e-04,4.751106070577714520e-04,5.003852327401317468e-04,5.256598584224919874e-04,5.509344841048522280e-04,5.762091097872124685e-04,6.014837354695727091e-04,6.267583611519330581e-04,6.520329868342932987e-04,6.773076125166534308e-04,6.838164131740972172e-04,6.903252138315407868e-04,6.968340144889843563e-04,7.033428151464280343e-04,7.098516158038717123e-04,7.163604164613153902e-04,7.228692171187590682e-04,7.293780177762026378e-04,7.358868184336463157e-04,7.423956190910898853e-04,7.489044197485335633e-04,7.430137897735116133e-04,7.371231597984896633e-04,7.312325298234676049e-04,7.253418998484456549e-04,7.194512698734235965e-04,7.135606398984016465e-04,7.076700099233796965e-04,7.017793799483577465e-04,6.958887499733356881e-04,6.899981199983137381e-04,6.841074900232917881e-04,6.712891099094639522e-04,6.584707297956358995e-04,6.456523496818080635e-04,6.328339695679803360e-04,6.200155894541523917e-04,6.071972093403244473e-04,5.943788292264967198e-04,5.815604491126687755e-04,5.687420689988408311e-04,5.559236888850131036e-04,5.431053087711850509e-04,5.292287549589970875e-04,5.153522011468089073e-04,5.014756473346207270e-04,4.875990935224327094e-04,4.737225397102445834e-04,4.598459858980564032e-04,4.459694320858683314e-04,4.320928782736802054e-04,4.182163244614921335e-04,4.043397706493039533e-04,3.904632168371158273e-04,3.801191922856228056e-04,3.697751677341296755e-04,3.594311431826365997e-04,3.490871186311435238e-04,3.387430940796503937e-04,3.283990695281572636e-04,3.180550449766641335e-04,3.077110204251711119e-04,2.973669958736779818e-04,2.870229713221848517e-04,2.766789467706917758e-04,2.692884302393258968e-04,2.618979137079599636e-04,2.545073971765940304e-04,2.471168806452280972e-04,2.397263641138621640e-04,2.323358475824962308e-04,2.249453310511303518e-04,2.175548145197644999e-04,2.101642979883985938e-04,2.027737814570326606e-04,1.953832649256667545e-04
7.138302347364405050e-04,6.371160241500873830e-04,5.604018135637344779e-04,4.836876029773814643e-04,4.069733923910285049e-04,3.302591818046754371e-04,2.535449712183225320e-04,1.768307606319694100e-04,1.001165500456164506e-04,2.340233945926342349e-05,-5.331187112708959686e-05,-1.300260817134424817e-04,-8.421834729481600564e-05,-3.841061287618949570e-05,7.397121542437061676e-06,5.320485596106358517e-05,9.901259037969014254e-05,1.448203247983166728e-04,1.906280592169431760e-04,2.364357936355697333e-04,2.822435280541962365e-04,3.280512624728228210e-04,3.738589968914492428e-04,4.000240354138091098e-04,4.261890739361688684e-04,4.523541124585286812e-04,4.785191509808884398e-04,5.046841895032483068e-04,5.308492280256080654e-04,5.570142665479679324e-04,5.831793050703276910e-04,6.093443435926874496e-04,6.355093821150473166e-04,6.616744206374070751e-04,6.696808292002886989e-04,6.776872377631702141e-04,6.856936463260517294e-04,6.937000548889334615e-04,7.017064634518149768e-04,7.097128720146964921e-04,7.177192805775782242e-04,7.257256891404597395e-04,7.337320977033414716e-04,7.417385062662229869e-04,7.497449148291045022e-04,7.458698178654070421e-04,7.419947209017092567e-04,7.381196239380116882e-04,7.342445269743140112e-04,7.303694300106163342e-04,7.264943330469187657e-04,7.226192360832211972e-04,7.187441391195235202e-04,7.148690421558258432e-04,7.109939451921282747e-04,7.071188482284305977e-04,6.962051798075375450e-04,6.852915113866442755e-04,6.743778429657512228e-04,6.634641745448580617e-04,6.525505061239650090e-04,6.416368377030719564e-04,6.307231692821786868e-04,6.198095008612856342e-04,6.088958324403924731e-04,5.979821640194993120e-04,5.870684955986061508e-04,5.742724099413683064e-04,5.614763242841303535e-04,5.486802386268924006e-04,5.358841529696546646e-04,5.230880673124166033e-04,5.102919816551787589e-04,4.974958959979408060e-04,4.846998103407029615e-04,4.719037246834650087e-04,4.591076390262271100e-04,4.463115533689892113e-04,4.358886905754931094e-04,4.254658277819969533e-04,4.150429649885006345e-04,4.046201021950045868e-04,3.941972394015083223e-04,3.837743766080121662e-04,3.733515138145159559e-04,3.629286510210197997e-04,3.525057882275235894e-04,3.420829254340273791e-04,3.316600626405312230e-04,3.237390868432887705e-04,3.158181110460462097e-04,3.078971352488035947e-04,2.999761594515611422e-04,2.920551836543185814e-04,2.841342078570760748e-04,2.762132320598335140e-04,2.682922562625911157e-04,2.603712804653485549e-04,2.524503046681060483e-04,2.445293288708634875e-04
7.138302347364405050e-04,6.358296544322313611e-04,5.578290741280217836e-04,4.798284938238126397e-04,4.018279135196033873e-04,3.238273332153940808e-04,2.458267529111848285e-04,1.678261726069755220e-04,8.982559230276622897e-05,1.182501199855692244e-05,-6.617556830565238409e-05,-1.441761486098615415e-04,-9.939365657512803562e-05,-5.461116454039442806e-05,-9.828672505660854383e-06,3.495381952907275995e-05,7.973631156380634041e-05,1.245188035985399276e-04,1.693012956332735149e-04,2.140837876680071021e-04,2.588662797027406893e-04,3.036487717374742766e-04,3.484312637722078096e-04,3.754867151345671404e-04,4.025421664969264712e-04,4.295976178592858020e-04,4.566530692216451328e-04,4.837085205840045720e-04,5.107639719463639028e-04,5.378194233087232878e-04,5.648748746710825644e-04,5.919303260334419494e-04,6.189857773958013345e-04,6.460412287581605026e-04,6.555452452264800721e-04,6.650492616947995331e-04,6.745532781631192109e-04,6.840572946314387804e-04,6.935613110997582414e-04,7.030653275680778108e-04,7.125693440363973803e-04,7.220733605047169497e-04,7.315773769730365191e-04,7.410813934413560886e-04,7.505854099096754412e-04,7.487258459573022541e-04,7.468662820049289585e-04,7.450067180525556630e-04,7.431471541001824759e-04,7.412875901478091804e-04,7.394280261954358849e-04,7.375684622430626978e-04,7.357088982906892938e-04,7.338493343383161067e-04,7.319897703859428112e-04,7.301302064335695157e-04,7.211212497056111378e-04,7.121122929776527600e-04,7.031033362496942737e-04,6.940943795217360043e-04,6.850854227937775180e-04,6.760764660658192485e-04,6.670675093378607623e-04,6.580585526099023844e-04,6.490495958819440065e-04,6.400406391539856287e-04,6.310316824260271424e-04,6.193160649237395253e-04,6.076004474214519082e-04,5.958848299191640743e-04,5.841692124168764572e-04,5.724535949145887316e-04,5.607379774123010061e-04,5.490223599100133890e-04,5.373067424077256635e-04,5.255911249054380464e-04,5.138755074031502125e-04,5.021598899008625954e-04,4.916581888653634132e-04,4.811564878298640142e-04,4.706547867943648321e-04,4.601530857588655415e-04,4.496513847233663051e-04,4.391496836878669603e-04,4.286479826523677240e-04,4.181462816168684334e-04,4.076445805813691970e-04,3.971428795458699064e-04,3.866411785103706701e-04,3.781897434472515900e-04,3.697383083841324558e-04,3.612868733210133215e-04,3.528354382578941873e-04,3.443840031947750530e-04,3.359325681316558646e-04,3.274811330685366761e-04,3.190296980054176503e-04,3.105782629422985702e-04,3.021268278791794360e-04,2.936753928160602475e-04
7.138302347364405050e-04,6.345432847143750140e-04,5.552563346923094145e-04,4.759693846702438692e-04,3.966824346481782697e-04,3.173954846261126703e-04,2.381085346040472334e-04,1.588215845819816339e-04,7.953463455991602088e-05,2.476845378504620530e-07,-7.903926548421513743e-05,-1.583262155062805472e-04,-1.145689658554400114e-04,-7.081171620459934010e-05,-2.705446655375871623e-05,1.670278309708193474e-05,6.046003274792256538e-05,1.042172823987632096e-04,1.479745320496038538e-04,1.917317817004444709e-04,2.354890313512851422e-04,2.792462810021257864e-04,3.230035306529663764e-04,3.509493948553252794e-04,3.788952590576841282e-04,4.068411232600430312e-04,4.347869874624019342e-04,4.627328516647608372e-04,4.906787158671197403e-04,5.186245800694786433e-04,5.465704442718375463e-04,5.745163084741964493e-04,6.024621726765553523e-04,6.304080368789142554e-04,6.414096612526715537e-04,6.524112856264291773e-04,6.634129100001865840e-04,6.744145343739442076e-04,6.854161587477016144e-04,6.964177831214591295e-04,7.074194074952166447e-04,7.184210318689741599e-04,7.294226562427316750e-04,7.404242806164891902e-04,7.514259049902465969e-04,7.515818740491976829e-04,7.517378431081486604e-04,7.518938121670998547e-04,7.520497812260507238e-04,7.522057502850018097e-04,7.523617193439530041e-04,7.525176884029040900e-04,7.526736574618550675e-04,7.528296265208061534e-04,7.529855955797571309e-04,7.531415646387083253e-04,7.460373196036845138e-04,7.389330745686610276e-04,7.318288295336373246e-04,7.247245844986137300e-04,7.176203394635900269e-04,7.105160944285663239e-04,7.034118493935428377e-04,6.963076043585191346e-04,6.892033593234955400e-04,6.820991142884717286e-04,6.749948692534480255e-04,6.643597199061106358e-04,6.537245705587732460e-04,6.430894212114356395e-04,6.324542718640982497e-04,6.218191225167608600e-04,6.111839731694232534e-04,6.005488238220858636e-04,5.899136744747483655e-04,5.792785251274108673e-04,5.686433757800733691e-04,5.580082264327357626e-04,5.474276871552333917e-04,5.368471478777312378e-04,5.262666086002288669e-04,5.156860693227264961e-04,5.051055300452241253e-04,4.945249907677217545e-04,4.839444514902194378e-04,4.733639122127171212e-04,4.627833729352146962e-04,4.522028336577123796e-04,4.416222943802100630e-04,4.326404000512143011e-04,4.236585057222185934e-04,4.146766113932228316e-04,4.056947170642271781e-04,3.967128227352313620e-04,3.877309284062356544e-04,3.787490340772398383e-04,3.697671397482442390e-04,3.607852454192484772e-04,3.518033510902527153e-04,3.428214567612570076e-04
7.138302347364405050e-04,6.332569149965186668e-04,5.526835952565968286e-04,4.721102755166750988e-04,3.915369557767532063e-04,3.109636360368313139e-04,2.303903162969095299e-04,1.498169965569876917e-04,6.924367681706579923e-05,-1.132964292285606610e-05,-9.190296266277794498e-05,-1.724762824026996341e-04,-1.297442751357520143e-04,-8.701226786880431312e-05,-4.428026060185661196e-05,-1.548253334908897250e-06,4.118375393203877681e-05,8.391576119898646441e-05,1.266477684659341927e-04,1.693797757328818667e-04,2.121117829998295408e-04,2.548437902667772420e-04,2.975757975337248347e-04,3.264120745760833099e-04,3.552483516184416767e-04,3.840846286608001520e-04,4.129209057031586272e-04,4.417571827455170482e-04,4.705934597878755235e-04,4.994297368302339987e-04,5.282660138725924198e-04,5.571022909149509492e-04,5.859385679573093702e-04,6.147748449996676828e-04,6.272740772788632522e-04,6.397733095580586046e-04,6.522725418372540655e-04,6.647717741164495264e-04,6.772710063956448789e-04,6.897702386748404482e-04,7.022694709540358007e-04,7.147687032332312616e-04,7.272679355124268309e-04,7.397671677916221834e-04,7.522664000708175359e-04,7.544379021410930032e-04,7.566094042113684706e-04,7.587809062816439380e-04,7.609524083519191885e-04,7.631239104221946559e-04,7.652954124924701233e-04,7.674669145627454822e-04,7.696384166330208412e-04,7.718099187032963085e-04,7.739814207735717759e-04,7.761529228438472433e-04,7.709533895017582151e-04,7.657538561596692953e-04,7.605543228175803755e-04,7.553547894754914557e-04,7.501552561334026443e-04,7.449557227913137245e-04,7.397561894492248047e-04,7.345566561071359933e-04,7.293571227650469651e-04,7.241575894229581537e-04,7.189580560808690171e-04,7.094033748884818547e-04,6.998486936960945839e-04,6.902940125037073131e-04,6.807393313113200423e-04,6.711846501189328799e-04,6.616299689265456091e-04,6.520752877341583383e-04,6.425206065417710674e-04,6.329659253493837966e-04,6.234112441569965258e-04,6.138565629646091466e-04,6.031971854451038039e-04,5.925378079255984613e-04,5.818784304060929018e-04,5.712190528865875591e-04,5.605596753670821081e-04,5.499002978475766570e-04,5.392409203280712059e-04,5.285815428085658633e-04,5.179221652890604122e-04,5.072627877695549611e-04,4.966034102500495101e-04,4.870910566551771748e-04,4.775787030603048395e-04,4.680663494654324500e-04,4.585539958705601147e-04,4.490416422756877794e-04,4.395292886808153899e-04,4.300169350859430546e-04,4.205045814910707736e-04,4.109922278961984925e-04,4.014798743013261030e-04,3.919675207064537677e-04
7.138302347364405050e-04,6.319705452786624281e-04,5.501108558208842427e-04,4.682511663631062199e-04,3.863914769053280345e-04,3.045317874475499576e-04,2.226720979897718535e-04,1.408124085319937494e-04,5.895271907421560469e-05,-2.290697038356257054e-05,-1.047666598413407119e-04,-1.866263492991186669e-04,-1.449195844160640172e-04,-1.032128195330092726e-04,-6.150605464995455513e-05,-1.979928976689981733e-05,2.190747511615491708e-05,6.361423999920963793e-05,1.053210048822643418e-04,1.470277697653190729e-04,1.887345346483738039e-04,2.304412995314285891e-04,2.721480644144832388e-04,3.018747542968411779e-04,3.316014441791991169e-04,3.613281340615571101e-04,3.910548239439151034e-04,4.207815138262731508e-04,4.505082037086310899e-04,4.802348935909890831e-04,5.099615834733470764e-04,5.396882733557050154e-04,5.694149632380630629e-04,5.991416531204208935e-04,6.131384933050543001e-04,6.271353334896877067e-04,6.411321736743212218e-04,6.551290138589546284e-04,6.691258540435879266e-04,6.831226942282214417e-04,6.971195344128547399e-04,7.111163745974882549e-04,7.251132147821215531e-04,7.391100549667549598e-04,7.531068951513883664e-04,7.572939302329881068e-04,7.614809653145877388e-04,7.656680003961875876e-04,7.698550354777873280e-04,7.740420705593870684e-04,7.782291056409868088e-04,7.824161407225865492e-04,7.866031758041863980e-04,7.907902108857861384e-04,7.949772459673858788e-04,7.991642810489856192e-04,7.958694593998314826e-04,7.925746377506773461e-04,7.892798161015232095e-04,7.859849944523690729e-04,7.826901728032149364e-04,7.793953511540607998e-04,7.761005295049065549e-04,7.728057078557524183e-04,7.695108862065982817e-04,7.662160645574441452e-04,7.629212429082897918e-04,7.544470298708528568e-04,7.459728168334159217e-04,7.374986037959786614e-04,7.290243907585416180e-04,7.205501777211046829e-04,7.120759646836676395e-04,7.036017516462303792e-04,6.951275386087935526e-04,6.866533255713564007e-04,6.781791125339193572e-04,6.697048994964824222e-04,6.589666837349738909e-04,6.482284679734653596e-04,6.374902522119568283e-04,6.267520364504482969e-04,6.160138206889398740e-04,6.052756049274312343e-04,5.945373891659229198e-04,5.837991734044143885e-04,5.730609576429058572e-04,5.623227418813973259e-04,5.515845261198887945e-04,5.415417132591398858e-04,5.314989003983909771e-04,5.214560875376419600e-04,5.114132746768930513e-04,5.013704618161440342e-04,4.913276489553951255e-04,4.812848360946462168e-04,4.712420232338974165e-04,4.611992103731483994e-04,4.511563975123994907e-04,4.411135846516505820e-04
7.138302347364405050e-04,6.312963740995226761e-04,5.487625134626049556e-04,4.662286528256872893e-04,3.836947921887695146e-04,3.011609315518517399e-04,2.186270709149340193e-04,1.360932102780162717e-04,5.355934964109849701e-05,-2.897451099581929465e-05,-1.115083716327370795e-04,-1.940422322696546916e-04,-1.551765889448477036e-04,-1.163109456200406478e-04,-7.744530229523359207e-05,-3.857965897042657695e-05,2.859843543804695069e-07,3.915162767918750072e-05,7.801727100399456327e-05,1.168829143288016190e-04,1.557485576536086613e-04,1.946142009784156764e-04,2.334798443032226915e-04,2.623416669869361420e-04,2.912034896706494299e-04,3.200653123543628804e-04,3.489271350380763310e-04,3.777889577217897273e-04,4.066507804055031236e-04,4.355126030892165741e-04,4.643744257729299162e-04,4.932362484566434752e-04,5.220980711403568715e-04,5.509598938240701594e-04,5.653636514372175790e-04,5.797674090503649987e-04,5.941711666635125268e-04,6.085749242766598380e-04,6.229786818898072577e-04,6.373824395029548942e-04,6.517861971161022054e-04,6.661899547292496251e-04,6.805937123423970447e-04,6.949974699555445728e-04,7.094012275686918841e-04,7.144053484086006775e-04,7.194094692485091458e-04,7.244135900884179392e-04,7.294177109283265159e-04,7.344218317682350925e-04,7.394259526081438860e-04,7.444300734480525710e-04,7.494341942879612561e-04,7.544383151278699412e-04,7.594424359677785178e-04,7.644465568076873113e-04,7.623644662477684422e-04,7.602823756878496816e-04,7.582002851279307041e-04,7.561181945680120519e-04,7.540361040080931828e-04,7.519540134481743137e-04,7.498719228882555531e-04,7.477898323283366840e-04,7.457077417684178150e-04,7.436256512084990543e-04,7.415435606485800768e-04,7.345643469660443790e-04,7.275851332835085727e-04,7.206059196009728749e-04,7.136267059184372855e-04,7.066474922359014792e-04,6.996682785533657814e-04,6.926890648708301920e-04,6.857098511882943857e-04,6.787306375057585795e-04,6.717514238232229901e-04,6.647722101406871838e-04,6.556011042290182250e-04,6.464299983173493747e-04,6.372588924056803075e-04,6.280877864940115655e-04,6.189166805823424983e-04,6.097455746706735395e-04,6.005744687590045807e-04,5.914033628473355135e-04,5.822322569356665548e-04,5.730611510239977044e-04,5.638900451123287456e-04,5.552579191528925510e-04,5.466257931934562480e-04,5.379936672340200534e-04,5.293615412745838588e-04,5.207294153151476642e-04,5.120972893557114696e-04,5.034651633962752750e-04,4.948330374368391888e-04,4.862009114774029400e-04,4.775687855179667454e-04,4.689366595585304966e-04
7.138302347364405050e-04,6.306222029203830326e-04,5.474141711043256685e-04,4.642061392882683045e-04,3.809981074722109946e-04,2.977900756561535221e-04,2.145820438400962123e-04,1.313740120240387398e-04,4.816598020798136900e-05,-3.504205160807610347e-05,-1.182500834241334879e-04,-2.014581152401907435e-04,-1.654335934736314714e-04,-1.294090717070721180e-04,-9.338454994051279164e-05,-5.736002817395342466e-05,-2.133550640739409156e-05,1.468901535916521612e-05,5.071353712572456107e-05,8.673805889228389417e-05,1.227625806588432205e-04,1.587871024254026281e-04,1.948116241919618731e-04,2.228085796770307267e-04,2.508055351620994719e-04,2.788024906471683255e-04,3.067994461322370706e-04,3.347964016173059785e-04,3.627933571023748320e-04,3.907903125874435772e-04,4.187872680725124308e-04,4.467842235575812302e-04,4.747811790426501922e-04,5.027781345277188832e-04,5.175888095693803159e-04,5.323994846110417485e-04,5.472101596527032897e-04,5.620208346943649392e-04,5.768315097360261550e-04,5.916421847776876962e-04,6.064528598193491288e-04,6.212635348610106700e-04,6.360742099026721027e-04,6.508848849443335353e-04,6.656955599859949680e-04,6.715167665842125978e-04,6.773379731824303359e-04,6.831591797806478572e-04,6.889803863788654869e-04,6.948015929770830082e-04,7.006227995753005295e-04,7.064440061735181593e-04,7.122652127717357890e-04,7.180864193699534187e-04,7.239076259681710484e-04,7.297288325663885697e-04,7.288594730957050766e-04,7.279901136250214750e-04,7.271207541543381987e-04,7.262513946836547055e-04,7.253820352129712124e-04,7.245126757422876108e-04,7.236433162716043345e-04,7.227739568009207329e-04,7.219045973302372398e-04,7.210352378595537466e-04,7.201658783888699282e-04,7.146816640612357928e-04,7.091974497336014406e-04,7.037132354059669800e-04,6.982290210783327362e-04,6.927448067506982755e-04,6.872605924230639233e-04,6.817763780954295711e-04,6.762921637677951105e-04,6.708079494401607583e-04,6.653237351125264060e-04,6.598395207848918370e-04,6.522355247230626676e-04,6.446315286612330645e-04,6.370275325994037867e-04,6.294235365375745088e-04,6.218195404757450142e-04,6.142155444139155195e-04,6.066115483520862417e-04,5.990075522902567470e-04,5.914035562284274692e-04,5.837995601665980829e-04,5.761955641047685883e-04,5.689741250466451078e-04,5.617526859885217357e-04,5.545312469303982552e-04,5.473098078722748831e-04,5.400883688141512942e-04,5.328669297560278137e-04,5.256454906979043332e-04,5.184240516397809612e-04,5.112026125816575891e-04,5.039811735235341086e-04,4.967597344654106281e-04
7.138302347364405050e-04,6.299480317412436059e-04,5.460658287460463814e-04,4.621836257508494823e-04,3.783014227556523662e-04,2.944192197604553044e-04,2.105370167652583510e-04,1.266548137700613435e-04,4.277261077486424777e-05,-4.110959222033278015e-05,-1.249917952155298691e-04,-2.088739982107267682e-04,-1.756905980024151578e-04,-1.425071977941035203e-04,-1.093237975857918557e-04,-7.614039737748019105e-05,-4.295699716916853998e-05,-9.773596960856895685e-06,2.340980324745476216e-05,5.659320345576640646e-05,8.977660366407809141e-05,1.229600038723897425e-04,1.561434040807013529e-04,1.832754923671256096e-04,2.104075806535497849e-04,2.375396689399740416e-04,2.646717572263982982e-04,2.918038455128226091e-04,3.189359337992468658e-04,3.460680220856710682e-04,3.732001103720953791e-04,4.003321986585196357e-04,4.274642869449438382e-04,4.545963752313680406e-04,4.698139677015435948e-04,4.850315601717190947e-04,5.002491526418945946e-04,5.154667451120700404e-04,5.306843375822455945e-04,5.459019300524211487e-04,5.611195225225965944e-04,5.763371149927721485e-04,5.915547074629475943e-04,6.067722999331232568e-04,6.219898924032985941e-04,6.286281847598251685e-04,6.352664771163517429e-04,6.419047694728781004e-04,6.485430618294045664e-04,6.551813541859312492e-04,6.618196465424576068e-04,6.684579388989842896e-04,6.750962312555107555e-04,6.817345236120373299e-04,6.883728159685636875e-04,6.950111083250902618e-04,6.953544799436419278e-04,6.956978515621938105e-04,6.960412231807456933e-04,6.963845947992976845e-04,6.967279664178494588e-04,6.970713380364013416e-04,6.974147096549531159e-04,6.977580812735048902e-04,6.981014528920567730e-04,6.984448245106086558e-04,6.987881961291604301e-04,6.947989811564275319e-04,6.908097661836943085e-04,6.868205512109613019e-04,6.828313362382282953e-04,6.788421212654951803e-04,6.748529062927621737e-04,6.708636913200290586e-04,6.668744763472960520e-04,6.628852613745630454e-04,6.588960464018300388e-04,6.549068314290968154e-04,6.488699452171071101e-04,6.428330590051170796e-04,6.367961727931273743e-04,6.307592865811375606e-04,6.247224003691476384e-04,6.186855141571578247e-04,6.126486279451679026e-04,6.066117417331780889e-04,6.005748555211882752e-04,5.945379693091983530e-04,5.885010830972085393e-04,5.826903309403978813e-04,5.768795787835871150e-04,5.710688266267763486e-04,5.652580744699656906e-04,5.594473223131549242e-04,5.536365701563441578e-04,5.478258179995334999e-04,5.420150658427228419e-04,5.362043136859120755e-04,5.303935615291014176e-04,5.245828093722906512e-04
7.138302347364405050e-04,6.292738605621038539e-04,5.447174863877670943e-04,4.601611122134304432e-04,3.756047380390937921e-04,2.910483638647571409e-04,2.064919896904205169e-04,1.219356155160837980e-04,3.737924134174714687e-05,-4.717713283258958559e-05,-1.317335070069262503e-04,-2.162898811812627930e-04,-1.859476025311988985e-04,-1.556053238811349227e-04,-1.252630452310709739e-04,-9.492076658100705232e-05,-6.457848793094311715e-05,-3.423620928087917520e-05,-3.893930630815233256e-06,2.644834801924874257e-05,5.679062666931267096e-05,8.713290531937661291e-05,1.174751839694405345e-04,1.437424050572202485e-04,1.700096261449998269e-04,1.962768472327795137e-04,2.225440683205591463e-04,2.488112894083388061e-04,2.750785104961185200e-04,3.013457315838981797e-04,3.276129526716778937e-04,3.538801737594574992e-04,3.801473948472372131e-04,4.064146159350167644e-04,4.220391258337063316e-04,4.376636357323959530e-04,4.532881456310854117e-04,4.689126555297749789e-04,4.845371654284644919e-04,5.001616753271540591e-04,5.157861852258436262e-04,5.314106951245331934e-04,5.470352050232227606e-04,5.626597149219123278e-04,5.782842248206017865e-04,5.857396029354371971e-04,5.931949810502727162e-04,6.006503591651080184e-04,6.081057372799435375e-04,6.155611153947789481e-04,6.230164935096143587e-04,6.304718716244498778e-04,6.379272497392852884e-04,6.453826278541206990e-04,6.528380059689561097e-04,6.602933840837915203e-04,6.618494867915786705e-04,6.634055894993658208e-04,6.649616922071529710e-04,6.665177949149402297e-04,6.680738976227273800e-04,6.696300003305145302e-04,6.711861030383017889e-04,6.727422057460889391e-04,6.742983084538759810e-04,6.758544111616633480e-04,6.774105138694503899e-04,6.749162982516187289e-04,6.724220826337870679e-04,6.699278670159551901e-04,6.674336513981236375e-04,6.649394357802919766e-04,6.624452201624602072e-04,6.599510045446285462e-04,6.574567889267967768e-04,6.549625733089651158e-04,6.524683576911333464e-04,6.499741420733015770e-04,6.455043657111513358e-04,6.410345893490009862e-04,6.365648129868506366e-04,6.320950366247005039e-04,6.276252602625501543e-04,6.231554839003999131e-04,6.186857075382496719e-04,6.142159311760993223e-04,6.097461548139489727e-04,6.052763784517987316e-04,6.008066020896482735e-04,5.964065368341504381e-04,5.920064715786523858e-04,5.876064063231544420e-04,5.832063410676564981e-04,5.788062758121585542e-04,5.744062105566606104e-04,5.700061453011625581e-04,5.656060800456647226e-04,5.612060147901666704e-04,5.568059495346687265e-04,5.524058842791706742e-04
7.138302347364405050e-04,6.285996893829641019e-04,5.433691440294879157e-04,4.581385986760116752e-04,3.729080533225353263e-04,2.876775079690589232e-04,2.024469626155827099e-04,1.172164172621064152e-04,3.198587190863005274e-05,-5.324467344484628260e-05,-1.384752187983226044e-04,-2.237057641517987635e-04,-1.962046070599826120e-04,-1.687034499681663250e-04,-1.412022928763500380e-04,-1.137011357845338052e-04,-8.619997869271754523e-05,-5.869882160090125821e-05,-3.119766450908501861e-05,-3.696507417268751912e-06,2.380464967454750801e-05,5.130580676636375438e-05,7.880696385818001430e-05,1.042093177473151449e-04,1.296116716364501399e-04,1.550140255255852298e-04,1.804163794147203197e-04,2.058187333038554638e-04,2.312210871929905537e-04,2.566234410821256707e-04,2.820257949712607335e-04,3.074281488603958505e-04,3.328305027495309675e-04,3.582328566386659761e-04,3.742642839658696105e-04,3.902957112930731365e-04,4.063271386202767167e-04,4.223585659474803512e-04,4.383899932746838772e-04,4.544214206018875658e-04,4.704528479290910918e-04,4.864842752562946720e-04,5.025157025834981438e-04,5.185471299107018324e-04,5.345785572379054126e-04,5.428510211110497679e-04,5.511234849841940148e-04,5.593959488573384785e-04,5.676684127304827254e-04,5.759408766036270807e-04,5.842133404767714359e-04,5.924858043499156828e-04,6.007582682230601465e-04,6.090307320962043934e-04,6.173031959693488571e-04,6.255756598424931040e-04,6.283444936395156302e-04,6.311133274365381563e-04,6.338821612335605741e-04,6.366509950305832086e-04,6.394198288276057348e-04,6.421886626246281525e-04,6.449574964216507871e-04,6.477263302186733133e-04,6.504951640156957310e-04,6.532639978127181488e-04,6.560328316097405665e-04,6.550336153468102511e-04,6.540343990838799358e-04,6.530351828209495120e-04,6.520359665580191966e-04,6.510367502950887729e-04,6.500375340321583491e-04,6.490383177692280337e-04,6.480391015062977184e-04,6.470398852433672946e-04,6.460406689804368708e-04,6.450414527175065554e-04,6.421387862051957784e-04,6.392361196928851097e-04,6.363334531805742243e-04,6.334307866682635556e-04,6.305281201559527786e-04,6.276254536436420015e-04,6.247227871313313328e-04,6.218201206190205558e-04,6.189174541067097787e-04,6.160147875943990017e-04,6.131121210820883330e-04,6.101227427279029948e-04,6.071333643737178735e-04,6.041439860195326438e-04,6.011546076653474140e-04,5.981652293111621842e-04,5.951758509569768461e-04,5.921864726027916163e-04,5.891970942486063866e-04,5.862077158944212652e-04,5.832183375402359270e-04,5.802289591860506973e-04
7.138302347364405050e-04,6.279255182038244584e-04,5.420208016712085202e-04,4.561160851385925820e-04,3.702113686059767522e-04,2.843066520733607055e-04,1.984019355407448486e-04,1.124972190081288697e-04,2.659250247551293151e-05,-5.931221405710306092e-05,-1.452169305897190398e-04,-2.311216471223348425e-04,-2.064616115887663256e-04,-1.818015760551977816e-04,-1.571415405216292375e-04,-1.324815049880606935e-04,-1.078214694544921224e-04,-8.316143392092357838e-05,-5.850139838735502081e-05,-3.384136285378646324e-05,-9.181327320217919216e-06,1.547870821335065191e-05,4.013874374691918915e-05,6.467623043740968890e-05,8.921371712790014121e-05,1.137512038183906477e-04,1.382886905088811678e-04,1.628261771993716879e-04,1.873636638898622080e-04,2.119011505803527280e-04,2.364386372708432210e-04,2.609761239613337682e-04,2.855136106518242883e-04,3.100510973423147541e-04,3.264894420980324558e-04,3.429277868537500490e-04,3.593661316094675881e-04,3.758044763651852897e-04,3.922428211209028287e-04,4.086811658766204762e-04,4.251195106323381236e-04,4.415578553880557711e-04,4.579962001437733643e-04,4.744345448994910118e-04,4.908728896552086050e-04,4.999624392866617965e-04,5.090519889181150965e-04,5.181415385495683965e-04,5.272310881810214796e-04,5.363206378124747795e-04,5.454101874439280795e-04,5.544997370753813794e-04,5.635892867068346794e-04,5.726788363382878709e-04,5.817683859697411709e-04,5.908579356011943624e-04,5.948395004874522645e-04,5.988210653737101666e-04,6.028026302599679602e-04,6.067841951462258623e-04,6.107657600324836560e-04,6.147473249187415580e-04,6.187288898049994601e-04,6.227104546912572538e-04,6.266920195775150474e-04,6.306735844637729495e-04,6.346551493500307431e-04,6.351509324420016650e-04,6.356467155339726952e-04,6.361424986259436171e-04,6.366382817179145389e-04,6.371340648098855692e-04,6.376298479018564910e-04,6.381256309938275213e-04,6.386214140857984431e-04,6.391171971777693649e-04,6.396129802697402868e-04,6.401087633617112086e-04,6.387732066992402209e-04,6.374376500367690164e-04,6.361020933742978119e-04,6.347665367118266073e-04,6.334309800493554028e-04,6.320954233868841983e-04,6.307598667244129938e-04,6.294243100619417892e-04,6.280887533994706931e-04,6.267531967369994886e-04,6.254176400745281757e-04,6.238389486216557684e-04,6.222602571687832528e-04,6.206815657159108456e-04,6.191028742630383299e-04,6.175241828101658143e-04,6.159454913572932986e-04,6.143667999044208914e-04,6.127881084515483757e-04,6.112094169986758601e-04,6.096307255458033444e-04,6.080520340929308288e-04
7.138302347364405050e-04,6.272513470246849233e-04,5.406724593129292331e-04,4.540935716011737597e-04,3.675146838894181238e-04,2.809357961776625420e-04,1.943569084659070687e-04,1.077780207541514327e-04,2.119913304239582383e-05,-6.537975466935978504e-05,-1.519586423811153939e-04,-2.385375300928708673e-04,-2.167186161175500120e-04,-1.948997021422291568e-04,-1.730807881669082745e-04,-1.512618741915873922e-04,-1.294429602162665369e-04,-1.076240462409456817e-04,-8.580513226562479939e-05,-6.398621829030393061e-05,-4.216730431498306184e-05,-2.034839033966219307e-05,1.470523635658678038e-06,2.514314312750461579e-05,4.881576261935047456e-05,7.248838211119641804e-05,9.616100160304235473e-05,1.198336210948882914e-04,1.435062405867342417e-04,1.671788600785801919e-04,1.908514795704261151e-04,2.145240990622720653e-04,2.381967185541179885e-04,2.618693380459638574e-04,2.787146002301955721e-04,2.955598624144272326e-04,3.124051245986588388e-04,3.292503867828905535e-04,3.460956489671222140e-04,3.629409111513538745e-04,3.797861733355855350e-04,3.966314355198171954e-04,4.134766977040488559e-04,4.303219598882805164e-04,4.471672220725120685e-04,4.570738574622743673e-04,4.669804928520365035e-04,4.768871282417986397e-04,4.867937636315607217e-04,4.967003990213229121e-04,5.066070344110850483e-04,5.165136698008472929e-04,5.264203051906094291e-04,5.363269405803716737e-04,5.462335759701338099e-04,5.561402113598960546e-04,5.613345073353892241e-04,5.665288033108823937e-04,5.717230992863755632e-04,5.769173952618687328e-04,5.821116912373620108e-04,5.873059872128550719e-04,5.925002831883483499e-04,5.976945791638414111e-04,6.028888751393346890e-04,6.080831711148278586e-04,6.132774670903210282e-04,6.152682495371934041e-04,6.172590319840655631e-04,6.192498144309378305e-04,6.212405968778102064e-04,6.232313793246824739e-04,6.252221617715547413e-04,6.272129442184270088e-04,6.292037266652992763e-04,6.311945091121715437e-04,6.331852915590439196e-04,6.351760740059159702e-04,6.354076271932845551e-04,6.356391803806528146e-04,6.358707335680211827e-04,6.361022867553896591e-04,6.363338399427579187e-04,6.365653931301262867e-04,6.367969463174946547e-04,6.370284995048630227e-04,6.372600526922314991e-04,6.374916058795997587e-04,6.377231590669681267e-04,6.375551545154084336e-04,6.373871499638486321e-04,6.372191454122888305e-04,6.370511408607291374e-04,6.368831363091693358e-04,6.367151317576095343e-04,6.365471272060498412e-04,6.363791226544900396e-04,6.362111181029302381e-04,6.360431135513705449e-04,6.358751089998107434e-04
7.138302347364405050e-04,6.265771758455453882e-04,5.393241169546499460e-04,4.520710580637548291e-04,3.648179991728596038e-04,2.775649402819643785e-04,1.903118813910692074e-04,1.030588225001739279e-04,1.580576360927870259e-05,-7.144729528161654982e-05,-1.587003541725118022e-04,-2.459534130634069191e-04,-2.269756206463337798e-04,-2.079978282292606134e-04,-1.890200358121874741e-04,-1.700422433951142805e-04,-1.510644509780411141e-04,-1.320866585609679477e-04,-1.131088661438947813e-04,-9.413107372682161483e-05,-7.515328130974844841e-05,-5.617548889267529554e-05,-3.719769647560211556e-05,-1.438994418240074192e-05,8.417808110800523310e-06,3.122556040400189696e-05,5.403331269720324350e-05,7.684106499040459681e-05,9.964881728360597724e-05,1.224565695768073306e-04,1.452643218700086839e-04,1.680720741632100372e-04,1.908798264564114176e-04,2.136875787496127438e-04,2.309397583623584173e-04,2.481919379751041451e-04,2.654441175878498186e-04,2.826962972005954921e-04,2.999484768133412198e-04,3.172006564260868933e-04,3.344528360388326210e-04,3.517050156515783487e-04,3.689571952643239680e-04,3.862093748770696958e-04,4.034615544898154235e-04,4.141852756378863959e-04,4.249089967859575310e-04,4.356327179340286661e-04,4.463564390820996385e-04,4.570801602301708278e-04,4.678038813782419087e-04,4.785276025263129895e-04,4.892513236743840704e-04,4.999750448224551513e-04,5.106987659705263406e-04,5.214224871185973130e-04,5.278295141833258585e-04,5.342365412480544039e-04,5.406435683127828410e-04,5.470505953775114949e-04,5.534576224422399320e-04,5.598646495069684774e-04,5.662716765716970229e-04,5.726787036364254600e-04,5.790857307011541139e-04,5.854927577658826593e-04,5.918997848306109880e-04,5.953855666323848179e-04,5.988713484341583225e-04,6.023571302359319356e-04,6.058429120377056571e-04,6.093286938394792702e-04,6.128144756412528833e-04,6.163002574430264963e-04,6.197860392448001094e-04,6.232718210465737225e-04,6.267576028483473356e-04,6.302433846501209486e-04,6.320420476873288892e-04,6.338407107245368297e-04,6.356393737617447703e-04,6.374380367989527108e-04,6.392366998361605429e-04,6.410353628733685919e-04,6.428340259105764240e-04,6.446326889477842562e-04,6.464313519849923051e-04,6.482300150222001373e-04,6.500286780594078610e-04,6.512713604091612072e-04,6.525140427589140113e-04,6.537567251086670323e-04,6.549994074584200533e-04,6.562420898081730743e-04,6.574847721579259868e-04,6.587274545076788994e-04,6.599701368574320288e-04,6.612128192071849413e-04,6.624555015569379623e-04,6.636981839066908749e-04
7.138302347364405050e-04,6.259030046664056362e-04,5.379757745963706589e-04,4.500485445263358443e-04,3.621213144563010296e-04,2.741940843862661608e-04,1.862668543162314004e-04,9.833962424619647731e-05,1.041239417616160847e-05,-7.751483589387328749e-05,-1.654420659639081292e-04,-2.533692960339428897e-04,-2.372326251751174391e-04,-2.210959543162920157e-04,-2.049592834574665381e-04,-1.888226125986410334e-04,-1.726859417398155286e-04,-1.565492708809900781e-04,-1.404126000221645734e-04,-1.242759291633391229e-04,-1.081392583045136181e-04,-9.200258744568816762e-05,-7.586591658686268999e-05,-5.392303149230589295e-05,-3.198014639774919755e-05,-1.003726130319239712e-05,1.190562379136439315e-05,3.384850888592117325e-05,5.579139398047796352e-05,7.773427907503472668e-05,9.967716416959151017e-05,1.216200492641482801e-04,1.435629343587050636e-04,1.655058194532618200e-04,1.831649164945215607e-04,2.008240135357813015e-04,2.184831105770410151e-04,2.361422076183007559e-04,2.538013046595604966e-04,2.714604017008202374e-04,2.891194987420799781e-04,3.067785957833397189e-04,3.244376928245994596e-04,3.420967898658592004e-04,3.597558869071188869e-04,3.712966938134989125e-04,3.828375007198788296e-04,3.943783076262589093e-04,4.059191145326388264e-04,4.174599214390188519e-04,4.290007283453988775e-04,4.405415352517789030e-04,4.520823421581589285e-04,4.636231490645388999e-04,4.751639559709189796e-04,4.867047628772988967e-04,4.943245210312628181e-04,5.019442791852266311e-04,5.095640373391904440e-04,5.171837954931543654e-04,5.248035536471182868e-04,5.324233118010820998e-04,5.400430699550459127e-04,5.476628281090097257e-04,5.552825862629736471e-04,5.629023444169375685e-04,5.705221025709012730e-04,5.755028837275762317e-04,5.804836648842510820e-04,5.854644460409261491e-04,5.904452271976012162e-04,5.954260083542760665e-04,6.004067895109510252e-04,6.053875706676259839e-04,6.103683518243009426e-04,6.153491329809759013e-04,6.203299141376507515e-04,6.253106952943258186e-04,6.286764681813733317e-04,6.320422410684207364e-04,6.354080139554681411e-04,6.387737868425156541e-04,6.421395597295631672e-04,6.455053326166106803e-04,6.488711055036581934e-04,6.522368783907054896e-04,6.556026512777530027e-04,6.589684241648005158e-04,6.623341970518479204e-04,6.649875663029137639e-04,6.676409355539793906e-04,6.702943048050452341e-04,6.729476740561108608e-04,6.756010433071765959e-04,6.782544125582422225e-04,6.809077818093080660e-04,6.835611510603736927e-04,6.862145203114394278e-04,6.888678895625051628e-04,6.915212588135708979e-04
7.138302347364405050e-04,6.252288334872658842e-04,5.366274322380915887e-04,4.480260309889170763e-04,3.594246297397425097e-04,2.708232284905679431e-04,1.822218272413935391e-04,9.362042599221908094e-05,5.019024743044487235e-06,-8.358237650613005226e-05,-1.721837777553045646e-04,-2.607851790044789686e-04,-2.474896297039012069e-04,-2.341940804033234723e-04,-2.208985311027456835e-04,-2.076029818021678675e-04,-1.943074325015901329e-04,-1.810118832010123441e-04,-1.677163339004345824e-04,-1.544207845998568206e-04,-1.411252352992790318e-04,-1.278296859987012701e-04,-1.145341366981234542e-04,-9.345611880221124049e-05,-7.237810090629913525e-05,-5.130008301038693514e-05,-3.022206511447473164e-05,-9.144047218562531527e-06,1.193397067734967536e-05,3.301198857326187208e-05,5.409000646917406542e-05,7.516802436508625198e-05,9.624604226099846564e-05,1.173240601569106522e-04,1.353900746266844331e-04,1.534560890964582140e-04,1.715221035662319678e-04,1.895881180360057486e-04,2.076541325057795024e-04,2.257201469755533104e-04,2.437861614453270642e-04,2.618521759151008180e-04,2.799181903848746260e-04,2.979842048546483798e-04,3.160502193244221335e-04,3.284081119891109953e-04,3.407660046538000197e-04,3.531238973184889357e-04,3.654817899831777975e-04,3.778396826478666592e-04,3.901975753125556294e-04,4.025554679772445454e-04,4.149133606419335156e-04,4.272712533066224316e-04,4.396291459713113476e-04,4.519870386360003178e-04,4.608195278791994524e-04,4.696520171223986413e-04,4.784845063655978302e-04,4.873169956087970733e-04,4.961494848519962080e-04,5.049819740951953968e-04,5.138144633383945857e-04,5.226469525815938830e-04,5.314794418247930719e-04,5.403119310679922608e-04,5.491444203111914496e-04,5.556202008227677539e-04,5.620959813343439498e-04,5.685717618459202542e-04,5.750475423574965585e-04,5.815233228690728628e-04,5.879991033806491671e-04,5.944748838922254714e-04,6.009506644038017757e-04,6.074264449153780800e-04,6.139022254269542759e-04,6.203780059385305802e-04,6.253108886754176659e-04,6.302437714123046431e-04,6.351766541491916203e-04,6.401095368860788143e-04,6.450424196229656831e-04,6.499753023598527687e-04,6.549081850967398543e-04,6.598410678336268315e-04,6.647739505705138087e-04,6.697068333074008943e-04,6.746397160442877631e-04,6.787037721966665375e-04,6.827678283490448783e-04,6.868318845014232191e-04,6.908959406538017767e-04,6.949599968061802259e-04,6.990240529585586750e-04,7.030881091109372327e-04,7.071521652633155734e-04,7.112162214156941310e-04,7.152802775680724718e-04,7.193443337204510294e-04
7.138302347364405050e-04,6.245546623081263491e-04,5.352790898798121932e-04,4.460035174514980372e-04,3.567279450231839897e-04,2.674523725948697796e-04,1.781768001665557321e-04,8.890122773824152193e-05,-3.743446900726068918e-07,-8.964991711838676282e-05,-1.789254895467009459e-04,-2.682010619750149392e-04,-2.577466342326849204e-04,-2.472922064903547933e-04,-2.368377787480247475e-04,-2.263833510056946475e-04,-2.159289232633645745e-04,-2.054744955210344745e-04,-1.950200677787044016e-04,-1.845656400363743016e-04,-1.741112122940442286e-04,-1.636567845517141286e-04,-1.532023568093840015e-04,-1.329892061121163848e-04,-1.127760554148488358e-04,-9.256290471758120550e-05,-7.234975402031360232e-05,-5.213660332304597881e-05,-3.192345262577834175e-05,-1.171030192851072501e-05,8.502848768756898496e-06,2.871599946602451184e-05,4.892915016329215229e-05,6.914230086055975547e-05,8.761523275884756294e-05,1.060881646571353704e-04,1.245610965554231914e-04,1.430340284537110125e-04,1.615069603519988064e-04,1.799798922502866003e-04,1.984528241485744213e-04,2.169257560468622423e-04,2.353986879451500363e-04,2.538716198434378302e-04,2.723445517417256512e-04,2.855195301647234576e-04,2.986945085877213725e-04,3.118694870107191789e-04,3.250444654337169312e-04,3.382194438567147376e-04,3.513944222797125982e-04,3.645694007027104589e-04,3.777443791257083195e-04,3.909193575487061260e-04,4.040943359717039866e-04,4.172693143947018473e-04,4.273145347271363578e-04,4.373597550595708684e-04,4.474049753920054332e-04,4.574501957244399438e-04,4.674954160568744544e-04,4.775406363893090192e-04,4.875858567217435839e-04,4.976310770541780403e-04,5.076762973866126051e-04,5.177215177190471699e-04,5.277667380514816263e-04,5.357375179179592762e-04,5.437082977844368177e-04,5.516790776509144676e-04,5.596498575173921176e-04,5.676206373838697675e-04,5.755914172503473090e-04,5.835621971168249589e-04,5.915329769833026089e-04,5.995037568497802588e-04,6.074745367162578003e-04,6.154453165827353418e-04,6.219453091694620000e-04,6.284453017561886581e-04,6.349452943429150995e-04,6.414452869296417576e-04,6.479452795163683073e-04,6.544452721030948571e-04,6.609452646898215152e-04,6.674452572765479565e-04,6.739452498632746147e-04,6.804452424500011644e-04,6.869452350367278226e-04,6.924199780904189859e-04,6.978947211441101492e-04,7.033694641978013124e-04,7.088442072514925842e-04,7.143189503051837475e-04,7.197936933588750192e-04,7.252684364125662909e-04,7.307431794662573457e-04,7.362179225199485090e-04,7.416926655736397807e-04,7.471674086273309440e-04
7.138302347364405050e-04,6.317914053302658072e-04,5.497525759240911095e-04,4.677137465179164117e-04,3.856749171117416055e-04,3.036360877055668535e-04,2.215972582993921828e-04,1.395584288932174579e-04,5.751959948704269234e-05,-2.451922991913204610e-05,-1.065580593253067981e-04,-1.885968887314814688e-04,-1.808259710309916891e-04,-1.730550533305019636e-04,-1.652841356300122381e-04,-1.575132179295224855e-04,-1.497423002290327600e-04,-1.419713825285430075e-04,-1.342004648280532820e-04,-1.264295471275635294e-04,-1.186586294270737768e-04,-1.108877117265840378e-04,-1.031167940260942852e-04,-8.666550003300257769e-05,-7.021420603991095153e-05,-5.376291204681926439e-05,-3.731161805372756369e-05,-2.086032406063587316e-05,-4.409030067544172465e-06,1.204226392554752145e-05,2.849355791863920860e-05,4.494485191173089235e-05,6.139614590482258627e-05,7.784743989791428019e-05,9.299613600760756277e-05,1.081448321173008318e-04,1.232935282269941144e-04,1.384422243366873698e-04,1.535909204463806524e-04,1.687396165560739350e-04,1.838883126657672176e-04,1.990370087754605272e-04,2.141857048851537827e-04,2.293344009948470653e-04,2.444830971045403208e-04,2.553908484006874643e-04,2.662985996968346078e-04,2.772063509929818055e-04,2.881141022891288948e-04,2.990218535852760384e-04,3.099296048814232361e-04,3.208373561775703796e-04,3.317451074737175773e-04,3.426528587698647751e-04,3.535606100660118102e-04,3.644683613621590621e-04,3.729888873533102295e-04,3.815094133444615052e-04,3.900299393356127268e-04,3.985504653267639484e-04,4.070709913179151700e-04,4.155915173090663915e-04,4.241120433002175589e-04,4.326325692913688347e-04,4.411530952825200563e-04,4.496736212736712236e-04,4.581941472648223910e-04,4.652273561796310057e-04,4.722605650944395662e-04,4.792937740092481267e-04,4.863269829240567956e-04,4.933601918388655187e-04,5.003934007536739708e-04,5.074266096684826397e-04,5.144598185832912002e-04,5.214930274980997607e-04,5.285262364129083212e-04,5.355594453277168817e-04,5.416267688654007300e-04,5.476940924030846867e-04,5.537614159407683182e-04,5.598287394784522749e-04,5.658960630161361232e-04,5.719633865538198631e-04,5.780307100915038198e-04,5.840980336291875597e-04,5.901653571668714080e-04,5.962326807045551479e-04,6.023000042422389962e-04,6.074720184354741358e-04,6.126440326287093839e-04,6.178160468219446319e-04,6.229880610151798800e-04,6.281600752084150197e-04,6.333320894016502677e-04,6.385041035948855158e-04,6.436761177881206554e-04,6.488481319813559035e-04,6.540201461745910431e-04,6.591921603678262912e-04
7.138302347364405050e-04,6.390281483524051570e-04,5.642260619683695921e-04,4.894239755843343524e-04,4.146218892002990586e-04,3.398198028162636563e-04,2.650177164322284167e-04,1.902156300481929602e-04,1.154135436641576121e-04,4.061145728012220983e-05,-3.419062910391313824e-05,-1.089927154879484321e-04,-1.039053078292990405e-04,-9.881790017064963534e-05,-9.373049251200023019e-05,-8.864308485335081148e-05,-8.355567719470137922e-05,-7.846826953605197407e-05,-7.338086187740254182e-05,-6.829345421875315022e-05,-6.320604656010370441e-05,-5.811863890145431281e-05,-5.303123124280488055e-05,-4.034179395388908234e-05,-2.765235666497334850e-05,-1.496291937605755537e-05,-2.273482087141757158e-06,1.041595520177402411e-05,2.310539249068980369e-05,3.579482977960559174e-05,4.848426706852137640e-05,6.117370435743715428e-05,7.386314164635295249e-05,8.655257893526873715e-05,9.837703925636749483e-05,1.102014995774662661e-04,1.220259598985650237e-04,1.338504202196638085e-04,1.456748805407625527e-04,1.574993408618613239e-04,1.693238011829601222e-04,1.811482615040588935e-04,1.929727218251576376e-04,2.047971821462563817e-04,2.166216424673551529e-04,2.252621666366516606e-04,2.339026908059481413e-04,2.425432149752446490e-04,2.511837391445410753e-04,2.598242633138376102e-04,2.684647874831341450e-04,2.771053116524306256e-04,2.857458358217270520e-04,2.943863599910235868e-04,3.030268841603201216e-04,3.116674083296166022e-04,3.186632399794845348e-04,3.256590716293524131e-04,3.326549032792203457e-04,3.396507349290882783e-04,3.466465665789562108e-04,3.536423982288240892e-04,3.606382298786920760e-04,3.676340615285599001e-04,3.746298931784278869e-04,3.816257248282958195e-04,3.886215564781636436e-04,3.947171944413032773e-04,4.008128324044427484e-04,4.069084703675823820e-04,4.130041083307219615e-04,4.190997462938615410e-04,4.251953842570010663e-04,4.312910222201407000e-04,4.373866601832802252e-04,4.434822981464198047e-04,4.495779361095593300e-04,4.556735740726988552e-04,4.613082285613400563e-04,4.669428830499810406e-04,4.725775375386221332e-04,4.782121920272632801e-04,4.838468465159043185e-04,4.894815010045454112e-04,4.951161554931865581e-04,5.007508099818275965e-04,5.063854644704687434e-04,5.120201189591096734e-04,5.176547734477508203e-04,5.225240587805300447e-04,5.273933441133091607e-04,5.322626294460884935e-04,5.371319147788677180e-04,5.420012001116469424e-04,5.468704854444260584e-04,5.517397707772053912e-04,5.566090561099845072e-04,5.614783414427638401e-04,5.663476267755429561e-04,5.712169121083222889e-04
7.138302347364405050e-04,6.462648913745446151e-04,5.786995480126486168e-04,5.111342046507527269e-04,4.435688612888567285e-04,3.760035179269607302e-04,3.084381745650648403e-04,2.408728312031689232e-04,1.733074878412728978e-04,1.057421444793769537e-04,3.817680111748095531e-05,-2.938854224441493461e-05,-2.698464462760583285e-05,-2.458074701079679208e-05,-2.217684939398768015e-05,-1.977295177717860889e-05,-1.736905416036957150e-05,-1.496515654356047990e-05,-1.256125892675142219e-05,-1.015736130994235092e-05,-7.753463693133279657e-06,-5.349566076324208390e-06,-2.945668459515133735e-06,5.981912125224734041e-06,1.490949270996455947e-05,2.383707329470442809e-05,3.276465387944426961e-05,4.169223446418412468e-05,5.061981504892397975e-05,5.954739563366384159e-05,6.847497621840368989e-05,7.740255680314353818e-05,8.633013738788340003e-05,9.525771797262324832e-05,1.037579425051274811e-04,1.122581670376317139e-04,1.207583915701359602e-04,1.292586161026401930e-04,1.377588406351444529e-04,1.462590651676486586e-04,1.547592897001529185e-04,1.632595142326571784e-04,1.717597387651613569e-04,1.802599632976655897e-04,1.887601878301698496e-04,1.951334848726156673e-04,2.015067819150614579e-04,2.078800789575073298e-04,2.142533759999530932e-04,2.206266730423988838e-04,2.269999700848447015e-04,2.333732671272905463e-04,2.397465641697363640e-04,2.461198612121821816e-04,2.524931582546279993e-04,2.588664552970738170e-04,2.643375926056584064e-04,2.698087299142429957e-04,2.752798672228276393e-04,2.807510045314122829e-04,2.862221418399968180e-04,2.916932791485814616e-04,2.971644164571661051e-04,3.026355537657506403e-04,3.081066910743352296e-04,3.135778283829198732e-04,3.190489656915044083e-04,3.242070327029750068e-04,3.293650997144455510e-04,3.345231667259160953e-04,3.396812337373865853e-04,3.448393007488571838e-04,3.499973677603277281e-04,3.551554347717982181e-04,3.603135017832688166e-04,3.654715687947393066e-04,3.706296358062099051e-04,3.757877028176803409e-04,3.809896882572786779e-04,3.861916736968770691e-04,3.913936591364753519e-04,3.965956445760736890e-04,4.017976300156720260e-04,4.069996154552704172e-04,4.122016008948687000e-04,4.174035863344670912e-04,4.226055717740653740e-04,4.278075572136636568e-04,4.330095426532619939e-04,4.375760991255852488e-04,4.421426555979085038e-04,4.467092120702317588e-04,4.512757685425549596e-04,4.558423250148782146e-04,4.604088814872013611e-04,4.649754379595247246e-04,4.695419944318478711e-04,4.741085509041711803e-04,4.786751073764944353e-04,4.832416638488176361e-04
7.138302347364405050e-04,6.535016343966839648e-04,5.931730340569274246e-04,5.328444337171708844e-04,4.725158333774143442e-04,4.121872330376578041e-04,3.518586326979013181e-04,2.915300323581447237e-04,2.312014320183882106e-04,1.708728316786316162e-04,1.105442313388751302e-04,5.021563099911862386e-05,4.993601857408732736e-05,4.965640614905609184e-05,4.937679372402480212e-05,4.909718129899353950e-05,4.881756887396224978e-05,4.853795644893098038e-05,4.825834402389969744e-05,4.797873159886842126e-05,4.769911917383714509e-05,4.741950674880588247e-05,4.713989432377464018e-05,5.230561820433855211e-05,5.747134208490245727e-05,6.263706596546636919e-05,6.780278984603029468e-05,7.296851372659422016e-05,7.813423760715814564e-05,8.329996148772207112e-05,8.846568536828599660e-05,9.363140924884990853e-05,9.879713312941382046e-05,1.039628570099777459e-04,1.091388457538874674e-04,1.143148344977971482e-04,1.194908232417068561e-04,1.246668119856166046e-04,1.298428007295262718e-04,1.350187894734359662e-04,1.401947782173456876e-04,1.453707669612553548e-04,1.505467557051650763e-04,1.557227444490747706e-04,1.608987331929844649e-04,1.650048031085796468e-04,1.691108730241747474e-04,1.732169429397699021e-04,1.773230128553650569e-04,1.814290827709601575e-04,1.855351526865553122e-04,1.896412226021504399e-04,1.937472925177455947e-04,1.978533624333407223e-04,2.019594323489359042e-04,2.060655022645309776e-04,2.100119452318322780e-04,2.139583881991335783e-04,2.179048311664348787e-04,2.218512741337361790e-04,2.257977171010374794e-04,2.297441600683387797e-04,2.336906030356400530e-04,2.376370460029413533e-04,2.415834889702425724e-04,2.455299319375439269e-04,2.494763749048451731e-04,2.536968709646467905e-04,2.579173670244482453e-04,2.621378630842497001e-04,2.663583591440512634e-04,2.705788552038527724e-04,2.747993512636542814e-04,2.790198473234557905e-04,2.832403433832572995e-04,2.874608394430588085e-04,2.916813355028603175e-04,2.959018315626617724e-04,3.006711479532174621e-04,3.054404643437729893e-04,3.102097807343284623e-04,3.149790971248840978e-04,3.197484135154397334e-04,3.245177299059952606e-04,3.292870462965508962e-04,3.340563626871064775e-04,3.388256790776620047e-04,3.435949954682175319e-04,3.483643118587730590e-04,3.526281394706404530e-04,3.568919670825076843e-04,3.611557946943749157e-04,3.654196223062422012e-04,3.696834499181094326e-04,3.739472775299767181e-04,3.782111051418439495e-04,3.824749327537111808e-04,3.867387603655784664e-04,3.910025879774457519e-04,3.952664155893129290e-04
7.138302347364405050e-04,6.607383774188233146e-04,6.076465201012061241e-04,5.545546627835890420e-04,5.014628054659718516e-04,4.483709481483546069e-04,3.952790908307374706e-04,3.421872335131202801e-04,2.890953761955030897e-04,2.360035188778858992e-04,1.829116615602687087e-04,1.298198042426515996e-04,1.268566817757799895e-04,1.238935593089084066e-04,1.209304368420367965e-04,1.179673143751651864e-04,1.150041919082936035e-04,1.120410694414219663e-04,1.090779469745503969e-04,1.061148245076787733e-04,1.031517020408072039e-04,1.001885795739355939e-04,9.722545710706399736e-05,9.862932428345202714e-05,1.000331914598400298e-04,1.014370586362280460e-04,1.028409258126160622e-04,1.042447929890041056e-04,1.056486601653921218e-04,1.070525273417801380e-04,1.084563945181681542e-04,1.098602616945561840e-04,1.112641288709441867e-04,1.126679960473322029e-04,1.145197490026473994e-04,1.163715019579626231e-04,1.182232549132777925e-04,1.200750078685929891e-04,1.219267608239081856e-04,1.237785137792233822e-04,1.256302667345385923e-04,1.274820196898538024e-04,1.293337726451689582e-04,1.311855256004841954e-04,1.330372785557993513e-04,1.348761213445438432e-04,1.367149641332883079e-04,1.385538069220327998e-04,1.403926497107772916e-04,1.422314924995217293e-04,1.440703352882662211e-04,1.459091780770106859e-04,1.477480208657551506e-04,1.495868636544996425e-04,1.514257064432441343e-04,1.532645492319885719e-04,1.556862978580066104e-04,1.581080464840245675e-04,1.605297951100425789e-04,1.629515437360606173e-04,1.653732923620785744e-04,1.677950409880965587e-04,1.702167896141145700e-04,1.726385382401325543e-04,1.750602868661505656e-04,1.774820354921685227e-04,1.799037841181865070e-04,1.831867092263190350e-04,1.864696343344515088e-04,1.897525594425839555e-04,1.930354845507164835e-04,1.963184096588489573e-04,1.996013347669814582e-04,2.028842598751139862e-04,2.061671849832464600e-04,2.094501100913789067e-04,2.127330351995113805e-04,2.160159603076438814e-04,2.203526076491567614e-04,2.246892549906695871e-04,2.290259023321823586e-04,2.333625496736951572e-04,2.376991970152080372e-04,2.420358443567208087e-04,2.463724916982336886e-04,2.507091390397464602e-04,2.550457863812593401e-04,2.593824337227721116e-04,2.637190810642849916e-04,2.676801798156962535e-04,2.716412785671075154e-04,2.756023773185188315e-04,2.795634760699300934e-04,2.835245748213413553e-04,2.874856735727526714e-04,2.914467723241638249e-04,2.954078710755750868e-04,2.993689698269864029e-04,3.033300685783976106e-04,3.072911673298089267e-04
7.138302347364405050e-04,6.679751204409626643e-04,6.221200061454849320e-04,5.762648918500071996e-04,5.304097775545295757e-04,4.845546632590517350e-04,4.386995489635740026e-04,3.928444346680962161e-04,3.469893203726184838e-04,3.011342060771406972e-04,2.552790917816629107e-04,2.094239774861851513e-04,2.037773449774732751e-04,1.981307124687612634e-04,1.924840799600493872e-04,1.868374474513374568e-04,1.811908149426254451e-04,1.755441824339135418e-04,1.698975499252015572e-04,1.642509174164895997e-04,1.586042849077776693e-04,1.529576523990657118e-04,1.473110198903537543e-04,1.449530303625658884e-04,1.425950408347779954e-04,1.402370513069900752e-04,1.378790617792021280e-04,1.355210722514142349e-04,1.331630827236263148e-04,1.308050931958383946e-04,1.284471036680505016e-04,1.260891141402625815e-04,1.237311246124746613e-04,1.213731350846867412e-04,1.199006522514074264e-04,1.184281694181280574e-04,1.169556865848487155e-04,1.154832037515693871e-04,1.140107209182900452e-04,1.125382380850107169e-04,1.110657552517313750e-04,1.095932724184520330e-04,1.081207895851726776e-04,1.066483067518933357e-04,1.051758239186140073e-04,1.047474395805078227e-04,1.043190552424015974e-04,1.038906709042953993e-04,1.034622865661892011e-04,1.030339022280829894e-04,1.026055178899767776e-04,1.021771335518705524e-04,1.017487492137643677e-04,1.013203648756581560e-04,1.008919805375519578e-04,1.004635961994457732e-04,1.013606504841804007e-04,1.022577047689150688e-04,1.031547590536497912e-04,1.040518133383844728e-04,1.049488676231191545e-04,1.058459219078538362e-04,1.067429761925885314e-04,1.076400304773232131e-04,1.085370847620578677e-04,1.094341390467925494e-04,1.103311933315272446e-04,1.126765474879907374e-04,1.150219016444541624e-04,1.173672558009176145e-04,1.197126099573810802e-04,1.220579641138445323e-04,1.244033182703080116e-04,1.267486724267714230e-04,1.290940265832348887e-04,1.314393807396984086e-04,1.337847348961617930e-04,1.361300890526253400e-04,1.400340673450953559e-04,1.439380456375654530e-04,1.478420239300355231e-04,1.517460022225055661e-04,1.556499805149756362e-04,1.595539588074457063e-04,1.634579370999158035e-04,1.673619153923858736e-04,1.712658936848559436e-04,1.751698719773260408e-04,1.790738502697960838e-04,1.827322201607514034e-04,1.863905900517066959e-04,1.900489599426619070e-04,1.937073298336172266e-04,1.973656997245725462e-04,2.010240696155278658e-04,2.046824395064831040e-04,2.083408093974383423e-04,2.119991792883936077e-04,2.156575491793489272e-04,2.193159190703042197e-04
7.138302347364405050e-04,6.752118634631020140e-04,6.365934921897636314e-04,5.979751209164252488e-04,5.593567496430867578e-04,5.207383783697484836e-04,4.821200070964101010e-04,4.435016358230716642e-04,4.048832645497332816e-04,3.662648932763949532e-04,3.276465220030565163e-04,2.890281507297181337e-04,2.806980081791659101e-04,2.723678656286135781e-04,2.640377230780613545e-04,2.557075805275090766e-04,2.473774379769567988e-04,2.390472954264044939e-04,2.307171528758522161e-04,2.223870103252999653e-04,2.140568677747476875e-04,2.057267252241954097e-04,1.973965826736431047e-04,1.912767364416793024e-04,1.851568902097155544e-04,1.790370439777516978e-04,1.729171977457878955e-04,1.667973515138241204e-04,1.606775052818602638e-04,1.545576590498964615e-04,1.484378128179326050e-04,1.423179665859688027e-04,1.361981203540050004e-04,1.300782741220411710e-04,1.252815555001673584e-04,1.204848368782934916e-04,1.156881182564196519e-04,1.108913996345458123e-04,1.060946810126719590e-04,1.012979623907981058e-04,9.650124376892426606e-05,9.170452514705041281e-05,8.690780652517655957e-05,8.211108790330270632e-05,7.731436928142889373e-05,7.461875781647201908e-05,7.192314635151515799e-05,6.922753488655829690e-05,6.653192342160143581e-05,6.383631195664456117e-05,6.114070049168771363e-05,5.844508902673083899e-05,5.574947756177396434e-05,5.305386609681707615e-05,5.035825463186021506e-05,4.766264316690336752e-05,4.703500311035473987e-05,4.640736305380613932e-05,4.577972299725749811e-05,4.515208294070889079e-05,4.452444288416027669e-05,4.389680282761164226e-05,4.326916277106302138e-05,4.264152271451440051e-05,4.201388265796576608e-05,4.138624260141717231e-05,4.075860254486856498e-05,4.216638574966300899e-05,4.357416895445743944e-05,4.498195215925187667e-05,4.638973536404630035e-05,4.779751856884075791e-05,4.920530177363520192e-05,5.061308497842960526e-05,5.202086818322406282e-05,5.342865138801847972e-05,5.483643459281293728e-05,5.624421779760738129e-05,5.971552704103471606e-05,6.318683628446205083e-05,6.665814552788936528e-05,7.012945477131670683e-05,7.360076401474402127e-05,7.707207325817134926e-05,8.054338250159863660e-05,8.401469174502603236e-05,8.748600098845330615e-05,9.095731023188064770e-05,9.442861947530794859e-05,9.778426050580725807e-05,1.011399015363065811e-04,1.044955425668058635e-04,1.078511835973051730e-04,1.112068246278044960e-04,1.145624656583037784e-04,1.179181066888030879e-04,1.212737477193023432e-04,1.246293887498016526e-04,1.279850297803009215e-04,1.313406708108002445e-04
7.138302347364405050e-04,6.824486064852415806e-04,6.510669782340424393e-04,6.196853499828434064e-04,5.883037217316445903e-04,5.569220934804455575e-04,5.255404652292466330e-04,4.941588369780476001e-04,4.627772087268485672e-04,4.313955804756495886e-04,4.000139522244505557e-04,3.686323239732516312e-04,3.576186713808590873e-04,3.466050187884664349e-04,3.355913661960738367e-04,3.245777136036811844e-04,3.135640610112885320e-04,3.025504084188959338e-04,2.915367558265032815e-04,2.805231032341107375e-04,2.695094506417180851e-04,2.584957980493254870e-04,2.474821454569328888e-04,2.376004425207930960e-04,2.277187395846534386e-04,2.178370366485136728e-04,2.079553337123739071e-04,1.980736307762341955e-04,1.881919278400944297e-04,1.783102249039546640e-04,1.684285219678149253e-04,1.585468190316751866e-04,1.486651160955354480e-04,1.387834131593957093e-04,1.306624587489273312e-04,1.225415043384589259e-04,1.144205499279905884e-04,1.062995955175222103e-04,9.817864110705379148e-05,9.005768669658544045e-05,8.193673228611706230e-05,7.381577787564867061e-05,6.569482346518030601e-05,5.757386905471191432e-05,4.945291464424357006e-05,4.449007605243602572e-05,3.952723746062848816e-05,3.456439886882093027e-05,2.960156027701341981e-05,2.463872168520586870e-05,1.967588309339832436e-05,1.471304450159077325e-05,9.750205909783235688e-06,4.787367317975671022e-06,-1.754712738318665389e-07,-5.138309865639417652e-06,-7.290644263471352944e-06,-9.442978661303274684e-06,-1.159531305913520828e-05,-1.374764745696714527e-05,-1.589998185479907548e-05,-1.805231625263099891e-05,-2.020465065046292235e-05,-2.235698504829487288e-05,-2.450931944612678277e-05,-2.666165384395871975e-05,-2.881398824179063302e-05,-2.834377598866523102e-05,-2.787356373553979852e-05,-2.740335148241438974e-05,-2.693313922928898096e-05,-2.646292697616357218e-05,-2.599271472303817695e-05,-2.552250246991275462e-05,-2.505229021678734584e-05,-2.458207796366193706e-05,-2.411186571053654183e-05,-2.364165345741110595e-05,-2.060301326302655731e-05,-1.756437306864195447e-05,-1.452573287425740244e-05,-1.148709267987281654e-05,-8.448452485488244183e-06,-5.409812291103671829e-06,-2.371172096719085924e-06,6.674680976654593246e-07,3.706108292050018125e-06,6.744748486434604031e-06,9.783388680819164526e-06,1.283630085086247070e-05,1.588921302090583277e-05,1.894212519094914910e-05,2.199503736099246205e-05,2.504794953103576822e-05,2.810086170107908116e-05,3.115377387112240766e-05,3.420668604116569350e-05,3.725959821120899290e-05,4.031251038125229229e-05,4.336542255129561879e-05
7.138302347364405050e-04,6.896853495073809303e-04,6.655404642783211387e-04,6.413955790492616724e-04,6.172506938202019892e-04,5.931058085911424145e-04,5.689609233620828398e-04,5.448160381330231566e-04,5.206711529039634734e-04,4.965262676749038987e-04,4.723813824458442156e-04,4.482364972167846408e-04,4.345393345825517223e-04,4.208421719483188038e-04,4.071450093140858311e-04,3.934478466798528584e-04,3.797506840456199399e-04,3.660535214113870214e-04,3.523563587771539945e-04,3.386591961429211844e-04,3.249620335086881575e-04,3.112648708744552390e-04,2.975677082402223205e-04,2.839241485999065913e-04,2.702805889595910247e-04,2.566370293192754039e-04,2.429934696789597288e-04,2.293499100386440809e-04,2.157063503983283788e-04,2.020627907580127580e-04,1.884192311176971371e-04,1.747756714773814621e-04,1.611321118370657871e-04,1.474885521967501663e-04,1.360433619976872497e-04,1.245981717986244144e-04,1.131529815995614843e-04,1.017077914004986219e-04,9.026260120143571883e-05,7.881741100237284290e-05,6.737222080330993986e-05,5.592703060424706392e-05,4.448184040518416088e-05,3.303665020612127817e-05,2.159146000705842257e-05,1.436139428840020684e-05,7.131328569741991118e-06,-9.873714891621274874e-08,-7.328802867574379346e-06,-1.455886858623260015e-05,-2.178893430489080063e-05,-2.901900002354903499e-05,-3.624906574220723547e-05,-4.347913146086546305e-05,-5.070919717952366353e-05,-5.793926289818187756e-05,-6.161629163729711711e-05,-6.529332037641231599e-05,-6.897034911552756909e-05,-7.264737785464282218e-05,-7.632440659375802107e-05,-8.000143533287327417e-05,-8.367846407198851371e-05,-8.735549281110372615e-05,-9.103252155021897924e-05,-9.470955028933420524e-05,-9.838657902844937702e-05,-9.885393772699300346e-05,-9.932129642553661636e-05,-9.978865512408024280e-05,-1.002560138226238557e-04,-1.007233725211674550e-04,-1.011907312197110815e-04,-1.016580899182547215e-04,-1.021254486167982937e-04,-1.025928073153419202e-04,-1.030601660138855195e-04,-1.035275247124291188e-04,-1.009215535670873292e-04,-9.831558242174548543e-05,-9.570961127640365516e-05,-9.310364013106185201e-05,-9.049766898571999464e-05,-8.789169784037816438e-05,-8.528572669503637477e-05,-8.267975554969453095e-05,-8.007378440435274135e-05,-7.746781325901087043e-05,-7.486184211366906727e-05,-7.211165880408175086e-05,-6.936147549449440735e-05,-6.661129218490707739e-05,-6.386110887531974744e-05,-6.111092556573240393e-05,-5.836074225614507397e-05,-5.561055894655775756e-05,-5.286037563697045471e-05,-5.011019232738311120e-05,-4.736000901779578124e-05,-4.460982570820846483e-05
7.138302347364405050e-04,6.969220925295201716e-04,6.800139503226001634e-04,6.631058081156799384e-04,6.461976659087597134e-04,6.292895237018393800e-04,6.123813814949192634e-04,5.954732392879990384e-04,5.785650970810788133e-04,5.616569548741585883e-04,5.447488126672383633e-04,5.278406704603181383e-04,5.114599977842447910e-04,4.950793251081715522e-04,4.786986524320983134e-04,4.623179797560250204e-04,4.459373070799517273e-04,4.295566344038783801e-04,4.131759617278051413e-04,3.967952890517318482e-04,3.804146163756586094e-04,3.640339436995853164e-04,3.476532710235120233e-04,3.302478546790204119e-04,3.128424383345289089e-04,2.954370219900372975e-04,2.780316056455457404e-04,2.606261893010541832e-04,2.432207729565625718e-04,2.258153566120710146e-04,2.084099402675794303e-04,1.910045239230878460e-04,1.735991075785962346e-04,1.561936912341046774e-04,1.414242652464472495e-04,1.266548392587898758e-04,1.118854132711324343e-04,9.711598728347499280e-05,8.234656129581756486e-05,6.757713530816015048e-05,5.280770932050273610e-05,3.803828333284530816e-05,2.326885734518790056e-05,8.499431357530476010e-06,-6.269994630126903645e-06,-1.576728747563579838e-05,-2.526458032114469227e-05,-3.476187316665357938e-05,-4.425916601216240212e-05,-5.375645885767129262e-05,-6.325375170318018312e-05,-7.275104454868908718e-05,-8.224833739419797768e-05,-9.174563023970688173e-05,-1.012429230852157451e-04,-1.107402159307246627e-04,-1.159419390111231642e-04,-1.211436620915217334e-04,-1.263453851719202755e-04,-1.315471082523188176e-04,-1.367488313327173597e-04,-1.419505544131159018e-04,-1.471522774935144439e-04,-1.523540005739129860e-04,-1.575557236543115281e-04,-1.627574467347100702e-04,-1.679591698151085310e-04,-1.693640994653212333e-04,-1.707690291155338272e-04,-1.721739587657465024e-04,-1.735788884159591506e-04,-1.749838180661717987e-04,-1.763887477163844468e-04,-1.777936773665970949e-04,-1.791986070168097430e-04,-1.806035366670223912e-04,-1.820084663172350122e-04,-1.834133959674476061e-04,-1.812400938711485857e-04,-1.790667917748494840e-04,-1.768934896785503822e-04,-1.747201875822513618e-04,-1.725468854859522872e-04,-1.703735833896531855e-04,-1.682002812933541108e-04,-1.660269791970550633e-04,-1.638536771007559887e-04,-1.616803750044569412e-04,-1.595070729081578395e-04,-1.570596184590265332e-04,-1.546121640098951184e-04,-1.521647095607637850e-04,-1.497172551116324516e-04,-1.472698006625010911e-04,-1.448223462133697848e-04,-1.423748917642384242e-04,-1.399274373151071179e-04,-1.374799828659757574e-04,-1.350325284168443969e-04,-1.325850739677130906e-04
7.138302347364405050e-04,7.041588355516596297e-04,6.944874363668788629e-04,6.848160371820978792e-04,6.751446379973171123e-04,6.654732388125363454e-04,6.558018396277554701e-04,6.461304404429745948e-04,6.364590412581937195e-04,6.267876420734129527e-04,6.171162428886320774e-04,6.074448437038512021e-04,5.883806609859375345e-04,5.693164782680239754e-04,5.502522955501103078e-04,5.311881128321967486e-04,5.121239301142830810e-04,4.930597473963695219e-04,4.739955646784559085e-04,4.549313819605422951e-04,4.358671992426286818e-04,4.168030165247150142e-04,3.977388338068014550e-04,3.765715607581339615e-04,3.554042877094665221e-04,3.342370146607990286e-04,3.130697416121315350e-04,2.919024685634640957e-04,2.707351955147965479e-04,2.495679224661290544e-04,2.284006494174615879e-04,2.072333763687941215e-04,1.860661033201266008e-04,1.648988302714591344e-04,1.468051684952072222e-04,1.287115067189552829e-04,1.106178449427033572e-04,9.252418316645143149e-05,7.443052139019946511e-05,5.633685961394755293e-05,3.824319783769561366e-05,2.014953606144368115e-05,2.055874285191768979e-06,-1.603778749106017030e-05,-3.413144926731205537e-05,-4.589596923967161556e-05,-5.766048921203116898e-05,-6.942500918439073595e-05,-8.118952915675020806e-05,-9.295404912910976147e-05,-1.047185691014693149e-04,-1.164830890738288819e-04,-1.282476090461884353e-04,-1.400121290185480023e-04,-1.517766489909075692e-04,-1.635411689632671091e-04,-1.702675863849489402e-04,-1.769940038066307984e-04,-1.837204212283126295e-04,-1.904468386499944877e-04,-1.971732560716763188e-04,-2.038996734933581770e-04,-2.106260909150400353e-04,-2.173525083367218664e-04,-2.240789257584036975e-04,-2.308053431800855557e-04,-2.375317606017673055e-04,-2.398742612036490159e-04,-2.422167618055306722e-04,-2.445592624074123013e-04,-2.469017630092939846e-04,-2.492442636111756680e-04,-2.515867642130573513e-04,-2.539292648149390347e-04,-2.562717654168206638e-04,-2.586142660187023472e-04,-2.609567666205840305e-04,-2.632992672224656596e-04,-2.615586341752093136e-04,-2.598180011279530217e-04,-2.580773680806966756e-04,-2.563367350334403837e-04,-2.545961019861840377e-04,-2.528554689389276916e-04,-2.511148358916713997e-04,-2.493742028444150536e-04,-2.476335697971587617e-04,-2.458929367499024157e-04,-2.441523037026460696e-04,-2.420075781139707327e-04,-2.398628525252953687e-04,-2.377181269366200047e-04,-2.355734013479446678e-04,-2.334286757592693039e-04,-2.312839501705939399e-04,-2.291392245819185488e-04,-2.269944989932432119e-04,-2.248497734045678750e-04,-2.227050478158925111e-04,-2.205603222272171471e-04
7.138302347364405050e-04,7.027588186563652958e-04,6.916874025762898698e-04,6.806159864962148774e-04,6.695445704161395598e-04,6.584731543360642422e-04,6.474017382559890330e-04,6.363303221759137153e-04,6.252589060958386145e-04,6.141874900157632969e-04,6.031160739356879793e-04,5.920446578556128785e-04,5.707795301953883437e-04,5.495144025351639174e-04,5.282492748749395995e-04,5.069841472147151732e-04,4.857190195544907468e-04,4.644538918942662663e-04,4.431887642340418942e-04,4.219236365738174136e-04,4.006585089135930957e-04,3.793933812533686152e-04,3.581282535931441888e-04,3.369975541003972512e-04,3.158668546076504762e-04,2.947361551149035928e-04,2.736054556221566010e-04,2.524747561294097176e-04,2.313440566366627800e-04,2.102133571439158966e-04,1.890826576511689589e-04,1.679519581584220755e-04,1.468212586656751108e-04,1.256905591729282545e-04,1.106454915926305573e-04,9.560042401233287358e-05,8.055535643203516280e-05,6.551028885173749267e-05,5.046522127143976833e-05,3.542015369114207110e-05,2.037508611084436709e-05,5.330018530546666474e-06,-9.715049049751022287e-06,-2.476011663004873138e-05,-3.980518421034639473e-05,-4.970233018818821238e-05,-5.959947616603005036e-05,-6.949662214387187478e-05,-7.939376812171363145e-05,-8.929091409955545588e-05,-9.918806007739726675e-05,-1.090852060552391047e-04,-1.189823520330809427e-04,-1.288794980109227671e-04,-1.387766439887645916e-04,-1.486737899666064160e-04,-1.547887148954080856e-04,-1.609036398242097280e-04,-1.670185647530114247e-04,-1.731334896818131214e-04,-1.792484146106147909e-04,-1.853633395394164605e-04,-1.914782644682181301e-04,-1.975931893970197997e-04,-2.037081143258214692e-04,-2.098230392546231659e-04,-2.159379641834247542e-04,-2.180675101851353877e-04,-2.201970561868459670e-04,-2.223266021885565735e-04,-2.244561481902671799e-04,-2.265856941919777864e-04,-2.287152401936883928e-04,-2.308447861953989992e-04,-2.329743321971096599e-04,-2.351038781988202121e-04,-2.372334242005308185e-04,-2.393629702022413708e-04,-2.377805765229174765e-04,-2.361981828435935279e-04,-2.346157891642696065e-04,-2.330333954849456851e-04,-2.314510018056217637e-04,-2.298686081262978152e-04,-2.282862144469738667e-04,-2.267038207676499995e-04,-2.251214270883260238e-04,-2.235390334090021024e-04,-2.219566397296781539e-04,-2.200068891945187912e-04,-2.180571386593593201e-04,-2.161073881241999304e-04,-2.141576375890405135e-04,-2.122078870538810966e-04,-2.102581365187216797e-04,-2.083083859835622629e-04,-2.063586354484028460e-04,-2.044088849132434562e-04,-2.024591343780840394e-04,-2.005093838429245954e-04
7.138302347364405050e-04,7.013588017610709619e-04,6.888873687857010935e-04,6.764159358103316588e-04,6.639445028349620073e-04,6.514730698595923557e-04,6.390016368842227042e-04,6.265302039088530527e-04,6.140587709334834011e-04,6.015873379581137496e-04,5.891159049827442065e-04,5.766444720073744465e-04,5.531783994048393698e-04,5.297123268023041847e-04,5.062462541997688912e-04,4.827801815972336519e-04,4.593141089946984668e-04,4.358480363921632818e-04,4.123819637896280425e-04,3.889158911870928574e-04,3.654498185845577265e-04,3.419837459820224330e-04,3.185176733794873021e-04,2.974235474426609204e-04,2.763294215058347556e-04,2.552352955690083739e-04,2.341411696321819922e-04,2.130470436953556647e-04,1.919529177585293101e-04,1.708587918217029556e-04,1.497646658848766281e-04,1.286705399480503006e-04,1.075764140112239596e-04,8.648228807439767274e-05,7.448581469005419045e-05,6.248934130571068106e-05,5.049286792136720555e-05,3.849639453702371648e-05,2.649992115268021725e-05,1.450344776833674174e-05,2.506974383993245894e-06,-9.489499000350255030e-06,-2.148597238469372885e-05,-3.348244576903722469e-05,-4.547891915338069343e-05,-5.350869113670479564e-05,-6.153846312002890463e-05,-6.956823510335301362e-05,-7.759800708667706839e-05,-8.562777907000116383e-05,-9.365755105332527282e-05,-1.016873230366493683e-04,-1.097170950199734908e-04,-1.177468670032975862e-04,-1.257766389866216952e-04,-1.338064109699458042e-04,-1.393098434058673122e-04,-1.448132758417888203e-04,-1.503167082777103283e-04,-1.558201407136318363e-04,-1.613235731495533715e-04,-1.668270055854748795e-04,-1.723304380213963875e-04,-1.778338704573178685e-04,-1.833373028932394036e-04,-1.888407353291609117e-04,-1.943441677650823384e-04,-1.962607591666218950e-04,-1.981773505681614245e-04,-2.000939419697010083e-04,-2.020105333712405378e-04,-2.039271247727800673e-04,-2.058437161743196511e-04,-2.077603075758591806e-04,-2.096768989773987373e-04,-2.115934903789382668e-04,-2.135100817804777963e-04,-2.154266731820172988e-04,-2.140025188706258020e-04,-2.125783645592342510e-04,-2.111542102478427001e-04,-2.097300559364512033e-04,-2.083059016250596524e-04,-2.068817473136681014e-04,-2.054575930022765505e-04,-2.040334386908850537e-04,-2.026092843794935028e-04,-2.011851300681019518e-04,-1.997609757567104280e-04,-1.980062002750669582e-04,-1.962514247934234613e-04,-1.944966493117799915e-04,-1.927418738301365218e-04,-1.909870983484930249e-04,-1.892323228668495551e-04,-1.874775473852060854e-04,-1.857227719035626427e-04,-1.839679964219191458e-04,-1.822132209402756761e-04,-1.804584454586322063e-04
7.138302347364405050e-04,6.999587848657764112e-04,6.860873349951124257e-04,6.722158851244483318e-04,6.583444352537843464e-04,6.444729853831203609e-04,6.306015355124562670e-04,6.167300856417921731e-04,6.028586357711282961e-04,5.889871859004642022e-04,5.751157360298002168e-04,5.612442861591360145e-04,5.355772686142899622e-04,5.099102510694441268e-04,4.842432335245980745e-04,4.585762159797520765e-04,4.329091984349061326e-04,4.072421808900600804e-04,3.815751633452140823e-04,3.559081458003680843e-04,3.302411282555220862e-04,3.045741107106760340e-04,2.789070931658300901e-04,2.578495407849243186e-04,2.367919884040186284e-04,2.157344360231128297e-04,1.946768836422070582e-04,1.736193312613012866e-04,1.525617788803955422e-04,1.315042264994897706e-04,1.104466741185839991e-04,8.938912173767824107e-05,6.833156935677246952e-05,4.727401697586679284e-05,3.832613778747754582e-05,2.937825859908828525e-05,2.043037941069902129e-05,1.148250022230977597e-05,2.534621033920495065e-06,-6.413258154468753648e-06,-1.536113734285801761e-05,-2.430901653124727479e-05,-3.325689571963652520e-05,-4.220477490802578577e-05,-5.115265409641502601e-05,-5.731505208522139923e-05,-6.347745007402777245e-05,-6.963984806283415245e-05,-7.580224605164047824e-05,-8.196464404044684468e-05,-8.812704202925322468e-05,-9.428944001805960467e-05,-1.004518380068659847e-04,-1.066142359956723511e-04,-1.127766339844787176e-04,-1.189390319732850976e-04,-1.238309719163264305e-04,-1.287229118593677770e-04,-1.336148518024090964e-04,-1.385067917454504429e-04,-1.433987316884917894e-04,-1.482906716315331359e-04,-1.531826115745744553e-04,-1.580745515176158018e-04,-1.629664914606571483e-04,-1.678584314036984677e-04,-1.727503713467397600e-04,-1.744540081481082668e-04,-1.761576449494767465e-04,-1.778612817508451991e-04,-1.795649185522137331e-04,-1.812685553535822128e-04,-1.829721921549506925e-04,-1.846758289563191994e-04,-1.863794657576876520e-04,-1.880831025590561588e-04,-1.897867393604246386e-04,-1.914903761617930370e-04,-1.902244612183339378e-04,-1.889585462748748115e-04,-1.876926313314156310e-04,-1.864267163879565047e-04,-1.851608014444973784e-04,-1.838948865010382250e-04,-1.826289715575790716e-04,-1.813630566141199454e-04,-1.800971416706607920e-04,-1.788312267272016657e-04,-1.775653117837425123e-04,-1.760055113556149896e-04,-1.744457109274874399e-04,-1.728859104993598901e-04,-1.713261100712323674e-04,-1.697663096431048448e-04,-1.682065092149773221e-04,-1.666467087868497452e-04,-1.650869083587222497e-04,-1.635271079305947270e-04,-1.619673075024671773e-04,-1.604075070743396546e-04
7.138302347364405050e-04,6.985587679704819688e-04,6.832873012045235410e-04,6.680158344385652217e-04,6.527443676726067939e-04,6.374729009066483661e-04,6.222014341406899383e-04,6.069299673747315105e-04,5.916585006087730827e-04,5.763870338428146549e-04,5.611155670768562271e-04,5.458441003108977993e-04,5.179761378237410967e-04,4.901081753365841773e-04,4.622402128494274205e-04,4.343722503622706637e-04,4.065042878751139069e-04,3.786363253879570958e-04,3.507683629008002306e-04,3.229004004136435280e-04,2.950324379264866628e-04,2.671644754393299060e-04,2.392965129521731492e-04,2.182755341271879336e-04,1.972545553022028264e-04,1.762335764772176108e-04,1.552125976522324223e-04,1.341916188272472880e-04,1.131706400022620452e-04,9.214966117727685672e-05,7.112868235229169531e-05,5.010770352730649325e-05,2.908672470232126408e-05,8.065745877336189069e-06,2.166460884901157415e-06,-3.732824107533899649e-06,-9.632109099968930879e-06,-1.553139409240399853e-05,-2.143067908483903738e-05,-2.732996407727409318e-05,-3.322924906970914220e-05,-3.912853406214418782e-05,-4.502781905457923345e-05,-5.092710404701427908e-05,-5.682638903944932471e-05,-6.112141303373798927e-05,-6.541643702802664028e-05,-6.971146102231529128e-05,-7.400648501660391518e-05,-7.830150901089256619e-05,-8.259653300518121719e-05,-8.689155699946988175e-05,-9.118658099375853276e-05,-9.548160498804719731e-05,-9.977662898233584832e-05,-1.040716529766244993e-04,-1.083521004267856843e-04,-1.126325478769468421e-04,-1.169129953271080271e-04,-1.211934427772691985e-04,-1.254738902274303699e-04,-1.297543376775915549e-04,-1.340347851277527127e-04,-1.383152325779138977e-04,-1.425956800280750827e-04,-1.468761274782362405e-04,-1.511565749283973442e-04,-1.526472571295948012e-04,-1.541379393307922040e-04,-1.556286215319896340e-04,-1.571193037331870910e-04,-1.586099859343844938e-04,-1.601006681355818966e-04,-1.615913503367793266e-04,-1.630820325379767565e-04,-1.645727147391741864e-04,-1.660633969403716164e-04,-1.675540791415689921e-04,-1.664464035660422633e-04,-1.653387279905155075e-04,-1.642310524149887517e-04,-1.631233768394620229e-04,-1.620157012639352671e-04,-1.609080256884085113e-04,-1.598003501128817555e-04,-1.586926745373549996e-04,-1.575849989618282438e-04,-1.564773233863014880e-04,-1.553696478107747592e-04,-1.540048224361631566e-04,-1.526399970615515539e-04,-1.512751716869399513e-04,-1.499103463123284028e-04,-1.485455209377167731e-04,-1.471806955631051704e-04,-1.458158701884935949e-04,-1.444510448138820193e-04,-1.430862194392704438e-04,-1.417213940646588411e-04,-1.403565686900472384e-04
7.138302347364405050e-04,6.971587510751875265e-04,6.804872674139347648e-04,6.638157837526818946e-04,6.471443000914292414e-04,6.304728164301762628e-04,6.138013327689236095e-04,5.971298491076707394e-04,5.804583654464178693e-04,5.637868817851649991e-04,5.471153981239122374e-04,5.304439144626593673e-04,5.003750070331919059e-04,4.703060996037242278e-04,4.402371921742566580e-04,4.101682847447890340e-04,3.800993773153214642e-04,3.500304698858538945e-04,3.199615624563862705e-04,2.898926550269186465e-04,2.598237475974510768e-04,2.297548401679835070e-04,1.996859327385159101e-04,1.787015274694513046e-04,1.577171222003868076e-04,1.367327169313221479e-04,1.157483116622575018e-04,9.476390639319292339e-05,7.377950112412830436e-05,5.279509585506365823e-05,3.181069058599905275e-05,1.082628531693442017e-05,-1.015811995213021241e-05,-3.114252522119468237e-05,-3.399321601767550628e-05,-3.684390681415629631e-05,-3.969459761063713377e-05,-4.254528840711793735e-05,-4.539597920359876804e-05,-4.824667000007957162e-05,-5.109736079656038198e-05,-5.394805159304121267e-05,-5.679874238952201625e-05,-5.964943318600284016e-05,-6.250012398248365052e-05,-6.492777398225458609e-05,-6.735542398202550810e-05,-6.978307398179643011e-05,-7.221072398156733857e-05,-7.463837398133826059e-05,-7.706602398110918260e-05,-7.949367398088010462e-05,-8.192132398065102663e-05,-8.434897398042194864e-05,-8.677662398019288421e-05,-8.920427397996379267e-05,-9.287322893724478899e-05,-9.654218389452579887e-05,-1.002111388518067952e-04,-1.038800938090878186e-04,-1.075490487663688149e-04,-1.112180037236498113e-04,-1.148869586809308076e-04,-1.185559136382118175e-04,-1.222248685954928273e-04,-1.258938235527738508e-04,-1.295627785100547929e-04,-1.308405061110811730e-04,-1.321182337121075260e-04,-1.333959613131338790e-04,-1.346736889141602592e-04,-1.359514165151866393e-04,-1.372291441162129923e-04,-1.385068717172393453e-04,-1.397845993182656983e-04,-1.410623269192920514e-04,-1.423400545203184315e-04,-1.436177821213447303e-04,-1.426683459137504262e-04,-1.417189097061560409e-04,-1.407694734985616826e-04,-1.398200372909673514e-04,-1.388706010833729932e-04,-1.379211648757786078e-04,-1.369717286681842766e-04,-1.360222924605899184e-04,-1.350728562529955601e-04,-1.341234200454012018e-04,-1.331739838378068435e-04,-1.320041335167111880e-04,-1.308342831956155325e-04,-1.296644328745199040e-04,-1.284945825534242485e-04,-1.273247322323285929e-04,-1.261548819112329374e-04,-1.249850315901372818e-04,-1.238151812690416534e-04,-1.226453309479459978e-04,-1.214754806268503558e-04,-1.203056303057547003e-04
7.138302347364405050e-04,6.957587341798933010e-04,6.776872336233459885e-04,6.596157330667988929e-04,6.415442325102516889e-04,6.234727319537043764e-04,6.054012313971572808e-04,5.873297308406099683e-04,5.692582302840628727e-04,5.511867297275155602e-04,5.331152291709683562e-04,5.150437286144211521e-04,4.827738762426427152e-04,4.505040238708643324e-04,4.182341714990860039e-04,3.859643191273076212e-04,3.536944667555292385e-04,3.214246143837508557e-04,2.891547620119724730e-04,2.568849096401940361e-04,2.246150572684157346e-04,1.923452048966373248e-04,1.600753525248589692e-04,1.391275208117149467e-04,1.181796890985709514e-04,9.723185738542694252e-05,7.628402567228287942e-05,5.533619395913884343e-05,3.438836224599478033e-05,1.344053053285075789e-05,-7.507301180293291659e-06,-2.845513289343731410e-05,-4.940296460658140430e-05,-7.035079631972527767e-05,-7.015289292025188664e-05,-6.995498952077848205e-05,-6.975708612130509102e-05,-6.955918272183168644e-05,-6.936127932235830896e-05,-6.916337592288490438e-05,-6.896547252341151334e-05,-6.876756912393812231e-05,-6.856966572446471773e-05,-6.837176232499134025e-05,-6.817385892551796277e-05,-6.873413493077115580e-05,-6.929441093602436237e-05,-6.985468694127756895e-05,-7.041496294653077552e-05,-7.097523895178396854e-05,-7.153551495703717512e-05,-7.209579096229038169e-05,-7.265606696754358827e-05,-7.321634297279679484e-05,-7.377661897805000142e-05,-7.433689498330320799e-05,-7.739435744770404278e-05,-8.045181991210486401e-05,-8.350928237650571235e-05,-8.656674484090656069e-05,-8.962420730530739547e-05,-9.268166976970823026e-05,-9.573913223410906504e-05,-9.879659469850989983e-05,-1.018540571629107346e-04,-1.049115196273115830e-04,-1.079689820917123771e-04,-1.090337550925676938e-04,-1.100985280934229835e-04,-1.111633010942782867e-04,-1.122280740951335900e-04,-1.132928470959888932e-04,-1.143576200968441964e-04,-1.154223930976994996e-04,-1.164871660985548299e-04,-1.175519390994101061e-04,-1.186167121002654093e-04,-1.196814851011206854e-04,-1.188902882614587382e-04,-1.180990914217967640e-04,-1.173078945821348033e-04,-1.165166977424728426e-04,-1.157255009028108819e-04,-1.149343040631489076e-04,-1.141431072234869333e-04,-1.133519103838249997e-04,-1.125607135441630119e-04,-1.117695167045010512e-04,-1.109783198648390769e-04,-1.100034445972593956e-04,-1.090285693296796601e-04,-1.080536940620999652e-04,-1.070788187945202568e-04,-1.061039435269405483e-04,-1.051290682593608399e-04,-1.041541929917811314e-04,-1.031793177242014230e-04,-1.022044424566217281e-04,-1.012295671890420197e-04,-1.002546919214622977e-04
7.138302347364405050e-04,6.943587172845989671e-04,6.748871998327571039e-04,6.554156823809157827e-04,6.359441649290739195e-04,6.164726474772323815e-04,5.970011300253908436e-04,5.775296125735491972e-04,5.580580951217075508e-04,5.385865776698659044e-04,5.191150602180242581e-04,4.996435427661826117e-04,4.651727454520935786e-04,4.307019481380043287e-04,3.962311508239151330e-04,3.617603535098259915e-04,3.272895561957367958e-04,2.928187588816476544e-04,2.583479615675584587e-04,2.238771642534692630e-04,1.894063669393801215e-04,1.549355696252908987e-04,1.204647723112017708e-04,9.955351415397831779e-05,7.864225599675491905e-05,5.773099783953142543e-05,3.681973968230797247e-05,1.590848152508450596e-05,-5.002776632138974098e-06,-2.591403478936245416e-05,-4.682529294658589357e-05,-6.773655110380936008e-05,-8.864780926103285369e-05,-1.095590674182561305e-04,-1.063125698228284974e-04,-1.030660722274008914e-04,-9.981957463197328544e-05,-9.657307703654566592e-05,-9.332657944111801929e-05,-9.008008184569041331e-05,-8.683358425026276668e-05,-8.358708665483514716e-05,-8.034058905940751408e-05,-7.709409146397989455e-05,-7.384759386855228858e-05,-7.254049587928775261e-05,-7.123339789002323019e-05,-6.992629990075870778e-05,-6.861920191149418536e-05,-6.731210392222964939e-05,-6.600500593296514053e-05,-6.469790794370060456e-05,-6.339080995443606859e-05,-6.208371196517154618e-05,-6.077661397590702376e-05,-5.946951598664249457e-05,-6.191548595816316104e-05,-6.436145592968383429e-05,-6.680742590120449399e-05,-6.925339587272516723e-05,-7.169936584424584048e-05,-7.414533581576650018e-05,-7.659130578728715988e-05,-7.903727575880783313e-05,-8.148324573032850637e-05,-8.392921570184917962e-05,-8.637518567336979866e-05,-8.722700407405406563e-05,-8.807882247473829195e-05,-8.893064087542253181e-05,-8.978245927610678523e-05,-9.063427767679102509e-05,-9.148609607747526496e-05,-9.233791447815950482e-05,-9.318973287884374469e-05,-9.404155127952797100e-05,-9.489336968021222442e-05,-9.574518808089643718e-05,-9.511223060916688759e-05,-9.447927313743729734e-05,-9.384631566570773419e-05,-9.321335819397817105e-05,-9.258040072224860790e-05,-9.194744325051903120e-05,-9.131448577878945451e-05,-9.068152830705989136e-05,-9.004857083533031467e-05,-8.941561336360073797e-05,-8.878265589187117482e-05,-8.800275567780741349e-05,-8.722285546374363861e-05,-8.644295524967986373e-05,-8.566305503561611595e-05,-8.488315482155234107e-05,-8.410325460748857974e-05,-8.332335439342480486e-05,-8.254345417936105708e-05,-8.176355396529726865e-05,-8.098365375123352087e-05,-8.020375353716974599e-05
7.138302347364405050e-04,6.929587003893046332e-04,6.720871660421684360e-04,6.512156316950325641e-04,6.303440973478963670e-04,6.094725630007604951e-04,5.886010286536245148e-04,5.677294943064884261e-04,5.468579599593525542e-04,5.259864256122164655e-04,5.051148912650804852e-04,4.842433569179443965e-04,4.475716146615445505e-04,4.108998724051444876e-04,3.742281301487445874e-04,3.375563878923446329e-04,3.008846456359446243e-04,2.642129033795445614e-04,2.275411611231446883e-04,1.908694188667447067e-04,1.541976766103446981e-04,1.175259343539447707e-04,8.085419209754482982e-05,5.997950749624195990e-05,3.910482289493914419e-05,1.823013829363624038e-05,-2.644546307666663420e-06,-2.351923090896954689e-05,-4.439391551027245747e-05,-6.526860011157534095e-05,-8.614328471287822442e-05,-1.070179693141811350e-04,-1.278926539154840456e-04,-1.487673385167867393e-04,-1.424722467254049049e-04,-1.361771549340230704e-04,-1.298820631426412088e-04,-1.235869713512594014e-04,-1.172918795598775534e-04,-1.109967877684957461e-04,-1.047016959771138980e-04,-9.840660418573206358e-05,-9.211151239435022911e-05,-8.581642060296839464e-05,-7.952132881158658728e-05,-7.634685682780433587e-05,-7.317238484402209802e-05,-6.999791286023984661e-05,-6.682344087645762231e-05,-6.364896889267537090e-05,-6.047449690889313305e-05,-5.730002492511088164e-05,-5.412555294132863701e-05,-5.095108095754639238e-05,-4.777660897376414774e-05,-4.460213698998189634e-05,-4.643661446862239450e-05,-4.827109194726289943e-05,-5.010556942590339759e-05,-5.194004690454390931e-05,-5.377452438318440747e-05,-5.560900186182490563e-05,-5.744347934046540379e-05,-5.927795681910590873e-05,-6.111243429774641366e-05,-6.294691177638692538e-05,-6.478138925502739643e-05,-6.542025305554058649e-05,-6.605911685605376301e-05,-6.669798065656693952e-05,-6.733684445708012958e-05,-6.797570825759331964e-05,-6.861457205810649615e-05,-6.925343585861967266e-05,-6.989229965913284917e-05,-7.053116345964602569e-05,-7.117002726015921575e-05,-7.180889106067236515e-05,-7.133417295687521312e-05,-7.085945485307802044e-05,-7.038473674928084130e-05,-6.991001864548367572e-05,-6.943530054168649658e-05,-6.896058243788930390e-05,-6.848586433409213831e-05,-6.801114623029495918e-05,-6.753642812649778004e-05,-6.706171002270060091e-05,-6.658699191890342177e-05,-6.600206675835559400e-05,-6.541714159780776623e-05,-6.483221643725995201e-05,-6.424729127671212423e-05,-6.366236611616429646e-05,-6.307744095561646869e-05,-6.249251579506864092e-05,-6.190759063452082669e-05,-6.132266547397299892e-05,-6.073774031342517792e-05,-6.015281515287735015e-05
7.138302347364405050e-04,6.915586834940101908e-04,6.692871322515796598e-04,6.470155810091492371e-04,6.247440297667189229e-04,6.024724785242885003e-04,5.802009272818580777e-04,5.579293760394276550e-04,5.356578247969973408e-04,5.133862735545668098e-04,4.911147223121364955e-04,4.688431710697059645e-04,4.299704838709953055e-04,3.910977966722845381e-04,3.522251094735737165e-04,3.133524222748629491e-04,2.744797350761521816e-04,2.356070478774414413e-04,1.967343606787306468e-04,1.578616734800199065e-04,1.189889862813090984e-04,8.011629908259833104e-05,4.124361188388762461e-05,2.040550083850531062e-05,-4.326102068769288296e-07,-2.127072125225925637e-05,-4.210883229764157714e-05,-6.294694334302391146e-05,-8.378505438840622545e-05,-1.046231654337885259e-04,-1.254612764791708534e-04,-1.462993875245531810e-04,-1.671374985699355356e-04,-1.879756096153176192e-04,-1.786319236279815834e-04,-1.692882376406455204e-04,-1.599445516533094032e-04,-1.506008656659733945e-04,-1.412571796786372773e-04,-1.319134936913012143e-04,-1.225698077039651514e-04,-1.132261217166290749e-04,-1.038824357292930255e-04,-9.453874974195694894e-05,-8.519506375462091309e-05,-8.015321777632094624e-05,-7.511137179802096584e-05,-7.006952581972098544e-05,-6.502767984142103215e-05,-5.998583386312105175e-05,-5.494398788482108490e-05,-4.990214190652110450e-05,-4.486029592822112411e-05,-3.981844994992114371e-05,-3.477660397162117686e-05,-2.973475799332119307e-05,-3.095774297908151953e-05,-3.218072796484185616e-05,-3.340371295060218601e-05,-3.462669793636251585e-05,-3.584968292212285248e-05,-3.707266790788318233e-05,-3.829565289364351218e-05,-3.951863787940384202e-05,-4.074162286516417865e-05,-4.196460785092450850e-05,-4.318759283668482479e-05,-4.361350203702694473e-05,-4.403941123736907143e-05,-4.446532043771118459e-05,-4.489122963805331130e-05,-4.531713883839542446e-05,-4.574304803873755116e-05,-4.616895723907966432e-05,-4.659486643942178425e-05,-4.702077563976390419e-05,-4.744668484010603089e-05,-4.787259404044813050e-05,-4.755611530458335570e-05,-4.723963656871856735e-05,-4.692315783285377900e-05,-4.660667909698900421e-05,-4.629020036112421586e-05,-4.597372162525942751e-05,-4.565724288939464594e-05,-4.534076415352985759e-05,-4.502428541766507602e-05,-4.470780668180029444e-05,-4.439132794593550610e-05,-4.400137783890362543e-05,-4.361142773187174477e-05,-4.322147762483985055e-05,-4.283152751780797666e-05,-4.244157741077608922e-05,-4.205162730374420856e-05,-4.166167719671232789e-05,-4.127172708968044723e-05,-4.088177698264856656e-05,-4.049182687561668590e-05,-4.010187676858480523e-05
7.138302347364405050e-04,6.901586665987156401e-04,6.664870984609909919e-04,6.428155303232661270e-04,6.191439621855413704e-04,5.954723940478165055e-04,5.718008259100917489e-04,5.481292577723669924e-04,5.244576896346421274e-04,5.007861214969173708e-04,4.771145533591925059e-04,4.534429852214676951e-04,4.123693530804461689e-04,3.712957209394246428e-04,3.302220887984030624e-04,2.891484566573815362e-04,2.480748245163599559e-04,2.070011923753384297e-04,1.659275602343168493e-04,1.248539280932953232e-04,8.378029595227374279e-05,4.270666381125217596e-05,1.633031670230705916e-06,-1.916850581923104050e-05,-3.997004330869271724e-05,-6.077158079815447530e-05,-8.157311828761621981e-05,-1.023746557770779508e-04,-1.231761932665397224e-04,-1.439777307560014940e-04,-1.647792682454632114e-04,-1.855808057349249830e-04,-2.063823432243867004e-04,-2.271838807138482281e-04,-2.147916005305579366e-04,-2.023993203472676723e-04,-1.900070401639774079e-04,-1.776147599806871165e-04,-1.652224797973967979e-04,-1.528301996141065607e-04,-1.404379194308162963e-04,-1.280456392475260048e-04,-1.156533590642357269e-04,-1.032610788809454490e-04,-9.086879869765521179e-05,-8.395957872483751595e-05,-7.705035875201982011e-05,-7.014113877920212427e-05,-6.323191880638446909e-05,-5.632269883356677326e-05,-4.941347886074908420e-05,-4.250425888793138158e-05,-3.559503891511368574e-05,-2.868581894229598313e-05,-2.177659896947829407e-05,-1.486737899666059654e-05,-1.547887148954075977e-05,-1.609036398242092808e-05,-1.670185647530109300e-05,-1.731334896818125793e-05,-1.792484146106142624e-05,-1.853633395394159116e-05,-1.914782644682175609e-05,-1.975931893970192101e-05,-2.037081143258208932e-05,-2.098230392546225425e-05,-2.159379641834241240e-05,-2.180675101851347236e-05,-2.201970561868453572e-05,-2.223266021885559230e-05,-2.244561481902665565e-05,-2.265856941919771223e-05,-2.287152401936877558e-05,-2.308447861953983216e-05,-2.329743321971089213e-05,-2.351038781988195209e-05,-2.372334242005301545e-05,-2.393629702022406525e-05,-2.377805765229167785e-05,-2.361981828435928368e-05,-2.346157891642688950e-05,-2.330333954849450210e-05,-2.314510018056210793e-05,-2.298686081262971376e-05,-2.282862144469732297e-05,-2.267038207676492879e-05,-2.251214270883253801e-05,-2.235390334090014722e-05,-2.219566397296775305e-05,-2.200068891945181272e-05,-2.180571386593587238e-05,-2.161073881241992527e-05,-2.141576375890398833e-05,-2.122078870538804461e-05,-2.102581365187210428e-05,-2.083083859835616395e-05,-2.063586354484022361e-05,-2.044088849132428328e-05,-2.024591343780834295e-05,-2.005093838429240262e-05
7.138302347364405050e-04,6.887586497034213062e-04,6.636870646704022157e-04,6.386154796373830168e-04,6.135438946043637095e-04,5.884723095713444022e-04,5.634007245383254201e-04,5.383291395053061128e-04,5.132575544722869140e-04,4.881859694392676609e-04,4.631143844062484620e-04,4.380427993732292089e-04,3.947682222898969240e-04,3.514936452065645848e-04,3.082190681232322457e-04,2.649444910398998524e-04,2.216699139565675403e-04,1.783953368732351741e-04,1.351207597899028079e-04,9.184618270657048231e-05,4.857160562323812963e-05,5.297028539905765934e-06,-3.797754854342650120e-05,-5.874251247696762201e-05,-7.950747641050866829e-05,-1.002724403440497891e-04,-1.210374042775908964e-04,-1.418023682111320307e-04,-1.625673321446731651e-04,-1.833322960782142724e-04,-2.040972600117553796e-04,-2.248622239452964869e-04,-2.456271878788375941e-04,-2.663921518123784846e-04,-2.509512774331339917e-04,-2.355104030538895531e-04,-2.200695286746450602e-04,-2.046286542954006216e-04,-1.891877799161561288e-04,-1.737469055369116901e-04,-1.583060311576671973e-04,-1.428651567784227315e-04,-1.274242823991782929e-04,-1.119834080199338000e-04,-9.654253364068938852e-05,-8.776593967335399079e-05,-7.898934570601857952e-05,-7.021275173868316824e-05,-6.143615777134782473e-05,-5.265956380401242023e-05,-4.388296983667702250e-05,-3.510637586934161800e-05,-2.632978190200621011e-05,-1.755318793467080222e-05,-8.776593967335407888e-06,0.000000000000000000e+00,0.000000000000000000e+00,0.000000000000000000e+00,0.000000000000000000e+00,0.000000000000000000e+00,0.000000000000000000e+00,0.000000000000000000e+00,0.000000000000000000e+00,0.000000000000000000e+00,0.000000000000000000e+00,0.000000000000000000e+00,0.000000000000000000e+00,0.000000000000000000e+00,0.000000000000000000e+00,0.000000000000000000e+00,0.000000000000000000e+00,0.000000000000000000e+00,0.000000000000000000e+00,0.000000000000000000e+00,0.000000000000000000e+00,0.000000000000000000e+00,0.000000000000000000e+00,0.000000000000000000e+00,0.000000000000000000e+00,0.000000000000000000e+00,0.000000000000000000e+00,0.000000000000000000e+00,0.000000000000000000e+00,0.000000000000000000e+00,0.000000000000000000e+00,0.000000000000000000e+00,0.000000000000000000e+00,0.000000000000000000e+00,0.000000000000000000e+00,0.000000000000000000e+00,0.000000000000000000e+00,0.000000000000000000e+00,0.000000000000000000e+00,0.000000000000000000e+00,0.000000000000000000e+00,0.000000000000000000e+00,0.000000000000000000e+00,0.000000000000000000e+00,0.000000000000000000e+00,0.000000000000000000e+00
7.138302347364405050e-04,6.873207942091198557e-04,6.608113536817993147e-04,6.343019131544787737e-04,6.077924726271581243e-04,5.812830320998373665e-04,5.547735915725168256e-04,5.282641510451962846e-04,5.017547105178756352e-04,4.752452699905549858e-04,4.487358294632343906e-04,4.222263889359137413e-04,3.785899504443088442e-04,3.349535119527039472e-04,2.913170734610989417e-04,2.476806349694940447e-04,2.040441964778890393e-04,1.604077579862841151e-04,1.167713194946791503e-04,7.313488100307421265e-05,2.949844251146925802e-05,-1.413799598013569661e-05,-5.777443447174053943e-05,-7.458880098267157196e-05,-9.140316749360257061e-05,-1.082175340045335964e-04,-1.250319005154646357e-04,-1.418462670263956750e-04,-1.586606335373267143e-04,-1.754750000482577536e-04,-1.922893665591887658e-04,-2.091037330701198051e-04,-2.259180995810508444e-04,-2.427324660919816940e-04,-2.286446000539246140e-04,-2.145567340158675612e-04,-2.004688679778105084e-04,-1.863810019397534013e-04,-1.722931359016963214e-04,-1.582052698636392956e-04,-1.441174038255822157e-04,-1.300295377875251358e-04,-1.159416717494680965e-04,-1.018538057114110165e-04,-8.776593967335400434e-05,-7.978721788486726682e-05,-7.180849609638054285e-05,-6.382977430789380532e-05,-5.585105251940712879e-05,-4.787233073092039126e-05,-3.989360894243366729e-05,-3.191488715394692977e-05,-2.393616536546019563e-05,-1.595744357697346150e-05,-7.978721788486735830e-06,0.000000000000000000e+00,0.000000000000000000e+00,0.000000000000000000e+00,0.000000000000000000e+00,0.000000000000000000e+00,0.000000000000000000e+00,0.000000000000000000e+00,0.000000000000000000e+00,0.000000000000000000e+00,0.000000000000000000e+00,0.000000000000000000e+00,0.000000000000000000e+00,0.000000000000000000e+00,0.000000000000000000e+00,0.000000000000000000e+00,0.000000000000000000e+00,0.000000000000000000e+00,0.000000000000000000e+00,0.000000000000000000e+00,0.000000000000000000e+00,0.000000000000000000e+00,0.000000000000000000e+00,0.000000000000000000e+00,0.000000000000000000e+00,0.000000000000000000e+00,0.000000000000000000e+00,0.000000000000000000e+00,0.000000000000000000e+00,0.000000000000000000e+00,0.000000000000000000e+00,0.000000000000000000e+00,0.000000000000000000e+00,0.000000000000000000e+00,0.000000000000000000e+00,0.000000000000000000e+00,0.000000000000000000e+00,0.000000000000000000e+00,0.000000000000000000e+00,0.000000000000000000e+00,0.000000000000000000e+00,0.000000000000000000e+00,0.000000000000000000e+00,0.000000000000000000e+00,0.000000000000000000e+00,0.000000000000000000e+00
7.138302347364405050e-04,6.858829387148184051e-04,6.579356426931964137e-04,6.299883466715744222e-04,6.020410506499524307e-04,5.740937546283304393e-04,5.461464586067084478e-04,5.181991625850863479e-04,4.902518665634643565e-04,4.623045705418423108e-04,4.343572745202203193e-04,4.064099784985982736e-04,3.624116785987207645e-04,3.184133786988432554e-04,2.744150787989656920e-04,2.304167788990881286e-04,1.864184789992105924e-04,1.424201790993330833e-04,9.842187919945549280e-05,5.442357929957795655e-05,1.042527939970038642e-05,-3.357302050017715660e-05,-7.757132040005458443e-05,-9.043508948837555579e-05,-1.032988585766964594e-04,-1.161626276650174036e-04,-1.290263967533383479e-04,-1.418901658416593192e-04,-1.547539349299802635e-04,-1.676177040183012077e-04,-1.804814731066221520e-04,-1.933452421949431233e-04,-2.062090112832640947e-04,-2.190727803715848492e-04,-2.063379226747152093e-04,-1.936030649778455422e-04,-1.808682072809758752e-04,-1.681333495841062352e-04,-1.553984918872365140e-04,-1.426636341903669012e-04,-1.299287764934972070e-04,-1.171939187966275535e-04,-1.044590610997579136e-04,-9.172420340288824656e-05,-7.898934570601862017e-05,-7.180849609638056995e-05,-6.462764648674250618e-05,-5.744679687710444241e-05,-5.026594726746642607e-05,-4.308509765782836230e-05,-3.590424804819031208e-05,-2.872339843855224492e-05,-2.154254882891418115e-05,-1.436169921927611738e-05,-7.180849609638064619e-06,0.000000000000000000e+00,0.000000000000000000e+00,0.000000000000000000e+00,0.000000000000000000e+00,0.000000000000000000e+00,0.000000000000000000e+00,0.000000000000000000e+00,0.000000000000000000e+00,0.000000000000000000e+00,0.000000000000000000e+00,0.000000000000000000e+00,0.000000000000000000e+00,0.000000000000000000e+00,0.000000000000000000e+00,0.000000000000000000e+00,0.000000000000000000e+00,0.000000000000000000e+00,0.000000000000000000e+00,0.000000000000000000e+00,0.000000000000000000e+00,0.000000000000000000e+00,0.000000000000000000e+00,0.000000000000000000e+00,0.000000000000000000e+00,0.000000000000000000e+00,0.000000000000000000e+00,0.000000000000000000e+00,0.000000000000000000e+00,0.000000000000000000e+00,0.000000000000000000e+00,0.000000000000000000e+00,0.000000000000000000e+00,0.000000000000000000e+00,0.000000000000000000e+00,0.000000000000000000e+00,0.000000000000000000e+00,0.000000000000000000e+00,0.000000000000000000e+00,0.000000000000000000e+00,0.000000000000000000e+00,0.000000000000000000e+00,0.000000000000000000e+00,0.000000000000000000e+00,0.000000000000000000e+00,0.000000000000000000e+00
7.138302347364405050e-04,6.844450832205170631e-04,6.550599317045937295e-04,6.256747801886702876e-04,5.962896286727469540e-04,5.669044771568234036e-04,5.375193256408999616e-04,5.081341741249766281e-04,4.787490226090531861e-04,4.493638710931297984e-04,4.199787195772063564e-04,3.905935680612828602e-04,3.462334067531327932e-04,3.018732454449826177e-04,2.575130841368324965e-04,2.131529228286823481e-04,1.687927615205321455e-04,1.244326002123819972e-04,8.007243890423184881e-05,3.571227759608169367e-05,-8.647883712068461467e-06,-5.300804502021862338e-05,-9.736820632836864977e-05,-1.062813779940795396e-04,-1.151945496597903753e-04,-1.241077213255012380e-04,-1.330208929912121143e-04,-1.419340646569229635e-04,-1.508472363226338669e-04,-1.597604079883447161e-04,-1.686735796540555924e-04,-1.775867513197664687e-04,-1.864999229854773179e-04,-1.954130946511880857e-04,-1.840312452955058045e-04,-1.726493959398235504e-04,-1.612675465841412691e-04,-1.498856972284590421e-04,-1.385038478727767608e-04,-1.271219985170945067e-04,-1.157401491614122526e-04,-1.043582998057299984e-04,-9.297645045004774428e-05,-8.159460109436547659e-05,-7.021275173868326311e-05,-6.382977430789385954e-05,-5.744679687710446952e-05,-5.106381944631507950e-05,-4.468084201552573691e-05,-3.829786458473634012e-05,-3.191488715394695687e-05,-2.553190972315756685e-05,-1.914893229236817006e-05,-1.276595486157877834e-05,-6.382977430789392560e-06,0.000000000000000000e+00,0.000000000000000000e+00,0.000000000000000000e+00,0.000000000000000000e+00,0.000000000000000000e+00,0.000000000000000000e+00,0.000000000000000000e+00,0.000000000000000000e+00,0.000000000000000000e+00,0.000000000000000000e+00,0.000000000000000000e+00,0.000000000000000000e+00,0.000000000000000000e+00,0.000000000000000000e+00,0.000000000000000000e+00,0.000000000000000000e+00,0.000000000000000000e+00,0.000000000000000000e+00,0.000000000000000000e+00,0.000000000000000000e+00,0.000000000000000000e+00,0.000000000000000000e+00,0.000000000000000000e+00,0.000000000000000000e+00,0.000000000000000000e+00,0.000000000000000000e+00,0.000000000000000000e+00,0.000000000000000000e+00,0.000000000000000000e+00,0.000000000000000000e+00,0.000000000000000000e+00,0.000000000000000000e+00,0.000000000000000000e+00,0.000000000000000000e+00,0.000000000000000000e+00,0.000000000000000000e+00,0.000000000000000000e+00,0.000000000000000000e+00,0.000000000000000000e+00,0.000000000000000000e+00,0.000000000000000000e+00,0.000000000000000000e+00,0.000000000000000000e+00,0.000000000000000000e+00,0.000000000000000000e+00
7.138302347364405050e-04,6.830072277262156126e-04,6.521842207159907201e-04,6.213612137057659360e-04,5.905382066955410436e-04,5.597151996853161511e-04,5.288921926750914755e-04,4.980691856648665830e-04,4.672461786546416905e-04,4.364231716444169607e-04,4.056001646341920682e-04,3.747771576239671758e-04,3.300551349075444966e-04,2.853331121911217090e-04,2.406110894746989757e-04,1.958890667582761881e-04,1.511670440418534276e-04,1.064450213254307078e-04,6.172299860900792021e-05,1.700097589258515974e-05,-2.772104682383760073e-05,-7.244306954026034765e-05,-1.171650922566829590e-04,-1.221276664997836996e-04,-1.270902407428844267e-04,-1.320528149859851537e-04,-1.370153892290858807e-04,-1.419779634721866077e-04,-1.469405377152873619e-04,-1.519031119583880618e-04,-1.568656862014888159e-04,-1.618282604445895158e-04,-1.667908346876902700e-04,-1.717534089307908615e-04,-1.617245679162960745e-04,-1.516957269018012332e-04,-1.416668858873064191e-04,-1.316380448728115778e-04,-1.216092038583167231e-04,-1.115803628438218818e-04,-1.015515218293270541e-04,-9.152268081483221291e-05,-8.149383980033739878e-05,-7.146499878584254399e-05,-6.143615777134774341e-05,-5.585105251940704070e-05,-5.026594726746633121e-05,-4.468084201552562171e-05,-3.909573676358495288e-05,-3.351063151164424339e-05,-2.792552625970354406e-05,-2.234042100776283119e-05,-1.675531575582212170e-05,-1.117021050388141220e-05,-5.585105251940709491e-06,0.000000000000000000e+00,0.000000000000000000e+00,0.000000000000000000e+00,0.000000000000000000e+00,0.000000000000000000e+00,0.000000000000000000e+00,0.000000000000000000e+00,0.000000000000000000e+00,0.000000000000000000e+00,0.000000000000000000e+00,0.000000000000000000e+00,0.000000000000000000e+00,0.000000000000000000e+00,0.000000000000000000e+00,0.000000000000000000e+00,0.000000000000000000e+00,0.000000000000000000e+00,0.000000000000000000e+00,0.000000000000000000e+00,0.000000000000000000e+00,0.000000000000000000e+00,0.000000000000000000e+00,0.000000000000000000e+00,0.000000000000000000e+00,0.000000000000000000e+00,0.000000000000000000e+00,0.000000000000000000e+00,0.000000000000000000e+00,0.000000000000000000e+00,0.000000000000000000e+00,0.000000000000000000e+00,0.000000000000000000e+00,0.000000000000000000e+00,0.000000000000000000e+00,0.000000000000000000e+00,0.000000000000000000e+00,0.000000000000000000e+00,0.000000000000000000e+00,0.000000000000000000e+00,0.000000000000000000e+00,0.000000000000000000e+00,0.000000000000000000e+00,0.000000000000000000e+00,0.000000000000000000e+00,0.000000000000000000e+00
7.138302347364405050e-04,6.815693722319142705e-04,6.493085097273879275e-04,6.170476472228616930e-04,5.847867847183355668e-04,5.525259222138092239e-04,5.202650597092829893e-04,4.880041972047567548e-04,4.557433347002305202e-04,4.234824721957042857e-04,3.912216096911780511e-04,3.589607471866517623e-04,3.138768630619564711e-04,2.687929789372610714e-04,2.237090948125656988e-04,1.786252106878703804e-04,1.335413265631749807e-04,8.845744243847964881e-05,4.337355831378430333e-05,-1.710325810911096363e-06,-4.679420993560645540e-05,-9.187809406030180088e-05,-1.369619781849970108e-04,-1.379739550054876699e-04,-1.389859318259783019e-04,-1.399979086464689609e-04,-1.410098854669596200e-04,-1.420218622874502791e-04,-1.430338391079409111e-04,-1.440458159284315701e-04,-1.450577927489222292e-04,-1.460697695694128883e-04,-1.470817463899035202e-04,-1.480937232103940980e-04,-1.394178905370866697e-04,-1.307420578637792413e-04,-1.220662251904718130e-04,-1.133903925171643847e-04,-1.047145598438569292e-04,-9.603872717054950090e-05,-8.736289449724207257e-05,-7.868706182393464424e-05,-7.001122915062721590e-05,-6.133539647731978757e-05,-5.265956380401237957e-05,-4.787233073092034383e-05,-4.308509765782830809e-05,-3.829786458473626558e-05,-3.351063151164425694e-05,-2.872339843855222121e-05,-2.393616536546018886e-05,-1.914893229236814973e-05,-1.436169921927611060e-05,-9.574466146184071476e-06,-4.787233073092038279e-06,0.000000000000000000e+00,0.000000000000000000e+00,0.000000000000000000e+00,0.000000000000000000e+00,0.000000000000000000e+00,0.000000000000000000e+00,0.000000000000000000e+00,0.000000000000000000e+00,0.000000000000000000e+00,0.000000000000000000e+00,0.000000000000000000e+00,0.000000000000000000e+00,0.000000000000000000e+00,0.000000000000000000e+00,0.000000000000000000e+00,0.000000000000000000e+00,0.000000000000000000e+00,0.000000000000000000e+00,0.000000000000000000e+00,0.000000000000000000e+00,0.000000000000000000e+00,0.000000000000000000e+00,0.000000000000000000e+00,0.000000000000000000e+00,0.000000000000000000e+00,0.000000000000000000e+00,0.000000000000000000e+00,0.000000000000000000e+00,0.000000000000000000e+00,0.000000000000000000e+00,0.000000000000000000e+00,0.000000000000000000e+00,0.000000000000000000e+00,0.000000000000000000e+00,0.000000000000000000e+00,0.000000000000000000e+00,0.000000000000000000e+00,0.000000000000000000e+00,0.000000000000000000e+00,0.000000000000000000e+00,0.000000000000000000e+00,0.000000000000000000e+00,0.000000000000000000e+00,0.000000000000000000e+00,0.000000000000000000e+00
7.138302347364405050e-04,6.801315167376128200e-04,6.464327987387851349e-04,6.127340807399574499e-04,5.790353627411298732e-04,5.453366447423021882e-04,5.116379267434746116e-04,4.779392087446469807e-04,4.442404907458193499e-04,4.105417727469916648e-04,3.768430547481639798e-04,3.431443367493362947e-04,2.976985912163683913e-04,2.522528456834004880e-04,2.068071001504325033e-04,1.613613546174645186e-04,1.159156090844965474e-04,7.046986355152858982e-05,2.502411801856063223e-05,-2.042162751440735247e-05,-6.586737304737529651e-05,-1.113131185803432812e-04,-1.567588641133110491e-04,-1.538202435111916402e-04,-1.508816229090722042e-04,-1.479430023069527953e-04,-1.450043817048333322e-04,-1.420657611027139233e-04,-1.391271405005944603e-04,-1.361885198984750514e-04,-1.332498992963556154e-04,-1.303112786942361794e-04,-1.273726580921167705e-04,-1.244340374899972803e-04,-1.171112131578772649e-04,-1.097883888257572359e-04,-1.024655644936372069e-04,-9.514274016151717795e-05,-8.781991582939713541e-05,-8.049709149727711998e-05,-7.317426716515709100e-05,-6.585144283303704846e-05,-5.852861850091703303e-05,-5.120579416879700405e-05,-4.388296983667699540e-05,-3.989360894243363341e-05,-3.590424804819026465e-05,-3.191488715394690266e-05,-2.792552625970355762e-05,-2.393616536546019224e-05,-1.994680447121683026e-05,-1.595744357697346488e-05,-1.196808268273009612e-05,-7.978721788486729054e-06,-3.989360894243367068e-06,0.000000000000000000e+00,0.000000000000000000e+00,0.000000000000000000e+00,0.000000000000000000e+00,0.000000000000000000e+00,0.000000000000000000e+00,0.000000000000000000e+00,0.000000000000000000e+00,0.000000000000000000e+00,0.000000000000000000e+00,0.000000000000000000e+00,0.000000000000000000e+00,0.000000000000000000e+00,0.000000000000000000e+00,0.000000000000000000e+00,0.000000000000000000e+00,0.000000000000000000e+00,0.000000000000000000e+00,0.000000000000000000e+00,0.000000000000000000e+00,0.000000000000000000e+00,0.000000000000000000e+00,0.000000000000000000e+00,0.000000000000000000e+00,0.000000000000000000e+00,0.000000000000000000e+00,0.000000000000000000e+00,0.000000000000000000e+00,0.000000000000000000e+00,0.000000000000000000e+00,0.000000000000000000e+00,0.000000000000000000e+00,0.000000000000000000e+00,0.000000000000000000e+00,0.000000000000000000e+00,0.000000000000000000e+00,0.000000000000000000e+00,0.000000000000000000e+00,0.000000000000000000e+00,0.000000000000000000e+00,0.000000000000000000e+00,0.000000000000000000e+00,0.000000000000000000e+00,0.000000000000000000e+00,0.000000000000000000e+00
7.138302347364405050e-04,6.786936612433113695e-04,6.435570877501822339e-04,6.084205142570533152e-04,5.732839407639241797e-04,5.381473672707952609e-04,5.030107937776662338e-04,4.678742202845370983e-04,4.327376467914080711e-04,3.976010732982790440e-04,3.624644998051500169e-04,3.273279263120208813e-04,2.815203193707803116e-04,2.357127124295398503e-04,1.899051054882992806e-04,1.440974985470586838e-04,9.828989160581811410e-05,5.248228466457754439e-05,6.674677723336988242e-06,-3.913292921790359502e-05,-8.494053615914417827e-05,-1.307481431003847344e-04,-1.765557500416250873e-04,-1.696665320168955834e-04,-1.627773139921660794e-04,-1.558880959674365755e-04,-1.489988779427070986e-04,-1.421096599179775676e-04,-1.352204418932480365e-04,-1.283312238685185326e-04,-1.214420058437890287e-04,-1.145527878190595247e-04,-1.076635697943299937e-04,-1.007743517696005033e-04,-9.480453577866787367e-05,-8.883471978773524404e-05,-8.286490379680261440e-05,-7.689508780586999832e-05,-7.092527181493735514e-05,-6.495545582400473906e-05,-5.898563983307211620e-05,-5.301582384213947979e-05,-4.704600785120686371e-05,-4.107619186027423408e-05,-3.510637586934163155e-05,-3.191488715394692977e-05,-2.872339843855223476e-05,-2.553190972315753975e-05,-2.234042100776286846e-05,-1.914893229236817006e-05,-1.595744357697347844e-05,-1.276595486157878343e-05,-9.574466146184085029e-06,-6.382977430789389172e-06,-3.191488715394696280e-06,0.000000000000000000e+00,0.000000000000000000e+00,0.000000000000000000e+00,0.000000000000000000e+00,0.000000000000000000e+00,0.000000000000000000e+00,0.000000000000000000e+00,0.000000000000000000e+00,0.000000000000000000e+00,0.000000000000000000e+00,0.000000000000000000e+00,0.000000000000000000e+00,0.000000000000000000e+00,0.000000000000000000e+00,0.000000000000000000e+00,0.000000000000000000e+00,0.000000000000000000e+00,0.000000000000000000e+00,0.000000000000000000e+00,0.000000000000000000e+00,0.000000000000000000e+00,0.000000000000000000e+00,0.000000000000000000e+00,0.000000000000000000e+00,0.000000000000000000e+00,0.000000000000000000e+00,0.000000000000000000e+00,0.000000000000000000e+00,0.000000000000000000e+00,0.000000000000000000e+00,0.000000000000000000e+00,0.000000000000000000e+00,0.000000000000000000e+00,0.000000000000000000e+00,0.000000000000000000e+00,0.000000000000000000e+00,0.000000000000000000e+00,0.000000000000000000e+00,0.000000000000000000e+00,0.000000000000000000e+00,0.000000000000000000e+00,0.000000000000000000e+00,0.000000000000000000e+00,0.000000000000000000e+00,0.000000000000000000e+00
7.138302347364405050e-04,6.772558057490100274e-04,6.406813767615796582e-04,6.041069477741489637e-04,5.675325187867185945e-04,5.309580897992881169e-04,4.943836608118576392e-04,4.578092318244271616e-04,4.212348028369966840e-04,3.846603738495662063e-04,3.480859448621357287e-04,3.115115158747051968e-04,2.653420475251921234e-04,2.191725791756789145e-04,1.730031108261657869e-04,1.268336424766525780e-04,8.066417412713942328e-05,3.449470577762626857e-05,-1.167476257188692680e-05,-5.784423092140010862e-05,-1.040136992709132769e-04,-1.501831676204264587e-04,-1.963526359699394237e-04,-1.855128205225997976e-04,-1.746730050752601444e-04,-1.638331896279205183e-04,-1.529933741805808651e-04,-1.421535587332412118e-04,-1.313137432859015315e-04,-1.204739278385619054e-04,-1.096341123912222658e-04,-9.879429694388261257e-05,-8.795448149654294581e-05,-7.711466604920334681e-05,-7.249785839945815718e-05,-6.788105074971295401e-05,-6.326424309996775083e-05,-5.864743545022254765e-05,-5.403062780047733092e-05,-4.941382015073214130e-05,-4.479701250098692457e-05,-4.018020485124172139e-05,-3.556339720149652499e-05,-3.094658955175132181e-05,-2.632978190200612880e-05,-2.393616536546011770e-05,-2.154254882891410322e-05,-1.914893229236808874e-05,-1.675531575582209120e-05,-1.436169921927607842e-05,-1.196808268273006732e-05,-9.574466146184052842e-06,-7.180849609638039208e-06,-4.787233073092025574e-06,-2.393616536546014057e-06,0.000000000000000000e+00,0.000000000000000000e+00,0.000000000000000000e+00,0.000000000000000000e+00,0.000000000000000000e+00,0.000000000000000000e+00,0.000000000000000000e+00,0.000000000000000000e+00,0.000000000000000000e+00,0.000000000000000000e+00,0.000000000000000000e+00,0.000000000000000000e+00,0.000000000000000000e+00,0.000000000000000000e+00,0.000000000000000000e+00,0.000000000000000000e+00,0.000000000000000000e+00,0.000000000000000000e+00,0.000000000000000000e+00,0.000000000000000000e+00,0.000000000000000000e+00,0.000000000000000000e+00,0.000000000000000000e+00,0.000000000000000000e+00,0.000000000000000000e+00,0.000000000000000000e+00,0.000000000000000000e+00,0.000000000000000000e+00,0.000000000000000000e+00,0.000000000000000000e+00,0.000000000000000000e+00,0.000000000000000000e+00,0.000000000000000000e+00,0.000000000000000000e+00,0.000000000000000000e+00,0.000000000000000000e+00,0.000000000000000000e+00,0.000000000000000000e+00,0.000000000000000000e+00,0.000000000000000000e+00,0.000000000000000000e+00,0.000000000000000000e+00,0.000000000000000000e+00,0.000000000000000000e+00,0.000000000000000000e+00
7.138302347364405050e-04,6.758179502547085769e-04,6.378056657729766488e-04,5.997933812912449375e-04,5.617810968095130093e-04,5.237688123277810812e-04,4.857565278460492615e-04,4.477442433643173876e-04,4.097319588825855136e-04,3.717196744008535855e-04,3.337073899191216574e-04,2.956951054373897292e-04,2.491637756796040979e-04,2.026324459218183040e-04,1.561011161640325101e-04,1.095697864062467432e-04,6.303845664846098997e-05,1.650712689067518248e-05,-3.002420286711059789e-05,-7.655553262489635117e-05,-1.230868623826821451e-04,-1.696181921404679119e-04,-2.161495218982535161e-04,-2.013591090283037407e-04,-1.865686961583541009e-04,-1.717782832884042984e-04,-1.569878704184546044e-04,-1.421974575485048832e-04,-1.274070446785551078e-04,-1.126166318086053867e-04,-9.782621893865565195e-05,-8.303580606870591724e-05,-6.824539319875618253e-05,-5.345498032880653590e-05,-5.019118102024873885e-05,-4.692738171169093502e-05,-4.366358240313313797e-05,-4.039978309457534092e-05,-3.713598378601753032e-05,-3.387218447745974004e-05,-3.060838516890192944e-05,-2.734458586034413578e-05,-2.408078655178633873e-05,-2.081698724322853829e-05,-1.755318793467075140e-05,-1.595744357697341067e-05,-1.436169921927606656e-05,-1.276595486157872413e-05,-1.117021050388139357e-05,-9.574466146184051148e-06,-7.978721788486710419e-06,-6.382977430789367149e-06,-4.787233073092025574e-06,-3.191488715394683151e-06,-1.595744357697342423e-06,0.000000000000000000e+00,0.000000000000000000e+00,0.000000000000000000e+00,0.000000000000000000e+00,0.000000000000000000e+00,0.000000000000000000e+00,0.000000000000000000e+00,0.000000000000000000e+00,0.000000000000000000e+00,0.000000000000000000e+00,0.000000000000000000e+00,0.000000000000000000e+00,0.000000000000000000e+00,0.000000000000000000e+00,0.000000000000000000e+00,0.000000000000000000e+00,0.000000000000000000e+00,0.000000000000000000e+00,0.000000000000000000e+00,0.000000000000000000e+00,0.000000000000000000e+00,0.000000000000000000e+00,0.000000000000000000e+00,0.000000000000000000e+00,0.000000000000000000e+00,0.000000000000000000e+00,0.000000000000000000e+00,0.000000000000000000e+00,0.000000000000000000e+00,0.000000000000000000e+00,0.000000000000000000e+00,0.000000000000000000e+00,0.000000000000000000e+00,0.000000000000000000e+00,0.000000000000000000e+00,0.000000000000000000e+00,0.000000000000000000e+00,0.000000000000000000e+00,0.000000000000000000e+00,0.000000000000000000e+00,0.000000000000000000e+00,0.000000000000000000e+00,0.000000000000000000e+00,0.000000000000000000e+00,0.000000000000000000e+00
7.138302347364405050e-04,6.743800947604072348e-04,6.349299547843739646e-04,5.954798148083406944e-04,5.560296748323074242e-04,5.165795348562741540e-04,4.771293948802407753e-04,4.376792549042075593e-04,3.982291149281742349e-04,3.587789749521409647e-04,3.193288349761076402e-04,2.798786950000743158e-04,2.329855038340159911e-04,1.860923126679576664e-04,1.391991215018992603e-04,9.230593033584086782e-05,4.541273916978251599e-05,-1.480451996275849395e-06,-4.837364316233424188e-05,-9.526683432839260727e-05,-1.421600254944509862e-04,-1.890532166605093922e-04,-2.359464078265674730e-04,-2.172053975340076839e-04,-1.984643872414479761e-04,-1.797233769488881057e-04,-1.609823666563283437e-04,-1.422413563637685003e-04,-1.235003460712086841e-04,-1.047593357786488815e-04,-8.601832548608906524e-05,-6.727731519352926257e-05,-4.853630490096941925e-05,-2.979529460840974533e-05,-2.788450364103934424e-05,-2.597371267366894993e-05,-2.406292170629855222e-05,-2.215213073892815791e-05,-2.024133977155775344e-05,-1.833054880418735912e-05,-1.641975783681696142e-05,-1.450896686944656203e-05,-1.259817590207616771e-05,-1.068738493470576832e-05,-8.776593967335380783e-06,-7.978721788486708725e-06,-7.180849609638037514e-06,-6.382977430789366302e-06,-5.585105251940700173e-06,-4.787233073092028115e-06,-3.989360894243357751e-06,-3.191488715394685692e-06,-2.393616536546014057e-06,-1.595744357697342423e-06,-7.978721788486717407e-07,0.000000000000000000e+00,0.000000000000000000e+00,0.000000000000000000e+00,0.000000000000000000e+00,0.000000000000000000e+00,0.000000000000000000e+00,0.000000000000000000e+00,0.000000000000000000e+00,0.000000000000000000e+00,0.000000000000000000e+00,0.000000000000000000e+00,0.000000000000000000e+00,0.000000000000000000e+00,0.000000000000000000e+00,0.000000000000000000e+00,0.000000000000000000e+00,0.000000000000000000e+00,0.000000000000000000e+00,0.000000000000000000e+00,0.000000000000000000e+00,0.000000000000000000e+00,0.000000000000000000e+00,0.000000000000000000e+00,0.000000000000000000e+00,0.000000000000000000e+00,0.000000000000000000e+00,0.000000000000000000e+00,0.000000000000000000e+00,0.000000000000000000e+00,0.000000000000000000e+00,0.000000000000000000e+00,0.000000000000000000e+00,0.000000000000000000e+00,0.000000000000000000e+00,0.000000000000000000e+00,0.000000000000000000e+00,0.000000000000000000e+00,0.000000000000000000e+00,0.000000000000000000e+00,0.000000000000000000e+00,0.000000000000000000e+00,0.000000000000000000e+00,0.000000000000000000e+00,0.000000000000000000e+00,0.000000000000000000e+00
7.138302347364405050e-04,6.729422392661057843e-04,6.320542437957711720e-04,5.911662483254363429e-04,5.502782528551018390e-04,5.093902573847670099e-04,4.685022619144323976e-04,4.276142664440976768e-04,3.867262709737630103e-04,3.458382755034283438e-04,3.049502800330936231e-04,2.640622845627588482e-04,2.168072319884279656e-04,1.695521794140970016e-04,1.222971268397660106e-04,7.504207426543503306e-05,2.778702169110405557e-05,-1.946803088322692193e-05,-6.672308345755789943e-05,-1.139781360318888905e-04,-1.612331886062198544e-04,-2.084882411805508455e-04,-2.557432937548815384e-04,-2.330516860397116813e-04,-2.103600783245418513e-04,-1.876684706093719401e-04,-1.649768628942020559e-04,-1.422852551790321717e-04,-1.195936474638622469e-04,-9.690203974869234915e-05,-7.421043203352246497e-05,-5.151882431835257402e-05,-2.882721660318264919e-05,-6.135608888012921717e-06,-5.577826261829929295e-06,-5.020043635646936027e-06,-4.462261009463941912e-06,-3.904478383280949490e-06,-3.346695757097955375e-06,-2.788913130914962530e-06,-2.231130504731968838e-06,-1.673347878548975570e-06,-1.115565252365982725e-06,-5.577826261829893508e-07,0.000000000000000000e+00,0.000000000000000000e+00,0.000000000000000000e+00,0.000000000000000000e+00,0.000000000000000000e+00,0.000000000000000000e+00,0.000000000000000000e+00,0.000000000000000000e+00,0.000000000000000000e+00,0.000000000000000000e+00,0.000000000000000000e+00,0.000000000000000000e+00,0.000000000000000000e+00,0.000000000000000000e+00,0.000000000000000000e+00,0.000000000000000000e+00,0.000000000000000000e+00,0.000000000000000000e+00,0.000000000000000000e+00,0.000000000000000000e+00,0.000000000000000000e+00,0.000000000000000000e+00,0.000000000000000000e+00,0.000000000000000000e+00,0.000000000000000000e+00,0.000000000000000000e+00,0.000000000000000000e+00,0.000000000000000000e+00,0.000000000000000000e+00,0.000000000000000000e+00,0.000000000000000000e+00,0.000000000000000000e+00,0.000000000000000000e+00,0.000000000000000000e+00,0.000000000000000000e+00,0.000000000000000000e+00,0.000000000000000000e+00,0.000000000000000000e+00,0.000000000000000000e+00,0.000000000000000000e+00,0.000000000000000000e+00,0.000000000000000000e+00,0.000000000000000000e+00,0.000000000000000000e+00,0.000000000000000000e+00,0.000000000000000000e+00,0.000000000000000000e+00,0.000000000000000000e+00,0.000000000000000000e+00,0.000000000000000000e+00,0.000000000000000000e+00,0.000000000000000000e+00,0.000000000000000000e+00,0.000000000000000000e+00,0.000000000000000000e+00,0.000000000000000000e+00
7.138302347364405050e-04,6.718538002782508192e-04,6.298773658200613502e-04,5.879009313618718813e-04,5.459244969036821955e-04,5.039480624454926181e-04,4.619716279873031491e-04,4.199951935291135717e-04,3.780187590709239401e-04,3.360423246127344169e-04,2.940658901545448395e-04,2.520894556963552621e-04,2.060114505492451867e-04,1.599334454021350571e-04,1.138554402550249139e-04,6.777743510791478423e-05,2.169942996080465798e-05,-2.437857518630549538e-05,-7.045658033341560468e-05,-1.165345854805257479e-04,-1.626125906276358775e-04,-2.086905957747460072e-04,-2.547686009218558928e-04,-2.321148941345807547e-04,-2.094611873473057793e-04,-1.868074805600306140e-04,-1.641537737727555301e-04,-1.415000669854804191e-04,-1.188463601982053081e-04,-9.619265341093021068e-05,-7.353894662365509968e-05,-5.088523983637999545e-05,-2.823153304910486073e-05,-5.577826261829923366e-06,-5.070751147118111689e-06,-4.563676032406300859e-06,-4.056600917694489182e-06,-3.549525802982677505e-06,-3.042450688270865404e-06,-2.535375573559054150e-06,-2.028300458847242473e-06,-1.521225344135430796e-06,-1.014150229423619754e-06,-5.070751147118079713e-07,0.000000000000000000e+00,0.000000000000000000e+00,0.000000000000000000e+00,0.000000000000000000e+00,0.000000000000000000e+00,0.000000000000000000e+00,0.000000000000000000e+00,0.000000000000000000e+00,0.000000000000000000e+00,0.000000000000000000e+00,0.000000000000000000e+00,0.000000000000000000e+00,0.000000000000000000e+00,0.000000000000000000e+00,0.000000000000000000e+00,0.000000000000000000e+00,0.000000000000000000e+00,0.000000000000000000e+00,0.000000000000000000e+00,0.000000000000000000e+00,0.000000000000000000e+00,0.000000000000000000e+00,0.000000000000000000e+00,0.000000000000000000e+00,0.000000000000000000e+00,0.000000000000000000e+00,0.000000000000000000e+00,0.000000000000000000e+00,0.000000000000000000e+00,0.000000000000000000e+00,0.000000000000000000e+00,0.000000000000000000e+00,0.000000000000000000e+00,0.000000000000000000e+00,0.000000000000000000e+00,0.000000000000000000e+00,0.000000000000000000e+00,0.000000000000000000e+00,0.000000000000000000e+00,0.000000000000000000e+00,0.000000000000000000e+00,0.000000000000000000e+00,0.000000000000000000e+00,0.000000000000000000e+00,0.000000000000000000e+00,0.000000000000000000e+00,0.000000000000000000e+00,0.000000000000000000e+00,0.000000000000000000e+00,0.000000000000000000e+00,0.000000000000000000e+00,0.000000000000000000e+00,0.000000000000000000e+00,0.000000000000000000e+00,0.000000000000000000e+00,0.000000000000000000e+00
7.138302347364405050e-04,6.707653612903960710e-04,6.277004878443516369e-04,5.846356143983072028e-04,5.415707409522627688e-04,4.985058675062183347e-04,4.554409940601739548e-04,4.123761206141295208e-04,3.693112471680850867e-04,3.262463737220405984e-04,2.831815002759962728e-04,2.401166268299517574e-04,1.952156691100624892e-04,1.503147113901732209e-04,1.054137536702839256e-04,6.051279595039460994e-05,1.561183823050533154e-05,-2.928911948938396040e-05,-7.419007720927325573e-05,-1.190910349291625782e-04,-1.639919926490518464e-04,-2.088929503689411688e-04,-2.537939080888302473e-04,-2.311781022294499095e-04,-2.085622963700696801e-04,-1.859464905106893422e-04,-1.633306846513090044e-04,-1.407148787919286937e-04,-1.180990729325483423e-04,-9.548326707316804511e-05,-7.286746121378773438e-05,-5.025165535440742366e-05,-2.763584949502707904e-05,-5.020043635646932639e-06,-4.563676032406302553e-06,-4.107308429165671620e-06,-3.650940825925040687e-06,-3.194573222684410601e-06,-2.738205619443779245e-06,-2.281838016203149582e-06,-1.825470412962518649e-06,-1.369102809721887928e-06,-9.127352064812579483e-07,-4.563676032406272801e-07,0.000000000000000000e+00,0.000000000000000000e+00,0.000000000000000000e+00,0.000000000000000000e+00,0.000000000000000000e+00,0.000000000000000000e+00,0.000000000000000000e+00,0.000000000000000000e+00,0.000000000000000000e+00,0.000000000000000000e+00,0.000000000000000000e+00,0.000000000000000000e+00,0.000000000000000000e+00,0.000000000000000000e+00,0.000000000000000000e+00,0.000000000000000000e+00,0.000000000000000000e+00,0.000000000000000000e+00,0.000000000000000000e+00,0.000000000000000000e+00,0.000000000000000000e+00,0.000000000000000000e+00,0.000000000000000000e+00,0.000000000000000000e+00,0.000000000000000000e+00,0.000000000000000000e+00,0.000000000000000000e+00,0.000000000000000000e+00,0.000000000000000000e+00,0.000000000000000000e+00,0.000000000000000000e+00,0.000000000000000000e+00,0.000000000000000000e+00,0.000000000000000000e+00,0.000000000000000000e+00,0.000000000000000000e+00,0.000000000000000000e+00,0.000000000000000000e+00,0.000000000000000000e+00,0.000000000000000000e+00,0.000000000000000000e+00,0.000000000000000000e+00,0.000000000000000000e+00,0.000000000000000000e+00,0.000000000000000000e+00,0.000000000000000000e+00,0.000000000000000000e+00,0.000000000000000000e+00,0.000000000000000000e+00,0.000000000000000000e+00,0.000000000000000000e+00,0.000000000000000000e+00,0.000000000000000000e+00,0.000000000000000000e+00,0.000000000000000000e+00,0.000000000000000000e+00
7.138302347364405050e-04,6.696769223025413227e-04,6.255236098686419235e-04,5.813702974347426328e-04,5.372169850008433421e-04,4.930636725669440513e-04,4.489103601330448148e-04,4.047570476991455782e-04,3.606037352652462333e-04,3.164504228313469426e-04,2.722971103974476518e-04,2.281437979635483340e-04,1.844198876708799271e-04,1.406959773782114119e-04,9.697206708554295088e-05,5.324815679287448985e-05,9.524246500206045766e-06,-3.419966379246245253e-05,-7.792357408513092033e-05,-1.216474843777994085e-04,-1.653713946704678695e-04,-2.090953049631363305e-04,-2.528192152558045476e-04,-2.302413103243190371e-04,-2.076634053928335809e-04,-1.850855004613480162e-04,-1.625075955298625058e-04,-1.399296905983769953e-04,-1.173517856668914442e-04,-9.477388073540590665e-05,-7.219597580392038264e-05,-4.961807087243486541e-05,-2.704016594094930414e-05,-4.462261009463941912e-06,-4.056600917694492570e-06,-3.650940825925042805e-06,-3.245280734155593039e-06,-2.839620642386144121e-06,-2.433960550616694356e-06,-2.028300458847245014e-06,-1.622640367077795249e-06,-1.216980275308345484e-06,-8.113201835388964599e-07,-4.056600917694466947e-07,0.000000000000000000e+00,0.000000000000000000e+00,0.000000000000000000e+00,0.000000000000000000e+00,0.000000000000000000e+00,0.000000000000000000e+00,0.000000000000000000e+00,0.000000000000000000e+00,0.000000000000000000e+00,0.000000000000000000e+00,0.000000000000000000e+00,0.000000000000000000e+00,0.000000000000000000e+00,0.000000000000000000e+00,0.000000000000000000e+00,0.000000000000000000e+00,0.000000000000000000e+00,0.000000000000000000e+00,0.000000000000000000e+00,0.000000000000000000e+00,0.000000000000000000e+00,0.000000000000000000e+00,0.000000000000000000e+00,0.000000000000000000e+00,0.000000000000000000e+00,0.000000000000000000e+00,0.000000000000000000e+00,0.000000000000000000e+00,0.000000000000000000e+00,0.000000000000000000e+00,0.000000000000000000e+00,0.000000000000000000e+00,0.000000000000000000e+00,0.000000000000000000e+00,0.000000000000000000e+00,0.000000000000000000e+00,0.000000000000000000e+00,0.000000000000000000e+00,0.000000000000000000e+00,0.000000000000000000e+00,0.000000000000000000e+00,0.000000000000000000e+00,0.000000000000000000e+00,0.000000000000000000e+00,0.000000000000000000e+00,0.000000000000000000e+00,0.000000000000000000e+00,0.000000000000000000e+00,0.000000000000000000e+00,0.000000000000000000e+00,0.000000000000000000e+00,0.000000000000000000e+00,0.000000000000000000e+00,0.000000000000000000e+00,0.000000000000000000e+00,0.000000000000000000e+00
7.138302347364405050e-04,6.685884833146863576e-04,6.233467318929321018e-04,5.781049804711779544e-04,5.328632290494236985e-04,4.876214776276696595e-04,4.423797262059155663e-04,3.971379747841613647e-04,3.518962233624071631e-04,3.066544719406529614e-04,2.614127205188988682e-04,2.161709690971446124e-04,1.736241062316970941e-04,1.310772433662494674e-04,8.853038050080185419e-05,4.598351763535422747e-05,3.436654769906621074e-06,-3.911020809554101242e-05,-8.165707096098862559e-05,-1.242039338264362388e-04,-1.667507966918838655e-04,-2.092976595573314922e-04,-2.518445224227788479e-04,-2.293045184191881106e-04,-2.067645144155974817e-04,-1.842245104120067173e-04,-1.616845064084159800e-04,-1.391445024048252428e-04,-1.166044984012344919e-04,-9.406449439764375464e-05,-7.152449039405301735e-05,-4.898448639046227329e-05,-2.644448238687151229e-05,-3.904478383280942714e-06,-3.549525802982675387e-06,-3.194573222684407213e-06,-2.839620642386139463e-06,-2.484668062087872136e-06,-2.129715481789603962e-06,-1.774762901491336211e-06,-1.419810321193068461e-06,-1.064857740894800499e-06,-7.099051605965331716e-07,-3.549525802982652623e-07,0.000000000000000000e+00,0.000000000000000000e+00,0.000000000000000000e+00,0.000000000000000000e+00,0.000000000000000000e+00,0.000000000000000000e+00,0.000000000000000000e+00,0.000000000000000000e+00,0.000000000000000000e+00,0.000000000000000000e+00,0.000000000000000000e+00,0.000000000000000000e+00,0.000000000000000000e+00,0.000000000000000000e+00,0.000000000000000000e+00,0.000000000000000000e+00,0.000000000000000000e+00,0.000000000000000000e+00,0.000000000000000000e+00,0.000000000000000000e+00,0.000000000000000000e+00,0.000000000000000000e+00,0.000000000000000000e+00,0.000000000000000000e+00,0.000000000000000000e+00,0.000000000000000000e+00,0.000000000000000000e+00,0.000000000000000000e+00,0.000000000000000000e+00,0.000000000000000000e+00,0.000000000000000000e+00,0.000000000000000000e+00,0.000000000000000000e+00,0.000000000000000000e+00,0.000000000000000000e+00,0.000000000000000000e+00,0.000000000000000000e+00,0.000000000000000000e+00,0.000000000000000000e+00,0.000000000000000000e+00,0.000000000000000000e+00,0.000000000000000000e+00,0.000000000000000000e+00,0.000000000000000000e+00,0.000000000000000000e+00,0.000000000000000000e+00,0.000000000000000000e+00,0.000000000000000000e+00,0.000000000000000000e+00,0.000000000000000000e+00,0.000000000000000000e+00,0.000000000000000000e+00,0.000000000000000000e+00,0.000000000000000000e+00,0.000000000000000000e+00,0.000000000000000000e+00
7.138302347364405050e-04,6.675000443268315009e-04,6.211698539172223884e-04,5.748396635076133843e-04,5.285094730980043802e-04,4.821792826883953761e-04,4.358490922787864263e-04,3.895189018691773137e-04,3.431887114595682554e-04,2.968585210499592513e-04,2.505283306403502473e-04,2.041981402307411618e-04,1.628283247925144778e-04,1.214585093542876719e-04,8.008869391606086591e-05,3.871887847783410738e-05,-2.650936960392691810e-06,-4.402075239861950455e-05,-8.539056783684627664e-05,-1.267603832750730691e-04,-1.681301987132998344e-04,-2.095000141515266539e-04,-2.508698295897531481e-04,-2.283677265140572653e-04,-2.058656234383613825e-04,-1.833635203626654455e-04,-1.608614172869694543e-04,-1.383593142112735173e-04,-1.158572111355775532e-04,-9.335510805988161617e-05,-7.085300498418565206e-05,-4.835090190848970827e-05,-2.584879883279373738e-05,-3.346695757097952410e-06,-3.042450688270865828e-06,-2.738205619443779245e-06,-2.433960550616692239e-06,-2.129715481789605656e-06,-1.825470412962518438e-06,-1.521225344135431855e-06,-1.216980275308344849e-06,-9.127352064812579483e-07,-6.084901376541714714e-07,-3.042450688270846240e-07,0.000000000000000000e+00,0.000000000000000000e+00,0.000000000000000000e+00,0.000000000000000000e+00,0.000000000000000000e+00,0.000000000000000000e+00,0.000000000000000000e+00,0.000000000000000000e+00,0.000000000000000000e+00,0.000000000000000000e+00,0.000000000000000000e+00,0.000000000000000000e+00,0.000000000000000000e+00,0.000000000000000000e+00,0.000000000000000000e+00,0.000000000000000000e+00,0.000000000000000000e+00,0.000000000000000000e+00,0.000000000000000000e+00,0.000000000000000000e+00,0.000000000000000000e+00,0.000000000000000000e+00,0.000000000000000000e+00,0.000000000000000000e+00,0.000000000000000000e+00,0.000000000000000000e+00,0.000000000000000000e+00,0.000000000000000000e+00,0.000000000000000000e+00,0.000000000000000000e+00,0.000000000000000000e+00,0.000000000000000000e+00,0.000000000000000000e+00,0.000000000000000000e+00,0.000000000000000000e+00,0.000000000000000000e+00,0.000000000000000000e+00,0.000000000000000000e+00,0.000000000000000000e+00,0.000000000000000000e+00,0.000000000000000000e+00,0.000000000000000000e+00,0.000000000000000000e+00,0.000000000000000000e+00,0.000000000000000000e+00,0.000000000000000000e+00,0.000000000000000000e+00,0.000000000000000000e+00,0.000000000000000000e+00,0.000000000000000000e+00,0.000000000000000000e+00,0.000000000000000000e+00,0.000000000000000000e+00,0.000000000000000000e+00,0.000000000000000000e+00,0.000000000000000000e+00
7.138302347364405050e-04,6.664116053389765358e-04,6.189929759415125667e-04,5.715743465440488143e-04,5.241557171465849535e-04,4.767370877491210386e-04,4.293184583516572320e-04,3.818998289541932628e-04,3.344811995567294020e-04,2.870625701592654871e-04,2.396439407618016263e-04,1.922253113643376842e-04,1.520325433533317803e-04,1.118397753423258629e-04,7.164700733131991830e-05,3.145423932031393309e-05,-8.738528690692025022e-06,-4.893129670169798313e-05,-8.912406471270392769e-05,-1.293168327237098993e-04,-1.695096007347158575e-04,-2.097023687457218156e-04,-2.498951367567275026e-04,-2.274309346089263930e-04,-2.049667324611252834e-04,-1.825025303133241195e-04,-1.600383281655229557e-04,-1.375741260177217918e-04,-1.151099238699206144e-04,-9.264572172211946416e-05,-7.018151957431828676e-05,-4.771731742651714325e-05,-2.525311527871595908e-05,-2.788913130914961683e-06,-2.535375573559055844e-06,-2.281838016203150006e-06,-2.028300458847244167e-06,-1.774762901491338752e-06,-1.521225344135432490e-06,-1.267687786779526863e-06,-1.014150229423621025e-06,-7.606126720677152922e-07,-5.070751147118097713e-07,-2.535375573559039327e-07,0.000000000000000000e+00,0.000000000000000000e+00,0.000000000000000000e+00,0.000000000000000000e+00,0.000000000000000000e+00,0.000000000000000000e+00,0.000000000000000000e+00,0.000000000000000000e+00,0.000000000000000000e+00,0.000000000000000000e+00,0.000000000000000000e+00,0.000000000000000000e+00,0.000000000000000000e+00,0.000000000000000000e+00,0.000000000000000000e+00,0.000000000000000000e+00,0.000000000000000000e+00,0.000000000000000000e+00,0.000000000000000000e+00,0.000000000000000000e+00,0.000000000000000000e+00,0.000000000000000000e+00,0.000000000000000000e+00,0.000000000000000000e+00,0.000000000000000000e+00,0.000000000000000000e+00,0.000000000000000000e+00,0.000000000000000000e+00,0.000000000000000000e+00,0.000000000000000000e+00,0.000000000000000000e+00,0.000000000000000000e+00,0.000000000000000000e+00,0.000000000000000000e+00,0.000000000000000000e+00,0.000000000000000000e+00,0.000000000000000000e+00,0.000000000000000000e+00,0.000000000000000000e+00,0.000000000000000000e+00,0.000000000000000000e+00,0.000000000000000000e+00,0.000000000000000000e+00,0.000000000000000000e+00,0.000000000000000000e+00,0.000000000000000000e+00,0.000000000000000000e+00,0.000000000000000000e+00,0.000000000000000000e+00,0.000000000000000000e+00,0.000000000000000000e+00,0.000000000000000000e+00,0.000000000000000000e+00,0.000000000000000000e+00,0.000000000000000000e+00,0.000000000000000000e+00
7.138302347364405050e-04,6.653231663511217876e-04,6.168160979658029617e-04,5.683090295804842443e-04,5.198019611951654184e-04,4.712948928098468094e-04,4.227878244245280377e-04,3.742807560392092661e-04,3.257736876538905486e-04,2.772666192685717770e-04,2.287595508832530053e-04,1.802524824979342337e-04,1.412367619141491912e-04,1.022210413303640674e-04,6.320532074657891648e-05,2.418960016279377912e-05,-1.482612042099132435e-05,-5.384184100477645493e-05,-9.285756158856160584e-05,-1.318732821723467296e-04,-1.708890027561318263e-04,-2.099047233399169501e-04,-2.489204439237018571e-04,-2.264941427037955206e-04,-2.040678414838892113e-04,-1.816415402639828206e-04,-1.592152390440764570e-04,-1.367889378241700664e-04,-1.143626366042636893e-04,-9.193633538435731214e-05,-6.951003416445093502e-05,-4.708373294454457823e-05,-2.465743172463818079e-05,-2.231130504731970956e-06,-2.028300458847246285e-06,-1.825470412962521402e-06,-1.622640367077796520e-06,-1.419810321193072061e-06,-1.216980275308347178e-06,-1.014150229423622507e-06,-8.113201835388976246e-07,-6.084901376541727420e-07,-4.056600917694482300e-07,-2.028300458847233474e-07,0.000000000000000000e+00,0.000000000000000000e+00,0.000000000000000000e+00,0.000000000000000000e+00,0.000000000000000000e+00,0.000000000000000000e+00,0.000000000000000000e+00,0.000000000000000000e+00,0.000000000000000000e+00,0.000000000000000000e+00,0.000000000000000000e+00,0.000000000000000000e+00,0.000000000000000000e+00,0.000000000000000000e+00,0.000000000000000000e+00,0.000000000000000000e+00,0.000000000000000000e+00,0.000000000000000000e+00,0.000000000000000000e+00,0.000000000000000000e+00,0.000000000000000000e+00,0.000000000000000000e+00,0.000000000000000000e+00,0.000000000000000000e+00,0.000000000000000000e+00,0.000000000000000000e+00,0.000000000000000000e+00,0.000000000000000000e+00,0.000000000000000000e+00,0.000000000000000000e+00,0.000000000000000000e+00,0.000000000000000000e+00,0.000000000000000000e+00,0.000000000000000000e+00,0.000000000000000000e+00,0.000000000000000000e+00,0.000000000000000000e+00,0.000000000000000000e+00,0.000000000000000000e+00,0.000000000000000000e+00,0.000000000000000000e+00,0.000000000000000000e+00,0.000000000000000000e+00,0.000000000000000000e+00,0.000000000000000000e+00,0.000000000000000000e+00,0.000000000000000000e+00,0.000000000000000000e+00,0.000000000000000000e+00,0.000000000000000000e+00,0.000000000000000000e+00,0.000000000000000000e+00,0.000000000000000000e+00,0.000000000000000000e+00,0.000000000000000000e+00,0.000000000000000000e+00
7.138302347364405050e-04,6.642347273632668225e-04,6.146392199900932484e-04,5.650437126169195658e-04,5.154482052437461001e-04,4.658526978705723634e-04,4.162571904973987893e-04,3.666616831242251067e-04,3.170661757510515326e-04,2.674706683778779043e-04,2.178751610047042217e-04,1.682796536315306205e-04,1.304409804749663852e-04,9.260230731840212283e-05,5.476363416183782656e-05,1.692496100527355739e-05,-2.091371215129072533e-05,-5.875238530785501482e-05,-9.659105846441929755e-05,-1.344297316209835870e-04,-1.722684047775478494e-04,-2.101070779341121389e-04,-2.479457510906761574e-04,-2.255573507986646212e-04,-2.031689505066531121e-04,-1.807805502146414946e-04,-1.583921499226299313e-04,-1.360037496306183409e-04,-1.136153493386067370e-04,-9.122694904659517368e-05,-6.883854875458358328e-05,-4.645014846257200644e-05,-2.406174817056038894e-05,-1.673347878548972605e-06,-1.521225344135429526e-06,-1.369102809721886446e-06,-1.216980275308343366e-06,-1.064857740894800499e-06,-9.127352064812571013e-07,-7.606126720677142334e-07,-6.084901376541710479e-07,-4.563676032406279683e-07,-3.042450688270851004e-07,-1.521225344135419944e-07,0.000000000000000000e+00,0.000000000000000000e+00,0.000000000000000000e+00,0.000000000000000000e+00,0.000000000000000000e+00,0.000000000000000000e+00,0.000000000000000000e+00,0.000000000000000000e+00,0.000000000000000000e+00,0.000000000000000000e+00,0.000000000000000000e+00,0.000000000000000000e+00,0.000000000000000000e+00,0.000000000000000000e+00,0.000000000000000000e+00,0.000000000000000000e+00,0.000000000000000000e+00,0.000000000000000000e+00,0.000000000000000000e+00,0.000000000000000000e+00,0.000000000000000000e+00,0.000000000000000000e+00,0.000000000000000000e+00,0.000000000000000000e+00,0.000000000000000000e+00,0.000000000000000000e+00,0.000000000000000000e+00,0.000000000000000000e+00,0.000000000000000000e+00,0.000000000000000000e+00,0.000000000000000000e+00,0.000000000000000000e+00,0.000000000000000000e+00,0.000000000000000000e+00,0.000000000000000000e+00,0.000000000000000000e+00,0.000000000000000000e+00,0.000000000000000000e+00,0.000000000000000000e+00,0.000000000000000000e+00,0.000000000000000000e+00,0.000000000000000000e+00,0.000000000000000000e+00,0.000000000000000000e+00,0.000000000000000000e+00,0.000000000000000000e+00,0.000000000000000000e+00,0.000000000000000000e+00,0.000000000000000000e+00,0.000000000000000000e+00,0.000000000000000000e+00,0.000000000000000000e+00,0.000000000000000000e+00,0.000000000000000000e+00,0.000000000000000000e+00,0.000000000000000000e+00
7.138302347364405050e-04,6.631462883754119658e-04,6.124623420143834266e-04,5.617783956533551042e-04,5.110944492923265650e-04,4.604105029312980258e-04,4.097265565702696492e-04,3.590426102092411642e-04,3.083586638482126250e-04,2.576747174871841400e-04,2.069907711261556279e-04,1.563068247651271429e-04,1.196451990357837419e-04,8.298357330644030026e-05,4.632194757709684506e-05,9.660321847753403426e-06,-2.700130388159002466e-05,-6.366292961093349340e-05,-1.003245553402769350e-04,-1.369861810696203902e-04,-1.736478067989638183e-04,-2.103094325283072735e-04,-2.469710582576505119e-04,-2.246205588935337488e-04,-2.022700595294170400e-04,-1.799195601653001957e-04,-1.575690608011834056e-04,-1.352185614370666155e-04,-1.128680620729497982e-04,-9.051756270883300811e-05,-6.816706334471621799e-05,-4.581656398059942787e-05,-2.346606461648261064e-05,-1.115565252365981454e-06,-1.014150229423619543e-06,-9.127352064812575248e-07,-8.113201835388954011e-07,-7.099051605965334892e-07,-6.084901376541712597e-07,-5.070751147118093478e-07,-4.056600917694472770e-07,-3.042450688270853122e-07,-2.028300458847233474e-07,-1.014150229423613031e-07,0.000000000000000000e+00,0.000000000000000000e+00,0.000000000000000000e+00,0.000000000000000000e+00,0.000000000000000000e+00,0.000000000000000000e+00,0.000000000000000000e+00,0.000000000000000000e+00,0.000000000000000000e+00,0.000000000000000000e+00,0.000000000000000000e+00,0.000000000000000000e+00,0.000000000000000000e+00,0.000000000000000000e+00,0.000000000000000000e+00,0.000000000000000000e+00,0.000000000000000000e+00,0.000000000000000000e+00,0.000000000000000000e+00,0.000000000000000000e+00,0.000000000000000000e+00,0.000000000000000000e+00,0.000000000000000000e+00,0.000000000000000000e+00,0.000000000000000000e+00,0.000000000000000000e+00,0.000000000000000000e+00,0.000000000000000000e+00,0.000000000000000000e+00,0.000000000000000000e+00,0.000000000000000000e+00,0.000000000000000000e+00,0.000000000000000000e+00,0.000000000000000000e+00,0.000000000000000000e+00,0.000000000000000000e+00,0.000000000000000000e+00,0.000000000000000000e+00,0.000000000000000000e+00,0.000000000000000000e+00,0.000000000000000000e+00,0.000000000000000000e+00,0.000000000000000000e+00,0.000000000000000000e+00,0.000000000000000000e+00,0.000000000000000000e+00,0.000000000000000000e+00,0.000000000000000000e+00,0.000000000000000000e+00,0.000000000000000000e+00,0.000000000000000000e+00,0.000000000000000000e+00,0.000000000000000000e+00,0.000000000000000000e+00,0.000000000000000000e+00,0.000000000000000000e+00
7.138302347364405050e-04,6.620578493875571091e-04,6.102854640386738217e-04,5.585130786897905342e-04,5.067406933409071383e-04,4.549683079920237966e-04,4.031959226431404550e-04,3.514235372942571133e-04,2.996511519453737716e-04,2.478787665964903757e-04,1.961063812476070340e-04,1.443339958987236652e-04,1.088494175966011121e-04,7.336483929447847768e-05,3.788026099235587035e-05,2.395682690233235908e-06,-3.308889561188937142e-05,-6.857347391401199231e-05,-1.040580522161345996e-04,-1.395426305182572205e-04,-1.750272088203798414e-04,-2.105117871225024623e-04,-2.459963654246248663e-04,-2.236837669884028494e-04,-2.013711685521809137e-04,-1.790585701159588968e-04,-1.567459716797369070e-04,-1.344333732435149171e-04,-1.121207748072928866e-04,-8.980817637107088320e-05,-6.749557793484886625e-05,-4.518297949862686962e-05,-2.287038106240483234e-05,-5.577826261829910449e-07,-5.070751147118099830e-07,-4.563676032406289742e-07,-4.056600917694479653e-07,-3.549525802982669564e-07,-3.042450688270858416e-07,-2.535375573559048327e-07,-2.028300458847237709e-07,-1.521225344135427355e-07,-1.014150229423617399e-07,-5.070751147118068464e-08,0.000000000000000000e+00,0.000000000000000000e+00,0.000000000000000000e+00,0.000000000000000000e+00,0.000000000000000000e+00,0.000000000000000000e+00,0.000000000000000000e+00,0.000000000000000000e+00,0.000000000000000000e+00,0.000000000000000000e+00,0.000000000000000000e+00,0.000000000000000000e+00,0.000000000000000000e+00,0.000000000000000000e+00,0.000000000000000000e+00,0.000000000000000000e+00,0.000000000000000000e+00,0.000000000000000000e+00,0.000000000000000000e+00,0.000000000000000000e+00,0.000000000000000000e+00,0.000000000000000000e+00,0.000000000000000000e+00,0.000000000000000000e+00,0.000000000000000000e+00,0.000000000000000000e+00,0.000000000000000000e+00,0.000000000000000000e+00,0.000000000000000000e+00,0.000000000000000000e+00,0.000000000000000000e+00,0.000000000000000000e+00,0.000000000000000000e+00,0.000000000000000000e+00,0.000000000000000000e+00,0.000000000000000000e+00,0.000000000000000000e+00,0.000000000000000000e+00,0.000000000000000000e+00,0.000000000000000000e+00,0.000000000000000000e+00,0.000000000000000000e+00,0.000000000000000000e+00,0.000000000000000000e+00,0.000000000000000000e+00,0.000000000000000000e+00,0.000000000000000000e+00,0.000000000000000000e+00,0.000000000000000000e+00,0.000000000000000000e+00,0.000000000000000000e+00,0.000000000000000000e+00,0.000000000000000000e+00,0.000000000000000000e+00,0.000000000000000000e+00,0.000000000000000000e+00
7.138302347364405050e-04,6.609694103997022525e-04,6.081085860629641083e-04,5.552477617262258558e-04,5.023869373894877116e-04,4.495261130527494590e-04,3.966652887160113149e-04,3.438044643792730623e-04,2.909436400425348640e-04,2.380828157057966114e-04,1.852219913690584131e-04,1.323611670323201876e-04,9.805363615741845523e-05,6.374610528251666865e-05,2.943857440761489563e-05,-4.868956467286890953e-06,-3.917648734218869108e-05,-7.348401821709045056e-05,-1.077915490919922507e-04,-1.420990799668940237e-04,-1.764066108417958103e-04,-2.107141417166976240e-04,-2.450216725915991666e-04,-2.227469750832719770e-04,-2.004722775749448417e-04,-1.781975800666175979e-04,-1.559228825582903812e-04,-1.336481850499631645e-04,-1.113734875416359343e-04,-8.909879003330871763e-05,-6.682409252498150095e-05,-4.454939501665429105e-05,-2.227469750832705066e-05,0.000000000000000000e+00,0.000000000000000000e+00,0.000000000000000000e+00,0.000000000000000000e+00,0.000000000000000000e+00,0.000000000000000000e+00,0.000000000000000000e+00,0.000000000000000000e+00,0.000000000000000000e+00,0.000000000000000000e+00,0.000000000000000000e+00,0.000000000000000000e+00,0.000000000000000000e+00,0.000000000000000000e+00,0.000000000000000000e+00,0.000000000000000000e+00,0.000000000000000000e+00,0.000000000000000000e+00,0.000000000000000000e+00,0.000000000000000000e+00,0.000000000000000000e+00,0.000000000000000000e+00,0.000000000000000000e+00,0.000000000000000000e+00,0.000000000000000000e+00,0.000000000000000000e+00,0.000000000000000000e+00,0.000000000000000000e+00,0.000000000000000000e+00,0.000000000000000000e+00,0.000000000000000000e+00,0.000000000000000000e+00,0.000000000000000000e+00,0.000000000000000000e+00,0.000000000000000000e+00,0.000000000000000000e+00,0.000000000000000000e+00,0.000000000000000000e+00,0.000000000000000000e+00,0.000000000000000000e+00,0.000000000000000000e+00,0.000000000000000000e+00,0.000000000000000000e+00,0.000000000000000000e+00,0.000000000000000000e+00,0.000000000000000000e+00,0.000000000000000000e+00,0.000000000000000000e+00,0.000000000000000000e+00,0.000000000000000000e+00,0.000000000000000000e+00,0.000000000000000000e+00,0.000000000000000000e+00,0.000000000000000000e+00,0.000000000000000000e+00,0.000000000000000000e+00,0.000000000000000000e+00,0.000000000000000000e+00,0.000000000000000000e+00,0.000000000000000000e+00,0.000000000000000000e+00,0.000000000000000000e+00,0.000000000000000000e+00,0.000000000000000000e+00,0.000000000000000000e+00,0.000000000000000000e+00,0.000000000000000000e+00
7.138302347364405050e-04,6.605771590201936884e-04,6.073240833039468718e-04,5.540710075877001636e-04,5.008179318714532386e-04,4.475648561552064220e-04,3.943117804389596596e-04,3.410587047227128430e-04,2.878056290064660264e-04,2.345525532902192098e-04,1.812994775739723932e-04,1.280464018577255495e-04,9.438387053509231619e-05,6.072133921245902194e-05,2.705880788982573785e-05,-6.603723432807535229e-06,-4.026625475544083372e-05,-7.392878607807412119e-05,-1.075913174007073951e-04,-1.412538487233406961e-04,-1.749163800459739701e-04,-2.085789113686072711e-04,-2.422414426912403282e-04,-2.202194933556730059e-04,-1.981975440201057649e-04,-1.761755946845384427e-04,-1.541536453489710933e-04,-1.321316960134037981e-04,-1.101097466778364623e-04,-8.808779734226914002e-05,-6.606584800670181775e-05,-4.404389867113450902e-05,-2.202194933556715626e-05,0.000000000000000000e+00,0.000000000000000000e+00,0.000000000000000000e+00,0.000000000000000000e+00,0.000000000000000000e+00,0.000000000000000000e+00,0.000000000000000000e+00,0.000000000000000000e+00,0.000000000000000000e+00,0.000000000000000000e+00,0.000000000000000000e+00,0.000000000000000000e+00,0.000000000000000000e+00,0.000000000000000000e+00,0.000000000000000000e+00,0.000000000000000000e+00,0.000000000000000000e+00,0.000000000000000000e+00,0.000000000000000000e+00,0.000000000000000000e+00,0.000000000000000000e+00,0.000000000000000000e+00,0.000000000000000000e+00,0.000000000000000000e+00,0.000000000000000000e+00,0.000000000000000000e+00,0.000000000000000000e+00,0.000000000000000000e+00,0.000000000000000000e+00,0.000000000000000000e+00,0.000000000000000000e+00,0.000000000000000000e+00,0.000000000000000000e+00,0.000000000000000000e+00,0.000000000000000000e+00,0.000000000000000000e+00,0.000000000000000000e+00,0.000000000000000000e+00,0.000000000000000000e+00,0.000000000000000000e+00,0.000000000000000000e+00,0.000000000000000000e+00,0.000000000000000000e+00,0.000000000000000000e+00,0.000000000000000000e+00,0.000000000000000000e+00,0.000000000000000000e+00,0.000000000000000000e+00,0.000000000000000000e+00,0.000000000000000000e+00,0.000000000000000000e+00,0.000000000000000000e+00,0.000000000000000000e+00,0.000000000000000000e+00,0.000000000000000000e+00,0.000000000000000000e+00,0.000000000000000000e+00,0.000000000000000000e+00,0.000000000000000000e+00,0.000000000000000000e+00,0.000000000000000000e+00,0.000000000000000000e+00,0.000000000000000000e+00,0.000000000000000000e+00,0.000000000000000000e+00,0.000000000000000000e+00,0.000000000000000000e+00
7.138302347364405050e-04,6.601849076406850160e-04,6.065395805449295269e-04,5.528942534491742547e-04,4.992489263534188740e-04,4.456035992576634392e-04,3.919582721619080585e-04,3.383129450661526236e-04,2.846676179703972430e-04,2.310222908746417810e-04,1.773769637788864004e-04,1.237316366831309655e-04,9.071410491276623135e-05,5.769657314240143620e-05,2.467904137203664444e-05,-8.338490398328162565e-06,-4.135602216869294924e-05,-7.437355393905772407e-05,-1.073910857094225260e-04,-1.404086174797873415e-04,-1.734261492501521298e-04,-2.064436810205169182e-04,-2.394612127908815169e-04,-2.176920116280740890e-04,-1.959228104652667424e-04,-1.741536093024592603e-04,-1.523844081396518596e-04,-1.306152069768444317e-04,-1.088460058140369767e-04,-8.707680465122956241e-05,-6.530760348842213454e-05,-4.353840232561471344e-05,-2.176920116280726524e-05,0.000000000000000000e+00,0.000000000000000000e+00,0.000000000000000000e+00,0.000000000000000000e+00,0.000000000000000000e+00,0.000000000000000000e+00,0.000000000000000000e+00,0.000000000000000000e+00,0.000000000000000000e+00,0.000000000000000000e+00,0.000000000000000000e+00,0.000000000000000000e+00,0.000000000000000000e+00,0.000000000000000000e+00,0.000000000000000000e+00,0.000000000000000000e+00,0.000000000000000000e+00,0.000000000000000000e+00,0.000000000000000000e+00,0.000000000000000000e+00,0.000000000000000000e+00,0.000000000000000000e+00,0.000000000000000000e+00,0.000000000000000000e+00,0.000000000000000000e+00,0.000000000000000000e+00,0.000000000000000000e+00,0.000000000000000000e+00,0.000000000000000000e+00,0.000000000000000000e+00,0.000000000000000000e+00,0.000000000000000000e+00,0.000000000000000000e+00,0.000000000000000000e+00,0.000000000000000000e+00,0.000000000000000000e+00,0.000000000000000000e+00,0.000000000000000000e+00,0.000000000000000000e+00,0.000000000000000000e+00,0.000000000000000000e+00,0.000000000000000000e+00,0.000000000000000000e+00,0.000000000000000000e+00,0.000000000000000000e+00,0.000000000000000000e+00,0.000000000000000000e+00,0.000000000000000000e+00,0.000000000000000000e+00,0.000000000000000000e+00,0.000000000000000000e+00,0.000000000000000000e+00,0.000000000000000000e+00,0.000000000000000000e+00,0.000000000000000000e+00,0.000000000000000000e+00,0.000000000000000000e+00,0.000000000000000000e+00,0.000000000000000000e+00,0.000000000000000000e+00,0.000000000000000000e+00,0.000000000000000000e+00,0.000000000000000000e+00,0.000000000000000000e+00,0.000000000000000000e+00,0.000000000000000000e+00,0.000000000000000000e+00
7.138302347364405050e-04,6.597926562611765603e-04,6.057550777859125072e-04,5.517174993106485625e-04,4.976799208353846178e-04,4.436423423601204563e-04,3.896047638848565116e-04,3.355671854095925127e-04,2.815296069343284596e-04,2.274920284590644878e-04,1.734544499838004076e-04,1.194168715085363951e-04,8.704433929044014652e-05,5.467180707234383692e-05,2.229927485424754426e-05,-1.007325736384876195e-05,-4.244578958194506477e-05,-7.481832180004138115e-05,-1.071908540181376840e-04,-1.395633862362339868e-04,-1.719359184543302896e-04,-2.043084506724265924e-04,-2.366809828905226784e-04,-2.151645299004751721e-04,-1.936480769104277199e-04,-1.721316239203801593e-04,-1.506151709303325988e-04,-1.290987179402850924e-04,-1.075822649502375318e-04,-8.606581196019001190e-05,-6.454935897014246488e-05,-4.303290598009493819e-05,-2.151645299004737423e-05,0.000000000000000000e+00,0.000000000000000000e+00,0.000000000000000000e+00,0.000000000000000000e+00,0.000000000000000000e+00,0.000000000000000000e+00,0.000000000000000000e+00,0.000000000000000000e+00,0.000000000000000000e+00,0.000000000000000000e+00,0.000000000000000000e+00,0.000000000000000000e+00,0.000000000000000000e+00,0.000000000000000000e+00,0.000000000000000000e+00,0.000000000000000000e+00,0.000000000000000000e+00,0.000000000000000000e+00,0.000000000000000000e+00,0.000000000000000000e+00,0.000000000000000000e+00,0.000000000000000000e+00,0.000000000000000000e+00,0.000000000000000000e+00,0.000000000000000000e+00,0.000000000000000000e+00,0.000000000000000000e+00,0.000000000000000000e+00,0.000000000000000000e+00,0.000000000000000000e+00,0.000000000000000000e+00,0.000000000000000000e+00,0.000000000000000000e+00,0.000000000000000000e+00,0.000000000000000000e+00,0.000000000000000000e+00,0.000000000000000000e+00,0.000000000000000000e+00,0.000000000000000000e+00,0.000000000000000000e+00,0.000000000000000000e+00,0.000000000000000000e+00,0.000000000000000000e+00,0.000000000000000000e+00,0.000000000000000000e+00,0.000000000000000000e+00,0.000000000000000000e+00,0.000000000000000000e+00,0.000000000000000000e+00,0.000000000000000000e+00,0.000000000000000000e+00,0.000000000000000000e+00,0.000000000000000000e+00,0.000000000000000000e+00,0.000000000000000000e+00,0.000000000000000000e+00,0.000000000000000000e+00,0.000000000000000000e+00,0.000000000000000000e+00,0.000000000000000000e+00,0.000000000000000000e+00,0.000000000000000000e+00,0.000000000000000000e+00,0.000000000000000000e+00,0.000000000000000000e+00,0.000000000000000000e+00,0.000000000000000000e+00
7.138302347364405050e-04,6.594004048816678879e-04,6.049705750268951623e-04,5.505407451721226536e-04,4.961109153173500364e-04,4.416810854625774735e-04,3.872512556078049105e-04,3.328214257530322934e-04,2.783915958982596762e-04,2.239617660434870591e-04,1.695319361887144419e-04,1.151021063339418112e-04,8.337457366811406169e-05,5.164704100228625119e-05,1.991950833645843392e-05,-1.180802432936937319e-05,-4.353555699519718708e-05,-7.526308966102499757e-05,-1.069906223268528148e-04,-1.387181549926806321e-04,-1.704456876585084494e-04,-2.021732203243362396e-04,-2.339007529901638671e-04,-2.126370481728762280e-04,-1.913733433555886703e-04,-1.701096385383010041e-04,-1.488459337210133650e-04,-1.275822289037257260e-04,-1.063185240864380598e-04,-8.505481926915042074e-05,-6.379111445186278167e-05,-4.252740963457514938e-05,-2.126370481728748321e-05,0.000000000000000000e+00,0.000000000000000000e+00,0.000000000000000000e+00,0.000000000000000000e+00,0.000000000000000000e+00,0.000000000000000000e+00,0.000000000000000000e+00,0.000000000000000000e+00,0.000000000000000000e+00,0.000000000000000000e+00,0.000000000000000000e+00,0.000000000000000000e+00,0.000000000000000000e+00,0.000000000000000000e+00,0.000000000000000000e+00,0.000000000000000000e+00,0.000000000000000000e+00,0.000000000000000000e+00,0.000000000000000000e+00,0.000000000000000000e+00,0.000000000000000000e+00,0.000000000000000000e+00,0.000000000000000000e+00,0.000000000000000000e+00,0.000000000000000000e+00,0.000000000000000000e+00,0.000000000000000000e+00,0.000000000000000000e+00,0.000000000000000000e+00,0.000000000000000000e+00,0.000000000000000000e+00,0.000000000000000000e+00,0.000000000000000000e+00,0.000000000000000000e+00,0.000000000000000000e+00,0.000000000000000000e+00,0.000000000000000000e+00,0.000000000000000000e+00,0.000000000000000000e+00,0.000000000000000000e+00,0.000000000000000000e+00,0.000000000000000000e+00,0.000000000000000000e+00,0.000000000000000000e+00,0.000000000000000000e+00,0.000000000000000000e+00,0.000000000000000000e+00,0.000000000000000000e+00,0.000000000000000000e+00,0.000000000000000000e+00,0.000000000000000000e+00,0.000000000000000000e+00,0.000000000000000000e+00,0.000000000000000000e+00,0.000000000000000000e+00,0.000000000000000000e+00,0.000000000000000000e+00,0.000000000000000000e+00,0.000000000000000000e+00,0.000000000000000000e+00,0.000000000000000000e+00,0.000000000000000000e+00,0.000000000000000000e+00,0.000000000000000000e+00,0.000000000000000000e+00,0.000000000000000000e+00,0.000000000000000000e+00
7.138302347364405050e-04,6.590081535021593238e-04,6.041860722678779258e-04,5.493639910335968530e-04,4.945419097993156718e-04,4.397198285650344364e-04,3.848977473307533094e-04,3.300756660964720198e-04,2.752535848621908386e-04,2.204315036279096303e-04,1.656094223936284220e-04,1.107873411593471731e-04,7.970480804578793620e-05,4.862227493222861803e-05,1.753974181866930663e-05,-1.354279129489000476e-05,-4.462532440844932293e-05,-7.570785752200864110e-05,-1.067903906355679457e-04,-1.378729237491272503e-04,-1.689554568626865550e-04,-2.000379899762458867e-04,-2.311205230898049745e-04,-2.101095664452772569e-04,-1.890986098007495936e-04,-1.680876531562218489e-04,-1.470766965116940771e-04,-1.260657398671663596e-04,-1.050547832226385742e-04,-8.404382657811084313e-05,-6.303286993358309847e-05,-4.202191328905535380e-05,-2.101095664452758881e-05,0.000000000000000000e+00,0.000000000000000000e+00,0.000000000000000000e+00,0.000000000000000000e+00,0.000000000000000000e+00,0.000000000000000000e+00,0.000000000000000000e+00,0.000000000000000000e+00,0.000000000000000000e+00,0.000000000000000000e+00,0.000000000000000000e+00,0.000000000000000000e+00,0.000000000000000000e+00,0.000000000000000000e+00,0.000000000000000000e+00,0.000000000000000000e+00,0.000000000000000000e+00,0.000000000000000000e+00,0.000000000000000000e+00,0.000000000000000000e+00,0.000000000000000000e+00,0.000000000000000000e+00,0.000000000000000000e+00,0.000000000000000000e+00,0.000000000000000000e+00,0.000000000000000000e+00,0.000000000000000000e+00,0.000000000000000000e+00,0.000000000000000000e+00,0.000000000000000000e+00,0.000000000000000000e+00,0.000000000000000000e+00,0.000000000000000000e+00,0.000000000000000000e+00,0.000000000000000000e+00,0.000000000000000000e+00,0.000000000000000000e+00,0.000000000000000000e+00,0.000000000000000000e+00,0.000000000000000000e+00,0.000000000000000000e+00,0.000000000000000000e+00,0.000000000000000000e+00,0.000000000000000000e+00,0.000000000000000000e+00,0.000000000000000000e+00,0.000000000000000000e+00,0.000000000000000000e+00,0.000000000000000000e+00,0.000000000000000000e+00,0.000000000000000000e+00,0.000000000000000000e+00,0.000000000000000000e+00,0.000000000000000000e+00,0.000000000000000000e+00,0.000000000000000000e+00,0.000000000000000000e+00,0.000000000000000000e+00,0.000000000000000000e+00,0.000000000000000000e+00,0.000000000000000000e+00,0.000000000000000000e+00,0.000000000000000000e+00,0.000000000000000000e+00,0.000000000000000000e+00,0.000000000000000000e+00,0.000000000000000000e+00
7.138302347364405050e-04,6.586159021226506514e-04,6.034015695088609061e-04,5.481872368950710525e-04,4.929729042812813072e-04,4.377585716674915078e-04,3.825442390537017083e-04,3.273299064399118547e-04,2.721155738261220552e-04,2.169012412123322287e-04,1.616869085985424021e-04,1.064725759847526162e-04,7.603504242346183781e-05,4.559750886217101874e-05,1.515997530088020645e-05,-1.527755826041061262e-05,-4.571509182170144524e-05,-7.615262538299227108e-05,-1.065901589442830766e-04,-1.370276925055738957e-04,-1.674652260668647147e-04,-1.979027596281555338e-04,-2.283402931894461631e-04,-2.075820847176783400e-04,-1.868238762459105439e-04,-1.660656677741426937e-04,-1.453074593023748434e-04,-1.245492508306069931e-04,-1.037910423588391158e-04,-8.303283388707126552e-05,-6.227462541530341526e-05,-4.151641694353557177e-05,-2.075820847176769780e-05,0.000000000000000000e+00,0.000000000000000000e+00,0.000000000000000000e+00,0.000000000000000000e+00,0.000000000000000000e+00,0.000000000000000000e+00,0.000000000000000000e+00,0.000000000000000000e+00,0.000000000000000000e+00,0.000000000000000000e+00,0.000000000000000000e+00,0.000000000000000000e+00,0.000000000000000000e+00,0.000000000000000000e+00,0.000000000000000000e+00,0.000000000000000000e+00,0.000000000000000000e+00,0.000000000000000000e+00,0.000000000000000000e+00,0.000000000000000000e+00,0.000000000000000000e+00,0.000000000000000000e+00,0.000000000000000000e+00,0.000000000000000000e+00,0.000000000000000000e+00,0.000000000000000000e+00,0.000000000000000000e+00,0.000000000000000000e+00,0.000000000000000000e+00,0.000000000000000000e+00,0.000000000000000000e+00,0.000000000000000000e+00,0.000000000000000000e+00,0.000000000000000000e+00,0.000000000000000000e+00,0.000000000000000000e+00,0.000000000000000000e+00,0.000000000000000000e+00,0.000000000000000000e+00,0.000000000000000000e+00,0.000000000000000000e+00,0.000000000000000000e+00,0.000000000000000000e+00,0.000000000000000000e+00,0.000000000000000000e+00,0.000000000000000000e+00,0.000000000000000000e+00,0.000000000000000000e+00,0.000000000000000000e+00,0.000000000000000000e+00,0.000000000000000000e+00,0.000000000000000000e+00,0.000000000000000000e+00,0.000000000000000000e+00,0.000000000000000000e+00,0.000000000000000000e+00,0.000000000000000000e+00,0.000000000000000000e+00,0.000000000000000000e+00,0.000000000000000000e+00,0.000000000000000000e+00,0.000000000000000000e+00,0.000000000000000000e+00,0.000000000000000000e+00,0.000000000000000000e+00,0.000000000000000000e+00,0.000000000000000000e+00
7.138302347364405050e-04,6.582236507431419789e-04,6.026170667498436696e-04,5.470104827565452519e-04,4.914038987632468342e-04,4.357973147699484707e-04,3.801907307766501072e-04,3.245841467833516895e-04,2.689775627900532718e-04,2.133709787967548541e-04,1.577643948034564364e-04,1.021578108101580323e-04,7.236527680113575298e-05,4.257274279211343301e-05,1.278020878309109949e-05,-1.701232522593123402e-05,-4.680485923495356754e-05,-7.659739324397588751e-05,-1.063899272529982210e-04,-1.361824612620205410e-04,-1.659749952710428745e-04,-1.957675292800652080e-04,-2.255600632890873789e-04,-2.050546029900794231e-04,-1.845491426910715214e-04,-1.640436823920635384e-04,-1.435382220930556097e-04,-1.230327617940476267e-04,-1.025273014950396709e-04,-8.202184119603170146e-05,-6.151638089702374560e-05,-4.101092059801578974e-05,-2.050546029900780678e-05,0.000000000000000000e+00,0.000000000000000000e+00,0.000000000000000000e+00,0.000000000000000000e+00,0.000000000000000000e+00,0.000000000000000000e+00,0.000000000000000000e+00,0.000000000000000000e+00,0.000000000000000000e+00,0.000000000000000000e+00,0.000000000000000000e+00,0.000000000000000000e+00,0.000000000000000000e+00,0.000000000000000000e+00,0.000000000000000000e+00,0.000000000000000000e+00,0.000000000000000000e+00,0.000000000000000000e+00,0.000000000000000000e+00,0.000000000000000000e+00,0.000000000000000000e+00,0.000000000000000000e+00,0.000000000000000000e+00,0.000000000000000000e+00,0.000000000000000000e+00,0.000000000000000000e+00,0.000000000000000000e+00,0.000000000000000000e+00,0.000000000000000000e+00,0.000000000000000000e+00,0.000000000000000000e+00,0.000000000000000000e+00,0.000000000000000000e+00,0.000000000000000000e+00,0.000000000000000000e+00,0.000000000000000000e+00,0.000000000000000000e+00,0.000000000000000000e+00,0.000000000000000000e+00,0.000000000000000000e+00,0.000000000000000000e+00,0.000000000000000000e+00,0.000000000000000000e+00,0.000000000000000000e+00,0.000000000000000000e+00,0.000000000000000000e+00,0.000000000000000000e+00,0.000000000000000000e+00,0.000000000000000000e+00,0.000000000000000000e+00,0.000000000000000000e+00,0.000000000000000000e+00,0.000000000000000000e+00,0.000000000000000000e+00,0.000000000000000000e+00,0.000000000000000000e+00,0.000000000000000000e+00,0.000000000000000000e+00,0.000000000000000000e+00,0.000000000000000000e+00,0.000000000000000000e+00,0.000000000000000000e+00,0.000000000000000000e+00,0.000000000000000000e+00,0.000000000000000000e+00,0.000000000000000000e+00,0.000000000000000000e+00
7.138302347364405050e-04,6.578313993636334149e-04,6.018325639908265415e-04,5.458337286180194514e-04,4.898348932452124696e-04,4.338360578724054879e-04,3.778372224995985061e-04,3.218383871267914702e-04,2.658395517539844342e-04,2.098407163811774254e-04,1.538418810083704165e-04,9.784304563556339414e-05,6.869551117880961393e-05,3.954797672205580662e-05,1.040044226530196543e-05,-1.874709219145186221e-05,-4.789462664820569662e-05,-7.704216110495953104e-05,-1.061896955617133655e-04,-1.353372300184671863e-04,-1.644847644752210072e-04,-1.936322989319748551e-04,-2.227798333887285134e-04,-2.025271212624804519e-04,-1.822744091362324447e-04,-1.620216970099843832e-04,-1.417689848837363218e-04,-1.215162727574882603e-04,-1.012635606312401718e-04,-8.101084850499211030e-05,-6.075813637874406239e-05,-4.050542425249600094e-05,-2.025271212624791238e-05,0.000000000000000000e+00,0.000000000000000000e+00,0.000000000000000000e+00,0.000000000000000000e+00,0.000000000000000000e+00,0.000000000000000000e+00,0.000000000000000000e+00,0.000000000000000000e+00,0.000000000000000000e+00,0.000000000000000000e+00,0.000000000000000000e+00,0.000000000000000000e+00,0.000000000000000000e+00,0.000000000000000000e+00,0.000000000000000000e+00,0.000000000000000000e+00,0.000000000000000000e+00,0.000000000000000000e+00,0.000000000000000000e+00,0.000000000000000000e+00,0.000000000000000000e+00,0.000000000000000000e+00,0.000000000000000000e+00,0.000000000000000000e+00,0.000000000000000000e+00,0.000000000000000000e+00,0.000000000000000000e+00,0.000000000000000000e+00,0.000000000000000000e+00,0.000000000000000000e+00,0.000000000000000000e+00,0.000000000000000000e+00,0.000000000000000000e+00,0.000000000000000000e+00,0.000000000000000000e+00,0.000000000000000000e+00,0.000000000000000000e+00,0.000000000000000000e+00,0.000000000000000000e+00,0.000000000000000000e+00,0.000000000000000000e+00,0.000000000000000000e+00,0.000000000000000000e+00,0.000000000000000000e+00,0.000000000000000000e+00,0.000000000000000000e+00,0.000000000000000000e+00,0.000000000000000000e+00,0.000000000000000000e+00,0.000000000000000000e+00,0.000000000000000000e+00,0.000000000000000000e+00,0.000000000000000000e+00,0.000000000000000000e+00,0.000000000000000000e+00,0.000000000000000000e+00,0.000000000000000000e+00,0.000000000000000000e+00,0.000000000000000000e+00,0.000000000000000000e+00,0.000000000000000000e+00,0.000000000000000000e+00,0.000000000000000000e+00,0.000000000000000000e+00,0.000000000000000000e+00,0.000000000000000000e+00,0.000000000000000000e+00
7.138302347364405050e-04,6.574391479841248508e-04,6.010480612318091966e-04,5.446569744794937593e-04,4.882658877271781050e-04,4.318748009748624508e-04,3.754837142225469051e-04,3.190926274702313051e-04,2.627015407179157051e-04,2.063104539656000509e-04,1.499193672132844509e-04,9.352828046096881020e-05,6.502574555648354265e-05,3.652321065199820056e-05,8.020675747512851699e-06,-2.048185915697249039e-05,-4.898439406145781893e-05,-7.748692896594314746e-05,-1.059894638704284963e-04,-1.344919987749138587e-04,-1.629945336793991941e-04,-1.914970685838845023e-04,-2.199996034883696750e-04,-1.999996395348815079e-04,-1.799996755813934222e-04,-1.599997116279052280e-04,-1.399997476744170609e-04,-1.199997837209289074e-04,-9.999981976744071329e-05,-7.999985581395254624e-05,-5.999989186046437919e-05,-3.999992790697621213e-05,-1.999996395348801798e-05,0.000000000000000000e+00,0.000000000000000000e+00,0.000000000000000000e+00,0.000000000000000000e+00,0.000000000000000000e+00,0.000000000000000000e+00,0.000000000000000000e+00,0.000000000000000000e+00,0.000000000000000000e+00,0.000000000000000000e+00,0.000000000000000000e+00,0.000000000000000000e+00,0.000000000000000000e+00,0.000000000000000000e+00,0.000000000000000000e+00,0.000000000000000000e+00,0.000000000000000000e+00,0.000000000000000000e+00,0.000000000000000000e+00,0.000000000000000000e+00,0.000000000000000000e+00,0.000000000000000000e+00,0.000000000000000000e+00,0.000000000000000000e+00,0.000000000000000000e+00,0.000000000000000000e+00,0.000000000000000000e+00,0.000000000000000000e+00,0.000000000000000000e+00,0.000000000000000000e+00,0.000000000000000000e+00,0.000000000000000000e+00,0.000000000000000000e+00,0.000000000000000000e+00,0.000000000000000000e+00,0.000000000000000000e+00,0.000000000000000000e+00,0.000000000000000000e+00,0.000000000000000000e+00,0.000000000000000000e+00,0.000000000000000000e+00,0.000000000000000000e+00,0.000000000000000000e+00,0.000000000000000000e+00,0.000000000000000000e+00,0.000000000000000000e+00,0.000000000000000000e+00,0.000000000000000000e+00,0.000000000000000000e+00,0.000000000000000000e+00,0.000000000000000000e+00,0.000000000000000000e+00,0.000000000000000000e+00,0.000000000000000000e+00,0.000000000000000000e+00,0.000000000000000000e+00,0.000000000000000000e+00,0.000000000000000000e+00,0.000000000000000000e+00,0.000000000000000000e+00,0.000000000000000000e+00,0.000000000000000000e+00,0.000000000000000000e+00,0.000000000000000000e+00,0.000000000000000000e+00,0.000000000000000000e+00,0.000000000000000000e+00
7.138302347364405050e-04,6.570468966046161784e-04,6.002635584727921770e-04,5.434802203409679587e-04,4.866968822091437405e-04,4.299135440773194680e-04,3.731302059454953040e-04,3.163468678136711399e-04,2.595635296818468675e-04,2.027801915500226763e-04,1.459968534181984310e-04,8.921351528637426693e-05,6.135597993415744427e-05,3.349844458194060128e-05,5.640909229723751518e-06,-2.221662612249310502e-05,-5.007416147470995478e-05,-7.793169682692680455e-05,-1.057892321791436408e-04,-1.336467675313605041e-04,-1.615043028835773538e-04,-1.893618382357942036e-04,-2.172193735880108636e-04,-1.974721578072825639e-04,-1.777249420265543725e-04,-1.579777262458260728e-04,-1.382305104650978001e-04,-1.184832946843695410e-04,-9.873607890364125483e-05,-7.898886312291298218e-05,-5.924164734218470275e-05,-3.949443156145643010e-05,-1.974721578072812696e-05,0.000000000000000000e+00,0.000000000000000000e+00,0.000000000000000000e+00,0.000000000000000000e+00,0.000000000000000000e+00,0.000000000000000000e+00,0.000000000000000000e+00,0.000000000000000000e+00,0.000000000000000000e+00,0.000000000000000000e+00,0.000000000000000000e+00,0.000000000000000000e+00,0.000000000000000000e+00,0.000000000000000000e+00,0.000000000000000000e+00,0.000000000000000000e+00,0.000000000000000000e+00,0.000000000000000000e+00,0.000000000000000000e+00,0.000000000000000000e+00,0.000000000000000000e+00,0.000000000000000000e+00,0.000000000000000000e+00,0.000000000000000000e+00,0.000000000000000000e+00,0.000000000000000000e+00,0.000000000000000000e+00,0.000000000000000000e+00,0.000000000000000000e+00,0.000000000000000000e+00,0.000000000000000000e+00,0.000000000000000000e+00,0.000000000000000000e+00,0.000000000000000000e+00,0.000000000000000000e+00,0.000000000000000000e+00,0.000000000000000000e+00,0.000000000000000000e+00,0.000000000000000000e+00,0.000000000000000000e+00,0.000000000000000000e+00,0.000000000000000000e+00,0.000000000000000000e+00,0.000000000000000000e+00,0.000000000000000000e+00,0.000000000000000000e+00,0.000000000000000000e+00,0.000000000000000000e+00,0.000000000000000000e+00,0.000000000000000000e+00,0.000000000000000000e+00,0.000000000000000000e+00,0.000000000000000000e+00,0.000000000000000000e+00,0.000000000000000000e+00,0.000000000000000000e+00,0.000000000000000000e+00,0.000000000000000000e+00,0.000000000000000000e+00,0.000000000000000000e+00,0.000000000000000000e+00,0.000000000000000000e+00,0.000000000000000000e+00,0.000000000000000000e+00,0.000000000000000000e+00,0.000000000000000000e+00,0.000000000000000000e+00
7.138302347364405050e-04,6.566546452251076143e-04,5.994790557137749405e-04,5.423034662024420497e-04,4.851278766911093217e-04,4.279522871797764852e-04,3.707766976684437571e-04,3.136011081571109206e-04,2.564255186457781383e-04,1.992499291344453018e-04,1.420743396231124653e-04,8.489875011177966944e-05,5.768621431183137299e-05,3.047367851188300877e-05,3.261142711934651337e-06,-2.395139308801369932e-05,-5.116392888796207031e-05,-7.837646468791042097e-05,-1.055890004878587581e-04,-1.328015362878071223e-04,-1.600140720877555136e-04,-1.872266078877038507e-04,-2.144391436876520252e-04,-1.949446760796836469e-04,-1.754502084717153500e-04,-1.559557408637469447e-04,-1.364612732557785664e-04,-1.169668056478101882e-04,-9.747233803984178282e-05,-7.797787043187340457e-05,-5.848340282390501955e-05,-3.898893521593664130e-05,-1.949446760796823595e-05,0.000000000000000000e+00,0.000000000000000000e+00,0.000000000000000000e+00,0.000000000000000000e+00,0.000000000000000000e+00,0.000000000000000000e+00,0.000000000000000000e+00,0.000000000000000000e+00,0.000000000000000000e+00,0.000000000000000000e+00,0.000000000000000000e+00,0.000000000000000000e+00,0.000000000000000000e+00,0.000000000000000000e+00,0.000000000000000000e+00,0.000000000000000000e+00,0.000000000000000000e+00,0.000000000000000000e+00,0.000000000000000000e+00,0.000000000000000000e+00,0.000000000000000000e+00,0.000000000000000000e+00,0.000000000000000000e+00,0.000000000000000000e+00,0.000000000000000000e+00,0.000000000000000000e+00,0.000000000000000000e+00,0.000000000000000000e+00,0.000000000000000000e+00,0.000000000000000000e+00,0.000000000000000000e+00,0.000000000000000000e+00,0.000000000000000000e+00,0.000000000000000000e+00,0.000000000000000000e+00,0.000000000000000000e+00,0.000000000000000000e+00,0.000000000000000000e+00,0.000000000000000000e+00,0.000000000000000000e+00,0.000000000000000000e+00,0.000000000000000000e+00,0.000000000000000000e+00,0.000000000000000000e+00,0.000000000000000000e+00,0.000000000000000000e+00,0.000000000000000000e+00,0.000000000000000000e+00,0.000000000000000000e+00,0.000000000000000000e+00,0.000000000000000000e+00,0.000000000000000000e+00,0.000000000000000000e+00,0.000000000000000000e+00,0.000000000000000000e+00,0.000000000000000000e+00,0.000000000000000000e+00,0.000000000000000000e+00,0.000000000000000000e+00,0.000000000000000000e+00,0.000000000000000000e+00,0.000000000000000000e+00,0.000000000000000000e+00,0.000000000000000000e+00,0.000000000000000000e+00,0.000000000000000000e+00,0.000000000000000000e+00
