1.206724419817752775e-02,1.260896714814031469e-02,1.315069009810309816e-02,1.369241304806588511e-02,1.423413599802867205e-02,1.477585894799145899e-02,1.531758189795424246e-02,1.585930484791702941e-02,1.640102779787981635e-02,1.694275074784259982e-02,1.748447369780538677e-02,1.802619664776817371e-02,1.751077003573655796e-02,1.699534342370494222e-02,1.647991681167332648e-02,1.596449019964171073e-02,1.544906358761009499e-02,1.493363697557847924e-02,1.441821036354686350e-02,1.390278375151524776e-02,1.338735713948363201e-02,1.287193052745201627e-02,1.235650391542040052e-02,1.187649161763082960e-02,1.139647931984125867e-02,1.091646702205168774e-02,1.043645472426211682e-02,9.956442426472545890e-03,9.476430128682973228e-03,8.996417830893402301e-03,8.516405533103829639e-03,8.036393235314258712e-03,7.556380937524686918e-03,7.076368639735116858e-03,6.687887940868890609e-03,6.299407242002664359e-03,5.910926543136438109e-03,5.522445844270211859e-03,5.133965145403984742e-03,4.745484446537758493e-03,4.357003747671532243e-03,3.968523048805305126e-03,3.580042349939079310e-03,3.191561651072852626e-03,2.803080952206627677e-03,2.530946624594745779e-03,2.258812296982864315e-03,1.986677969370982851e-03,1.714543641759102687e-03,1.442409314147221006e-03,1.170274986535339541e-03,8.981406589234578602e-04,6.260063313115760706e-04,3.538720036996943893e-04,8.173767608781287069e-05,-1.903966515240688648e-04,-2.878105237413518258e-04,-3.852243959586348953e-04,-4.826382681759179105e-04,-5.800521403932009257e-04,-6.774660126104838868e-04,-7.748798848277669562e-04,-8.722937570450498088e-04,-9.697076292623328783e-04,-1.067121501479615948e-03,-1.164535373696898909e-03,-1.261949245914178834e-03,-1.147226587194708110e-03,-1.032503928475236952e-03,-9.177812697557660108e-04,-8.030586110362951781e-04,-6.883359523168241286e-04,-5.736132935973531875e-04,-4.588906348778821922e-04,-3.441679761584113054e-04,-2.294453174389403101e-04,-1.147226587194693148e-04,0.000000000000000000e+00,0.000000000000000000e+00,0.000000000000000000e+00,0.000000000000000000e+00,0.000000000000000000e+00,0.000000000000000000e+00,0.000000000000000000e+00,0.000000000000000000e+00,0.000000000000000000e+00,0.000000000000000000e+00,0.000000000000000000e+00,0.000000000000000000e+00,0.000000000000000000e+00,0.000000000000000000e+00,0.000000000000000000e+00,0.000000000000000000e+00,0.000000000000000000e+00,0.000000000000000000e+00,0.000000000000000000e+00,0.000000000000000000e+00,0.000000000000000000e+00,0.000000000000000000e+00,0.000000000000000000e+00
1.206724419817752775e-02,1.260576921695060783e-02,1.314429423572368791e-02,1.368281925449676625e-02,1.422134427326984807e-02,1.475986929204292815e-02,1.529839431081600649e-02,1.583691932958908657e-02,1.637544434836216492e-02,1.691396936713524674e-02,1.745249438590832508e-02,1.799101940468140690e-02,1.748397164582791638e-02,1.697692388697442933e-02,1.646987612812093535e-02,1.596282836926744830e-02,1.545578061041396126e-02,1.494873285156047248e-02,1.444168509270698370e-02,1.393463733385349318e-02,1.342758957500000613e-02,1.292054181614651562e-02,1.241349405729302510e-02,1.193523328763224610e-02,1.145697251797146883e-02,1.097871174831068983e-02,1.050045097864990562e-02,1.002219020898912488e-02,9.543929439328344144e-03,9.065668669667563406e-03,8.587407900006782668e-03,8.109147130346003665e-03,7.630886360685221192e-03,7.152625591024441322e-03,6.764796106847992263e-03,6.376966622671544072e-03,5.989137138495095880e-03,5.601307654318646821e-03,5.213478170142197762e-03,4.825648685965749571e-03,4.437819201789299645e-03,4.049989717612852320e-03,3.662160233436404129e-03,3.274330749259955070e-03,2.886501265083507312e-03,2.613257668535552344e-03,2.340014071987596943e-03,2.066770475439641541e-03,1.793526878891688091e-03,1.520283282343732906e-03,1.247039685795777722e-03,9.737960892478222117e-04,7.005524926998669185e-04,4.273088961519114627e-04,1.540652996039564406e-04,-1.191782969439989610e-04,-2.212797842009494914e-04,-3.233812714579000218e-04,-4.254827587148505793e-04,-5.275842459718010826e-04,-6.296857332287516401e-04,-7.317872204857021976e-04,-8.338887077426526467e-04,-9.359901949996032042e-04,-1.038091682256553870e-03,-1.140193169513504211e-03,-1.242294656770451516e-03,-1.135246698393903384e-03,-1.028198740017355036e-03,-9.211507816408065789e-04,-8.141028232642584473e-04,-7.070548648877100989e-04,-6.000069065111616421e-04,-4.929589481346132937e-04,-3.859109897580649995e-04,-2.788630313815166511e-04,-1.718150730049682214e-04,-6.476711462842129599e-05,-5.887919511674662902e-05,-5.299127560507195528e-05,-4.710335609339728831e-05,-4.121543658172262134e-05,-3.532751707004794082e-05,-2.943959755837327047e-05,-2.355167804669860011e-05,-1.766375853502393314e-05,-1.177583902334925940e-05,-5.887919511674586500e-06,0.000000000000000000e+00,0.000000000000000000e+00,0.000000000000000000e+00,0.000000000000000000e+00,0.000000000000000000e+00,0.000000000000000000e+00,0.000000000000000000e+00,0.000000000000000000e+00,0.000000000000000000e+00,0.000000000000000000e+00,0.000000000000000000e+00,0.000000000000000000e+00
1.206724419817752775e-02,1.260257128576090270e-02,1.313789837334427418e-02,1.367322546092764740e-02,1.420855254851102062e-02,1.474387963609439557e-02,1.527920672367776879e-02,1.581453381126114027e-02,1.634986089884451349e-02,1.688518798642789018e-02,1.742051507401126340e-02,1.795584216159463314e-02,1.745717325591927480e-02,1.695850435024391298e-02,1.645983544456854769e-02,1.596116653889318934e-02,1.546249763321782579e-02,1.496382872754246224e-02,1.446515982186710216e-02,1.396649091619173860e-02,1.346782201051637679e-02,1.296915310484101323e-02,1.247048419916565315e-02,1.199397495763366087e-02,1.151746571610167379e-02,1.104095647456968324e-02,1.056444723303769442e-02,1.008793799150570387e-02,9.611428749973715061e-03,9.134919508441724512e-03,8.658410266909733963e-03,8.181901025377745149e-03,7.705391783845753732e-03,7.228882542313764918e-03,6.841704272827094785e-03,6.454526003340422917e-03,6.067347733853751916e-03,5.680169464367082650e-03,5.292991194880409915e-03,4.905812925393739782e-03,4.518634655907068781e-03,4.131456386420397781e-03,3.744278116933727214e-03,3.357099847447056213e-03,2.969921577960386080e-03,2.695568712476357175e-03,2.421215846992328703e-03,2.146862981508299364e-03,1.872510116024272628e-03,1.598157250540243723e-03,1.323804385056214818e-03,1.049451519572185913e-03,7.750986540881571159e-04,5.007457886041281024e-04,2.263929231200994413e-04,-4.795994236392953157e-05,-1.547490446605475365e-04,-2.615381469571655278e-04,-3.683272492537835734e-04,-4.751163515504015647e-04,-5.819054538470196103e-04,-6.886945561436376559e-04,-7.954836584402557014e-04,-9.022727607368736386e-04,-1.009061863033491576e-03,-1.115850965330109730e-03,-1.222640067626724848e-03,-1.123266809593099092e-03,-1.023893551559473120e-03,-9.245202935258473639e-04,-8.251470354922216081e-04,-7.257737774585956356e-04,-6.264005194249699883e-04,-5.270272613913441241e-04,-4.276540033577183684e-04,-3.282807453240925042e-04,-2.289074872904666672e-04,-1.295342292568421312e-04,-1.177583902334928515e-04,-1.059825512101435446e-04,-9.420671218679423781e-05,-8.243087316344494453e-05,-7.065503414009563770e-05,-5.887919511674633087e-05,-4.710335609339703081e-05,-3.532751707004773753e-05,-2.355167804669843409e-05,-1.177583902334913065e-05,0.000000000000000000e+00,0.000000000000000000e+00,0.000000000000000000e+00,0.000000000000000000e+00,0.000000000000000000e+00,0.000000000000000000e+00,0.000000000000000000e+00,0.000000000000000000e+00,0.000000000000000000e+00,0.000000000000000000e+00,0.000000000000000000e+00,0.000000000000000000e+00
1.206724419817752775e-02,1.259937335457119410e-02,1.313150251096486219e-02,1.366363166735853028e-02,1.419576082375219664e-02,1.472788998014586473e-02,1.526001913653952935e-02,1.579214829293319744e-02,1.632427744932686553e-02,1.685640660572053362e-02,1.738853576211420171e-02,1.792066491850786286e-02,1.743037486601063321e-02,1.694008481351339662e-02,1.644979476101616003e-02,1.595950470851892691e-02,1.546921465602169032e-02,1.497892460352445547e-02,1.448863455102722061e-02,1.399834449852998403e-02,1.350805444603274917e-02,1.301776439353551258e-02,1.252747434103827773e-02,1.205271662763508084e-02,1.157795891423188221e-02,1.110320120082868359e-02,1.062844348742548323e-02,1.015368577402228460e-02,9.678928060619085977e-03,9.204170347215885617e-03,8.729412633812688727e-03,8.254654920409488367e-03,7.779897207006288007e-03,7.305139493603090249e-03,6.918612438806197307e-03,6.532085384009302630e-03,6.145558329212410555e-03,5.759031274415518480e-03,5.372504219618623802e-03,4.985977164821729993e-03,4.599450110024837918e-03,4.212923055227944108e-03,3.826396000431052033e-03,3.439868945634158223e-03,3.053341890837266582e-03,2.777879756417163740e-03,2.502417621997061331e-03,2.226955487576958489e-03,1.951493353156858032e-03,1.676031218736755406e-03,1.400569084316653215e-03,1.125106949896550372e-03,8.496448154764478554e-04,5.741826810563453384e-04,2.987205466362430383e-04,2.325841221614038576e-05,-8.821830512014512075e-05,-1.996950224564306544e-04,-3.111717397927162422e-04,-4.226484571290017216e-04,-5.341251744652873636e-04,-6.456018918015727888e-04,-7.570786091378583224e-04,-8.685553264741437476e-04,-9.800320438104294981e-04,-1.091508761146715032e-03,-1.202985478482997530e-03,-1.111286920792294583e-03,-1.019588363101591203e-03,-9.278898054108879320e-04,-8.361912477201848774e-04,-7.444926900294816059e-04,-6.527941323387783344e-04,-5.610955746480751714e-04,-4.693970169573720083e-04,-3.776984592666688453e-04,-2.859999015759655738e-04,-1.943013438852634136e-04,-1.766375853502394940e-04,-1.589738268152155202e-04,-1.413100682801915193e-04,-1.236463097451675726e-04,-1.059825512101435988e-04,-8.831879267511961150e-05,-7.065503414009563770e-05,-5.299127560507168423e-05,-3.532751707004769688e-05,-1.766375853502371969e-05,0.000000000000000000e+00,0.000000000000000000e+00,0.000000000000000000e+00,0.000000000000000000e+00,0.000000000000000000e+00,0.000000000000000000e+00,0.000000000000000000e+00,0.000000000000000000e+00,0.000000000000000000e+00,0.000000000000000000e+00,0.000000000000000000e+00,0.000000000000000000e+00
1.206724419817752775e-02,1.259617542338148724e-02,1.312510664858545020e-02,1.365403787378940970e-02,1.418296909899336919e-02,1.471190032419733215e-02,1.524083154940129164e-02,1.576976277460525461e-02,1.629869399980921410e-02,1.682762522501317706e-02,1.735655645021713656e-02,1.788548767542109258e-02,1.740357647610198816e-02,1.692166527678288027e-02,1.643975407746377237e-02,1.595784287814466448e-02,1.547593167882555486e-02,1.499402047950644697e-02,1.451210928018733734e-02,1.403019808086822945e-02,1.354828688154912156e-02,1.306637568223001367e-02,1.258446448291090577e-02,1.211145829763649560e-02,1.163845211236208890e-02,1.116544592708768220e-02,1.069243974181327203e-02,1.021943355653886359e-02,9.746427371264455158e-03,9.273421185990044988e-03,8.800415000715638286e-03,8.327408815441229850e-03,7.854402630166821414e-03,7.381396444892412978e-03,6.995520604785298094e-03,6.609644764678182342e-03,6.223768924571067458e-03,5.837893084463952574e-03,5.452017244356836823e-03,5.066141404249721071e-03,4.680265564142605320e-03,4.294389724035490435e-03,3.908513883928375551e-03,3.522638043821259800e-03,3.136762203714144916e-03,2.860190800357969437e-03,2.583619397001792658e-03,2.307047993645616746e-03,2.030476590289443002e-03,1.753905186933266223e-03,1.477333783577090527e-03,1.200762380220914399e-03,9.241909768647380528e-04,6.476195735085620324e-04,3.710481701523859577e-04,9.447676679620980165e-05,-2.168756557974322002e-05,-1.378518979556962146e-04,-2.540162303316492905e-04,-3.701805627076022579e-04,-4.863448950835552796e-04,-6.025092274595082471e-04,-7.186735598354612687e-04,-8.348378922114142904e-04,-9.510022245873673121e-04,-1.067166556963320551e-03,-1.183330889339270428e-03,-1.099307031991490075e-03,-1.015283174643709287e-03,-9.312593172959285001e-04,-8.472354599481479297e-04,-7.632116026003672509e-04,-6.791877452525865722e-04,-5.951638879048060018e-04,-5.111400305570254314e-04,-4.271161732092447526e-04,-3.430923158614640738e-04,-2.590684585136842624e-04,-2.355167804669857029e-04,-2.119651024202870893e-04,-1.884134243735884756e-04,-1.648617463268898891e-04,-1.413100682801912754e-04,-1.177583902334926617e-04,-9.420671218679406162e-05,-7.065503414009547507e-05,-4.710335609339686818e-05,-2.355167804669826130e-05,0.000000000000000000e+00,0.000000000000000000e+00,0.000000000000000000e+00,0.000000000000000000e+00,0.000000000000000000e+00,0.000000000000000000e+00,0.000000000000000000e+00,0.000000000000000000e+00,0.000000000000000000e+00,0.000000000000000000e+00,0.000000000000000000e+00,0.000000000000000000e+00
1.206724419817752775e-02,1.259297749219178385e-02,1.311871078620603648e-02,1.364444408022029084e-02,1.417017737423454521e-02,1.469591066824879957e-02,1.522164396226305567e-02,1.574737725627730831e-02,1.627311055029156267e-02,1.679884384430582051e-02,1.732457713832007487e-02,1.785031043233432230e-02,1.737677808619334657e-02,1.690324574005236391e-02,1.642971339391138125e-02,1.595618104777039858e-02,1.548264870162942113e-02,1.500911635548843673e-02,1.453558400934745580e-02,1.406205166320647487e-02,1.358851931706549394e-02,1.311498697092451128e-02,1.264145462478353035e-02,1.217019996763791211e-02,1.169894531049229733e-02,1.122769065334667908e-02,1.075643599620106257e-02,1.028518133905544432e-02,9.813926681909824340e-03,9.342672024764207828e-03,8.871417367618589581e-03,8.400162710472973068e-03,7.928908053327354821e-03,7.457653396181737442e-03,7.072428770764400616e-03,6.687204145347062922e-03,6.301979519929724362e-03,5.916754894512387536e-03,5.531530269095048975e-03,5.146305643677711282e-03,4.761081018260374456e-03,4.375856392843036763e-03,3.990631767425699070e-03,3.605407142008362244e-03,3.220182516591024550e-03,2.942501844298776002e-03,2.664821172006525719e-03,2.387140499714275870e-03,2.109459827422027756e-03,1.831779155129777906e-03,1.554098482837528491e-03,1.276417810545278642e-03,9.987371382530287924e-04,7.210564659607789431e-04,4.433757936685295276e-04,1.656951213762797054e-04,4.484317396065914827e-05,-7.600877345496138179e-05,-1.968607208705819864e-04,-3.177126682862024148e-04,-4.385646157018230329e-04,-5.594165631174435969e-04,-6.802685105330638898e-04,-8.011204579486845079e-04,-9.219724053643051261e-04,-1.042824352779925853e-03,-1.163676300195543110e-03,-1.087327143190685349e-03,-1.010977986185827154e-03,-9.346288291809691767e-04,-8.582796721761111990e-04,-7.819305151712532213e-04,-7.055813581663951351e-04,-6.292322011615370490e-04,-5.528830441566790713e-04,-4.765338871518209852e-04,-4.001847301469628991e-04,-3.238355731421055177e-04,-2.943959755837322642e-04,-2.649563780253590107e-04,-2.355167804669857300e-04,-2.060771829086124765e-04,-1.766375853502391959e-04,-1.471979877918659153e-04,-1.177583902334926482e-04,-8.831879267511940821e-05,-5.887919511674612758e-05,-2.943959755837285034e-05,0.000000000000000000e+00,0.000000000000000000e+00,0.000000000000000000e+00,0.000000000000000000e+00,0.000000000000000000e+00,0.000000000000000000e+00,0.000000000000000000e+00,0.000000000000000000e+00,0.000000000000000000e+00,0.000000000000000000e+00,0.000000000000000000e+00,0.000000000000000000e+00
1.206724419817752775e-02,1.258977956100207699e-02,1.311231492382662449e-02,1.363485028665117199e-02,1.415738564947571949e-02,1.467992101230026873e-02,1.520245637512481797e-02,1.572499173794936200e-02,1.624752710077391124e-02,1.677006246359846048e-02,1.729259782642300972e-02,1.781513318924755548e-02,1.734997969628470152e-02,1.688482620332185102e-02,1.641967271035899359e-02,1.595451921739613962e-02,1.548936572443328566e-02,1.502421223147043169e-02,1.455905873850757426e-02,1.409390524554472029e-02,1.362875175258186460e-02,1.316359825961900890e-02,1.269844476665615493e-02,1.222894163763932687e-02,1.175943850862250402e-02,1.128993537960567770e-02,1.082043225058884790e-02,1.035092912157202331e-02,9.881425992555195256e-03,9.411922863538368933e-03,8.942419734521542610e-03,8.472916605504714552e-03,8.003413476487888228e-03,7.533910347471061038e-03,7.149336936743502270e-03,6.764763526015942635e-03,6.380190115288382133e-03,5.995616704560822498e-03,5.611043293833261995e-03,5.226469883105702360e-03,4.841896472378142725e-03,4.457323061650582223e-03,4.072749650923022588e-03,3.688176240195462953e-03,3.303602829467904185e-03,3.024812888239580399e-03,2.746022947011257480e-03,2.467233005782934127e-03,2.188443064554612509e-03,1.909653123326289156e-03,1.630863182097966237e-03,1.352073240869642451e-03,1.073283299641319098e-03,7.944933584129957455e-04,5.157034171846726096e-04,2.369134759563491213e-04,1.113739135010611100e-04,-1.416564895422690136e-05,-1.397052114095149533e-04,-2.652447738648028969e-04,-3.907843363200909489e-04,-5.163238987753790551e-04,-6.418634612306669445e-04,-7.674030236859549423e-04,-8.929425861412430485e-04,-1.018482148596531155e-03,-1.144021711051816225e-03,-1.075347254389880840e-03,-1.006672797727945455e-03,-9.379983410660097448e-04,-8.693238844040743598e-04,-8.006494277421388663e-04,-7.319749710802033729e-04,-6.633005144182678794e-04,-5.946260577563324944e-04,-5.259516010943968926e-04,-4.572771444324613991e-04,-3.886026877705263936e-04,-3.532751707004785544e-04,-3.179476536304306068e-04,-2.826201365603827134e-04,-2.472926194903348200e-04,-2.119651024202869266e-04,-1.766375853502390062e-04,-1.413100682801910857e-04,-1.059825512101432194e-04,-7.065503414009531244e-05,-3.532751707004739194e-05,0.000000000000000000e+00,0.000000000000000000e+00,0.000000000000000000e+00,0.000000000000000000e+00,0.000000000000000000e+00,0.000000000000000000e+00,0.000000000000000000e+00,0.000000000000000000e+00,0.000000000000000000e+00,0.000000000000000000e+00,0.000000000000000000e+00,0.000000000000000000e+00
1.206724419817752775e-02,1.258658162981236839e-02,1.310591906144721250e-02,1.362525649308205314e-02,1.414459392471689378e-02,1.466393135635173789e-02,1.518326878798657853e-02,1.570260621962141917e-02,1.622194365125625981e-02,1.674128108289110739e-02,1.726061851452594803e-02,1.777995594616078520e-02,1.732318130637605993e-02,1.686640666659133467e-02,1.640963202680660593e-02,1.595285738702187719e-02,1.549608274723715019e-02,1.503930810745241972e-02,1.458253346766769445e-02,1.412575882788296572e-02,1.366898418809823698e-02,1.321220954831350824e-02,1.275543490852878124e-02,1.228768330764074511e-02,1.181993170675271071e-02,1.135218010586467631e-02,1.088442850497663844e-02,1.041667690408860231e-02,9.948925303200566173e-03,9.481173702312530038e-03,9.013422101424493904e-03,8.545670500536457770e-03,8.077918899648421636e-03,7.610167298760386369e-03,7.226245102722604792e-03,6.842322906684822348e-03,6.458400710647039036e-03,6.074478514609257460e-03,5.690556318571475015e-03,5.306634122533694306e-03,4.922711926495910995e-03,4.538789730458129418e-03,4.154867534420347841e-03,3.770945338382565397e-03,3.387023142344784254e-03,3.107123932180386964e-03,2.827224722015990108e-03,2.547325511851592384e-03,2.267426301687197696e-03,1.987527091522800840e-03,1.707627881358403984e-03,1.427728671194007128e-03,1.147829461029609838e-03,8.679302508652127646e-04,5.880310407008161253e-04,3.081318305364189980e-04,1.779046530414634850e-04,4.767747554650795855e-05,-8.254970194844759505e-05,-2.127768794434031080e-04,-3.430040569383586480e-04,-4.732312344333141881e-04,-6.034584119282696739e-04,-7.336855894232252682e-04,-8.639127669181806456e-04,-9.941399444131362399e-04,-1.124367121908089124e-03,-1.063367365589076114e-03,-1.002367609270063322e-03,-9.413678529510504213e-04,-8.803680966320376290e-04,-8.193683403130247282e-04,-7.583685839940119359e-04,-6.973688276749989267e-04,-6.363690713559861344e-04,-5.753693150369731252e-04,-5.143695587179603328e-04,-4.533698023989476489e-04,-4.121543658172251157e-04,-3.709389292355025282e-04,-3.297234926537799407e-04,-2.885080560720574075e-04,-2.472926194903348200e-04,-2.060771829086122597e-04,-1.648617463268896993e-04,-1.236463097451671390e-04,-8.243087316344456506e-05,-4.121543658172198437e-05,0.000000000000000000e+00,0.000000000000000000e+00,0.000000000000000000e+00,0.000000000000000000e+00,0.000000000000000000e+00,0.000000000000000000e+00,0.000000000000000000e+00,0.000000000000000000e+00,0.000000000000000000e+00,0.000000000000000000e+00,0.000000000000000000e+00,0.000000000000000000e+00
1.206724419817752775e-02,1.258338369862266153e-02,1.309952319906779704e-02,1.361566269951293429e-02,1.413180219995806980e-02,1.464794170040320705e-02,1.516408120084834082e-02,1.568022070129347634e-02,1.619636020173861185e-02,1.671249970218374736e-02,1.722863920262888635e-02,1.774477870307401839e-02,1.729638291646741488e-02,1.684798712986081831e-02,1.639959134325421480e-02,1.595119555664761476e-02,1.550279977004101473e-02,1.505440398343441122e-02,1.460600819682781118e-02,1.415761241022121114e-02,1.370921662361460937e-02,1.326082083700800759e-02,1.281242505040140582e-02,1.234642497764216335e-02,1.188042490488291913e-02,1.141442483212367492e-02,1.094842475936442551e-02,1.048242468660518130e-02,1.001642461384593535e-02,9.550424541086691144e-03,9.084424468327446933e-03,8.618424395568200988e-03,8.152424322808955043e-03,7.686424250049709965e-03,7.303153268701704712e-03,6.919882287353701193e-03,6.536611306005695940e-03,6.153340324657693289e-03,5.770069343309688036e-03,5.386798361961684517e-03,5.003527380613680131e-03,4.620256399265675745e-03,4.236985417917671359e-03,3.853714436569666540e-03,3.470443455221663021e-03,3.189434976121192662e-03,2.908426497020721868e-03,2.627418017920251075e-03,2.346409538819782450e-03,2.065401059719311656e-03,1.784392580618841730e-03,1.503384101518370720e-03,1.222375622417900144e-03,9.413671433174295670e-04,6.603586642169592073e-04,3.793501851164884681e-04,2.444353925818654400e-04,1.095206000472424119e-04,-2.539419248738061623e-05,-1.603089850220035901e-04,-2.952237775566266724e-04,-4.301385700912497005e-04,-5.650533626258726202e-04,-6.999681551604955941e-04,-8.348829476951186764e-04,-9.697977402297417587e-04,-1.104712532764362022e-03,-1.051387476788271822e-03,-9.980624208121814060e-04,-9.447373648360909894e-04,-8.914123088600007898e-04,-8.380872528839104817e-04,-7.847621969078200652e-04,-7.314371409317297571e-04,-6.781120849556395574e-04,-6.247870289795491409e-04,-5.714619730034588329e-04,-5.181369170273685248e-04,-4.710335609339714059e-04,-4.239302048405741786e-04,-3.768268487471769512e-04,-3.297234926537797781e-04,-2.826201365603825508e-04,-2.355167804669853235e-04,-1.884134243735881232e-04,-1.413100682801909501e-04,-9.420671218679373636e-05,-4.710335609339652259e-05,0.000000000000000000e+00,0.000000000000000000e+00,0.000000000000000000e+00,0.000000000000000000e+00,0.000000000000000000e+00,0.000000000000000000e+00,0.000000000000000000e+00,0.000000000000000000e+00,0.000000000000000000e+00,0.000000000000000000e+00,0.000000000000000000e+00,0.000000000000000000e+00
1.206724419817752775e-02,1.258018576743295813e-02,1.309312733668838678e-02,1.360606890594381543e-02,1.411901047519924582e-02,1.463195204445467447e-02,1.514489361371010312e-02,1.565783518296553350e-02,1.617077675222096042e-02,1.668371832147639428e-02,1.719665989073182119e-02,1.770960145998724811e-02,1.726958452655877677e-02,1.682956759313030196e-02,1.638955065970182715e-02,1.594953372627335234e-02,1.550951679284487753e-02,1.506949985941640272e-02,1.462948292598792964e-02,1.418946599255945656e-02,1.374944905913098002e-02,1.330943212570250694e-02,1.286941519227403387e-02,1.240516664764357985e-02,1.194091810301312756e-02,1.147666955838267180e-02,1.101242101375221605e-02,1.054817246912176203e-02,1.008392392449130801e-02,9.619675379860852249e-03,9.155426835230398228e-03,8.691178290599942471e-03,8.226929745969488450e-03,7.762681201339033561e-03,7.380061434680808101e-03,6.997441668022580039e-03,6.614821901364353711e-03,6.232202134706129118e-03,5.849582368047901056e-03,5.466962601389674728e-03,5.084342834731448400e-03,4.701723068073222073e-03,4.319103301414994878e-03,3.936483534756768550e-03,3.553863768098542656e-03,3.271746020061998359e-03,2.989628272025454062e-03,2.707510523988909765e-03,2.425392775952367637e-03,2.143275027915823774e-03,1.861157279879279477e-03,1.579039531842735180e-03,1.296921783806190883e-03,1.014804035769646586e-03,7.326862877331027230e-04,4.505685396965583176e-04,3.109661321222678557e-04,1.713637245479772311e-04,3.176131697368666075e-05,-1.078410906006036928e-04,-2.474434981748944258e-04,-3.870459057491848877e-04,-5.266483133234753497e-04,-6.662507208977659200e-04,-8.058531284720564904e-04,-9.454555360463470608e-04,-1.085057943620634704e-03,-1.039407587987467314e-03,-9.937572323542994898e-04,-9.481068767211316660e-04,-9.024565210879640590e-04,-8.568061654547964520e-04,-8.111558098216285198e-04,-7.655054541884608044e-04,-7.198550985552930890e-04,-6.742047429221253736e-04,-6.285543872889575497e-04,-5.829040316557898343e-04,-5.299127560507180213e-04,-4.769214804456460999e-04,-4.239302048405742328e-04,-3.709389292355023656e-04,-3.179476536304304984e-04,-2.649563780253586312e-04,-2.119651024202867369e-04,-1.589738268152148968e-04,-1.059825512101430025e-04,-5.299127560507110824e-05,0.000000000000000000e+00,0.000000000000000000e+00,0.000000000000000000e+00,0.000000000000000000e+00,0.000000000000000000e+00,0.000000000000000000e+00,0.000000000000000000e+00,0.000000000000000000e+00,0.000000000000000000e+00,0.000000000000000000e+00,0.000000000000000000e+00,0.000000000000000000e+00
1.206724419817752775e-02,1.257698783624324954e-02,1.308673147430897132e-02,1.359647511237469658e-02,1.410621875044041837e-02,1.461596238850614363e-02,1.512570602657186541e-02,1.563544966463758720e-02,1.614519330270330899e-02,1.665493694076903425e-02,1.716468057883475604e-02,1.767442421690048129e-02,1.724278613665013171e-02,1.681114805639978560e-02,1.637950997614943602e-02,1.594787189589908991e-02,1.551623381564874206e-02,1.508459573539839421e-02,1.465295765514804983e-02,1.422131957489770199e-02,1.378968149464735414e-02,1.335804341439700629e-02,1.292640533414665671e-02,1.246390831764499461e-02,1.200141130114333252e-02,1.153891428464166868e-02,1.107641726814000485e-02,1.061392025163834275e-02,1.015142323513667719e-02,9.688926218635013354e-03,9.226429202133349522e-03,8.763932185631685690e-03,8.301435169130021857e-03,7.838938152628358025e-03,7.456969600659909755e-03,7.075001048691461486e-03,6.693032496723011482e-03,6.311063944754563212e-03,5.929095392786113208e-03,5.547126840817664939e-03,5.165158288849216670e-03,4.783189736880768400e-03,4.401221184912319263e-03,4.019252632943870127e-03,3.637284080975422291e-03,3.354057064002804057e-03,3.070830047030186256e-03,2.787603030057568456e-03,2.504376013084952390e-03,2.221148996112334590e-03,1.937921979139717006e-03,1.654694962167098989e-03,1.371467945194481189e-03,1.088240928221863388e-03,8.050139112492458050e-04,5.217868942766278962e-04,3.774968716626698377e-04,2.332068490487117251e-04,8.891682643475372089e-05,-5.537319617920433753e-05,-1.996632187931622875e-04,-3.439532414071204002e-04,-4.882432640210782417e-04,-6.325332866350363544e-04,-7.768233092489944128e-04,-9.211133318629523628e-04,-1.065403354476907819e-03,-1.027427699186662805e-03,-9.894520438964175737e-04,-9.514763886061722341e-04,-9.135007333159273282e-04,-8.755250780256819887e-04,-8.375494227354368659e-04,-7.995737674451917432e-04,-7.615981121549465120e-04,-7.236224568647013893e-04,-6.856468015744561582e-04,-6.476711462842107102e-04,-5.887919511674642031e-04,-5.299127560507176961e-04,-4.710335609339711348e-04,-4.121543658172247362e-04,-3.532751707004782291e-04,-2.943959755837317221e-04,-2.355167804669851879e-04,-1.766375853502387080e-04,-1.177583902334921874e-04,-5.887919511674566002e-05,0.000000000000000000e+00,0.000000000000000000e+00,0.000000000000000000e+00,0.000000000000000000e+00,0.000000000000000000e+00,0.000000000000000000e+00,0.000000000000000000e+00,0.000000000000000000e+00,0.000000000000000000e+00,0.000000000000000000e+00,0.000000000000000000e+00,0.000000000000000000e+00
1.206724419817752775e-02,1.257378990505354441e-02,1.308033561192955933e-02,1.358688131880557773e-02,1.409342702568159439e-02,1.459997273255761105e-02,1.510651843943362771e-02,1.561306414630964437e-02,1.611960985318566103e-02,1.662615556006167769e-02,1.713270126693769435e-02,1.763924697381371101e-02,1.721598774674149013e-02,1.679272851966926924e-02,1.636946929259704836e-02,1.594621006552482748e-02,1.552295083845260833e-02,1.509969161138038918e-02,1.467643238430816656e-02,1.425317315723594741e-02,1.382991393016372653e-02,1.340665470309150564e-02,1.298339547601928476e-02,1.252264998764641285e-02,1.206190449927354094e-02,1.160115901090066556e-02,1.114041352252779365e-02,1.067966803415492175e-02,1.021892254578204810e-02,9.758177057409174460e-03,9.297431569036300816e-03,8.836686080663427173e-03,8.375940592290555264e-03,7.915195103917681621e-03,7.533877766639011410e-03,7.152560429360340331e-03,6.771243092081669253e-03,6.389925754802999042e-03,6.008608417524326228e-03,5.627291080245656885e-03,5.245973742966984939e-03,4.864656405688313860e-03,4.483339068409642782e-03,4.102021731130971703e-03,3.720704393852301492e-03,3.436368107943610622e-03,3.152031822034918884e-03,2.867695536126227147e-03,2.583359250217537578e-03,2.299022964308846274e-03,2.014686678400154970e-03,1.730350392491463449e-03,1.446014106582771928e-03,1.161677820674080408e-03,8.773415347653893206e-04,5.930052488566976915e-04,4.440276112030721450e-04,2.950499735494465986e-04,1.460723358958209979e-04,-2.905301757804440183e-06,-1.518829394114299867e-04,-3.008605770650556416e-04,-4.498382147186810254e-04,-5.988158523723065719e-04,-7.477934900259322268e-04,-8.967711276795576648e-04,-1.045748765333180718e-03,-1.015447810385858296e-03,-9.851468554385356576e-04,-9.548459004912130191e-04,-9.245449455438905974e-04,-8.942439905965678506e-04,-8.639430356492453205e-04,-8.336420807019226820e-04,-8.033411257546002604e-04,-7.730401708072776219e-04,-7.427392158599549835e-04,-7.124382609126319113e-04,-6.476711462842108186e-04,-5.829040316557896175e-04,-5.181369170273684164e-04,-4.533698023989473237e-04,-3.886026877705261225e-04,-3.238355731421049214e-04,-2.590684585136837203e-04,-1.943013438852626276e-04,-1.295342292568414265e-04,-6.476711462842023889e-05,0.000000000000000000e+00,0.000000000000000000e+00,0.000000000000000000e+00,0.000000000000000000e+00,0.000000000000000000e+00,0.000000000000000000e+00,0.000000000000000000e+00,0.000000000000000000e+00,0.000000000000000000e+00,0.000000000000000000e+00,0.000000000000000000e+00,0.000000000000000000e+00
1.206724419817752775e-02,1.256326724662697354e-02,1.305929029507641760e-02,1.355531334352586340e-02,1.405133639197531092e-02,1.454735944042475845e-02,1.504338248887420251e-02,1.553940553732365004e-02,1.603542858577309410e-02,1.653145163422254163e-02,1.702747468267198916e-02,1.752349773112143322e-02,1.712572852243863381e-02,1.672795931375583439e-02,1.633019010507303498e-02,1.593242089639022863e-02,1.553465168770742921e-02,1.513688247902462806e-02,1.473911327034182692e-02,1.434134406165902750e-02,1.394357485297622636e-02,1.354580564429342521e-02,1.314803643561062232e-02,1.269305282248309533e-02,1.223806920935556833e-02,1.178308559622803613e-02,1.132810198310050913e-02,1.087311836997297866e-02,1.041813475684544993e-02,9.963151143717921196e-03,9.508167530590390729e-03,9.053183917462861996e-03,8.598200304335329794e-03,8.143216691207802796e-03,7.765425887901242392e-03,7.387635084594684591e-03,7.009844281288125055e-03,6.632053477981564651e-03,6.254262674675005115e-03,5.876471871368446447e-03,5.498681068061887778e-03,5.120890264755328242e-03,4.743099461448768706e-03,4.365308658142209169e-03,3.987517854835649633e-03,3.703138417315312431e-03,3.418758979794974361e-03,3.134379542274635423e-03,2.850000104754299088e-03,2.565620667233960584e-03,2.281241229713622514e-03,1.996861792193283577e-03,1.712482354672945290e-03,1.428102917152606569e-03,1.143723479632268499e-03,8.593440421119299955e-04,7.041230883343425201e-04,5.489021345567552616e-04,3.936811807791677862e-04,2.384602270015806361e-04,8.323927322399307942e-05,-7.198168055359428752e-05,-2.272026343311814105e-04,-3.824235881087687775e-04,-5.376445418863561986e-04,-6.928654956639436740e-04,-8.480864494415285473e-04,-8.323941256795737084e-04,-8.167018019176186527e-04,-8.010094781556639223e-04,-7.853171543937090835e-04,-7.696248306317541362e-04,-7.539325068697991889e-04,-7.382401831078442417e-04,-7.225478593458894028e-04,-7.068555355839344556e-04,-6.911632118219796167e-04,-6.754708880600241274e-04,-6.206273934525649138e-04,-5.657838988451059170e-04,-5.109404042376468119e-04,-4.560969096301878151e-04,-4.012534150227286558e-04,-3.464099204152695506e-04,-2.915664258078104454e-04,-2.367229312003514487e-04,-1.818794365928923164e-04,-1.270359419854332384e-04,-7.219244737797490569e-05,-7.271119887155163446e-05,-7.322995036512832258e-05,-7.374870185870503780e-05,-7.426745335228173946e-05,-7.478620484585844113e-05,-7.530495633943514280e-05,-7.582370783301185801e-05,-7.634245932658854613e-05,-7.686121082016526135e-05,-7.737996231374194946e-05,-7.789871380731866468e-05
1.206724419817752601e-02,1.255274458820040441e-02,1.303824497822327587e-02,1.352374536824615253e-02,1.400924575826902746e-02,1.449474614829190239e-02,1.498024653831477905e-02,1.546574692833765398e-02,1.595124731836052717e-02,1.643674770838340557e-02,1.692224809840628050e-02,1.740774848842915196e-02,1.703546929813577401e-02,1.666319010784239260e-02,1.629091091754901119e-02,1.591863172725562978e-02,1.554635253696225183e-02,1.517407334666886869e-02,1.480179415637548727e-02,1.442951496608210586e-02,1.405723577578872792e-02,1.368495658549534651e-02,1.331267739520196509e-02,1.286345565731978127e-02,1.241423391943759745e-02,1.196501218155541016e-02,1.151579044367322460e-02,1.106656870579103905e-02,1.061734696790885349e-02,1.016812523002666620e-02,9.718903492144480641e-03,9.269681754262295084e-03,8.820460016380109528e-03,8.371238278497923971e-03,7.996974009163479447e-03,7.622709739829029718e-03,7.248445470494581724e-03,6.874181201160135465e-03,6.499916931825685737e-03,6.125652662491238611e-03,5.751388393156790617e-03,5.377124123822342623e-03,5.002859854487896364e-03,4.628595585153448370e-03,4.254331315819000377e-03,3.969908726687016408e-03,3.685486137555030271e-03,3.401063548423045434e-03,3.116640959291061899e-03,2.832218370159076629e-03,2.547795781027090926e-03,2.263373191895105656e-03,1.978950602763120386e-03,1.694528013631134899e-03,1.410105424499149846e-03,1.125682835367164143e-03,9.642185654656147383e-04,8.027542955640657677e-04,6.412900256625163635e-04,4.798257557609672845e-04,3.183614858594179886e-04,1.568972159578687470e-04,-4.567053943680304861e-06,-1.660313238452296278e-04,-3.274955937467788694e-04,-4.889598636483282737e-04,-6.504241335498750758e-04,-6.493404409732879282e-04,-6.482567483967006721e-04,-6.471730558201137413e-04,-6.460893632435264853e-04,-6.450056706669394461e-04,-6.439219780903522984e-04,-6.428382855137651508e-04,-6.417545929371780032e-04,-6.406709003605909640e-04,-6.395872077840037079e-04,-6.385035152074160182e-04,-5.935836406209191174e-04,-5.486637660344221082e-04,-5.037438914479252074e-04,-4.588240168614282524e-04,-4.139041422749313516e-04,-3.689842676884343966e-04,-3.240643931019374416e-04,-2.791445185154404866e-04,-2.342246439289435858e-04,-1.893047693424466309e-04,-1.443848947559503264e-04,-1.454223977431037839e-04,-1.464599007302571873e-04,-1.474974037174105635e-04,-1.485349067045639939e-04,-1.495724096917173973e-04,-1.506099126788708006e-04,-1.516474156660242310e-04,-1.526849186531776344e-04,-1.537224216403310106e-04,-1.547599246274844681e-04,-1.557974276146378715e-04
1.206724419817752775e-02,1.254222192977383007e-02,1.301719966137013587e-02,1.349217739296644167e-02,1.396715512456274573e-02,1.444213285615904979e-02,1.491711058775535559e-02,1.539208831935165792e-02,1.586706605094796371e-02,1.634204378254426604e-02,1.681702151414057184e-02,1.729199924573687069e-02,1.694521007383291422e-02,1.659842090192895428e-02,1.625163173002499434e-02,1.590484255812103440e-02,1.555805338621707445e-02,1.521126421431311104e-02,1.486447504240915110e-02,1.451768587050518942e-02,1.417089669860122948e-02,1.382410752669726781e-02,1.347731835479330786e-02,1.303385849215646548e-02,1.259039862951962657e-02,1.214693876688278072e-02,1.170347890424594181e-02,1.126001904160909943e-02,1.081655917897225705e-02,1.037309931633541293e-02,9.929639453698572288e-03,9.486179591061731642e-03,9.042719728424887526e-03,8.599259865788046880e-03,8.228522130425712164e-03,7.857784395063375713e-03,7.487046659701039261e-03,7.116308924338704545e-03,6.745571188976367226e-03,6.374833453614031642e-03,6.004095718251695191e-03,5.633357982889359607e-03,5.262620247527024023e-03,4.891882512164687571e-03,4.521144776802351987e-03,4.236679036058719518e-03,3.952213295315087915e-03,3.667747554571455012e-03,3.383281813827824277e-03,3.098816073084192241e-03,2.814350332340560205e-03,2.529884591596927735e-03,2.245418850853295265e-03,1.960953110109662795e-03,1.676487369366030759e-03,1.392021628622398290e-03,1.224314042596887173e-03,1.056606456571376057e-03,8.888988705458650491e-04,7.211912845203539328e-04,5.534836984948427081e-04,3.857761124693315918e-04,2.180685264438206924e-04,5.036094041830949477e-05,-1.173466456072015944e-04,-2.850542316327127649e-04,-4.527618176582216044e-04,-4.662867562670023106e-04,-4.798116948757829626e-04,-4.933366334845635604e-04,-5.068615720933442124e-04,-5.203865107021248644e-04,-5.339114493109054079e-04,-5.474363879196861684e-04,-5.609613265284667119e-04,-5.744862651372473639e-04,-5.880112037460280159e-04,-6.015361423548079090e-04,-5.665398877892732126e-04,-5.315436332237382993e-04,-4.965473786582034945e-04,-4.615511240926687981e-04,-4.265548695271339933e-04,-3.915586149615991884e-04,-3.565623603960643836e-04,-3.215661058305296330e-04,-2.865698512649948282e-04,-2.515735966994600233e-04,-2.165773421339257335e-04,-2.181335966146558927e-04,-2.196898510953859706e-04,-2.212461055761161298e-04,-2.228023600568462348e-04,-2.243586145375763669e-04,-2.259148690183064990e-04,-2.274711234990366040e-04,-2.290273779797667090e-04,-2.305836324604968140e-04,-2.321398869412269461e-04,-2.336961414219570511e-04
1.206724419817752775e-02,1.253169927134726094e-02,1.299615434451699414e-02,1.346060941768672907e-02,1.392506449085646400e-02,1.438951956402619720e-02,1.485397463719593039e-02,1.531842971036566359e-02,1.578288478353539678e-02,1.624733985670512998e-02,1.671179492987486664e-02,1.717625000304459637e-02,1.685495084953005790e-02,1.653365169601551596e-02,1.621235254250097749e-02,1.589105338898643555e-02,1.556975423547189361e-02,1.524845508195735340e-02,1.492715592844281319e-02,1.460585677492827125e-02,1.428455762141372931e-02,1.396325846789918911e-02,1.364195931438464890e-02,1.320426132699315143e-02,1.276656333960165396e-02,1.232886535221015128e-02,1.189116736481865728e-02,1.145346937742715808e-02,1.101577139003565887e-02,1.057807340264416140e-02,1.014037541525266220e-02,9.702677427861162995e-03,9.264979440469665525e-03,8.827281453078168055e-03,8.460070251687944881e-03,8.092859050297719972e-03,7.725647848907495063e-03,7.358436647517271022e-03,6.991225446127046113e-03,6.624014244736822071e-03,6.256803043346597162e-03,5.889591841956373121e-03,5.522380640566149079e-03,5.155169439175925038e-03,4.787958237785701864e-03,4.503449345430422628e-03,4.218940453075142524e-03,3.934431560719863288e-03,3.649922668364586221e-03,3.365413776009306118e-03,3.080904883654028183e-03,2.796395991298748079e-03,2.511887098943468843e-03,2.227378206588189174e-03,1.942869314232910155e-03,1.658360421877630702e-03,1.484409519728157548e-03,1.310458617578685045e-03,1.136507715429211675e-03,9.625568132797391718e-04,7.886059111302660182e-04,6.146550089807930814e-04,4.407041068313203073e-04,2.667532046818472621e-04,9.280230253237427111e-05,-8.114859961709866565e-05,-2.550995017665695424e-04,-2.832330715607177772e-04,-3.113666413548660662e-04,-3.395002111490144636e-04,-3.676337809431627526e-04,-3.957673507373110416e-04,-4.239009205314592764e-04,-4.520344903256076196e-04,-4.801680601197559628e-04,-5.083016299139043060e-04,-5.364351997080525408e-04,-5.645687695022000166e-04,-5.394961349576274162e-04,-5.144235004130547073e-04,-4.893508658684819984e-04,-4.642782313239092896e-04,-4.392055967793365807e-04,-4.141329622347638176e-04,-3.890603276901911088e-04,-3.639876931456184541e-04,-3.389150586010457452e-04,-3.138424240564730364e-04,-2.887697895119006528e-04,-2.908447954862075678e-04,-2.929198014605143745e-04,-2.949948074348211270e-04,-2.970698134091279878e-04,-2.991448193834347945e-04,-3.012198253577416012e-04,-3.032948313320484621e-04,-3.053698373063552687e-04,-3.074448432806620212e-04,-3.095198492549689363e-04,-3.115948552292757429e-04
1.206724419817752775e-02,1.252117661292068834e-02,1.297510902766385241e-02,1.342904144240701647e-02,1.388297385715018054e-02,1.433690627189334287e-02,1.479083868663650693e-02,1.524477110137966926e-02,1.569870351612283332e-02,1.615263593086599392e-02,1.660656834560915798e-02,1.706050076035231858e-02,1.676469162522719811e-02,1.646888249010208111e-02,1.617307335497695717e-02,1.587726421985183670e-02,1.558145508472671623e-02,1.528564594960159402e-02,1.498983681447647355e-02,1.469402767935135135e-02,1.439821854422623087e-02,1.410240940910110867e-02,1.380660027397598646e-02,1.337466416182983217e-02,1.294272804968368135e-02,1.251079193753752705e-02,1.207885582539137276e-02,1.164691971324521673e-02,1.121498360109906070e-02,1.078304748895290641e-02,1.035111137680675211e-02,9.919175264660597818e-03,9.487239152514441790e-03,9.055303040368289230e-03,8.691618372950175864e-03,8.327933705532064232e-03,7.964249038113950865e-03,7.600564370695839234e-03,7.236879703277725000e-03,6.873195035859612501e-03,6.509510368441500001e-03,6.145825701023386635e-03,5.782141033605275870e-03,5.418456366187162504e-03,5.054771698769050005e-03,4.770219654802124003e-03,4.485667610835198001e-03,4.201115566868271999e-03,3.916563522901346864e-03,3.632011478934420428e-03,3.347459434967494860e-03,3.062907391000568424e-03,2.778355347033641988e-03,2.493803303066715552e-03,2.209251259099789550e-03,1.924699215132863114e-03,1.744504996859428357e-03,1.564310778585993600e-03,1.384116560312558843e-03,1.203922342039123869e-03,1.023728123765689111e-03,8.435339054922545710e-04,6.633396872188198137e-04,4.831454689453849481e-04,3.029512506719502451e-04,1.227570323985154878e-04,-5.743718587491739236e-05,-1.001793868544333929e-04,-1.429215878339492511e-04,-1.856637888134652855e-04,-2.284059897929812928e-04,-2.711481907724972188e-04,-3.138903917520132533e-04,-3.566325927315292877e-04,-3.993747937110451595e-04,-4.421169946905611397e-04,-4.848591956700771199e-04,-5.276013966495921243e-04,-5.124523821259817282e-04,-4.973033676023710069e-04,-4.821543530787603398e-04,-4.670053385551497811e-04,-4.518563240315391139e-04,-4.367073095079285010e-04,-4.215582949843178881e-04,-4.064092804607072210e-04,-3.912602659370966081e-04,-3.761112514134859952e-04,-3.609622368898755991e-04,-3.635559943577592159e-04,-3.661497518256427242e-04,-3.687435092935261783e-04,-3.713372667614097409e-04,-3.739310242292932492e-04,-3.765247816971768117e-04,-3.791185391650603743e-04,-3.817122966329437742e-04,-3.843060541008272825e-04,-3.868998115687108993e-04,-3.894935690365944076e-04
1.206724419817752775e-02,1.251065395449411921e-02,1.295406371081071241e-02,1.339747346712730387e-02,1.384088322344389707e-02,1.428429297976048853e-02,1.472770273607708000e-02,1.517111249239367146e-02,1.561452224871026639e-02,1.605793200502685786e-02,1.650134176134344932e-02,1.694475151766004078e-02,1.667443240092434179e-02,1.640411328418864279e-02,1.613379416745294032e-02,1.586347505071723785e-02,1.559315593398153711e-02,1.532283681724583638e-02,1.505251770051013391e-02,1.478219858377443491e-02,1.451187946703873244e-02,1.424156035030302997e-02,1.397124123356732923e-02,1.354506699666651812e-02,1.311889275976570700e-02,1.269271852286489762e-02,1.226654428596408650e-02,1.184037004906327711e-02,1.141419581216246426e-02,1.098802157526165488e-02,1.056184733836084202e-02,1.013567310146003264e-02,9.709498864559219788e-03,9.283324627658410405e-03,8.923166494212408581e-03,8.563008360766408492e-03,8.202850227320406667e-03,7.842692093874408313e-03,7.482533960428405621e-03,7.122375826982404665e-03,6.762217693536403708e-03,6.402059560090402751e-03,6.041901426644402662e-03,5.681743293198400838e-03,5.321585159752400748e-03,5.036989964173827980e-03,4.752394768595254344e-03,4.467799573016681576e-03,4.183204377438109675e-03,3.898609181859536907e-03,3.614013986280963271e-03,3.329418790702390069e-03,3.044823595123816867e-03,2.760228399545243665e-03,2.475633203966670463e-03,2.191038008388097261e-03,2.004600473990700467e-03,1.818162939593303672e-03,1.631725405195907311e-03,1.445287870798510517e-03,1.258850336401114156e-03,1.072412802003717362e-03,8.859752676063207839e-04,6.995377332089240978e-04,5.131001988115274116e-04,3.266626644141307255e-04,1.402251300167359097e-04,8.287429785185229246e-05,2.552346568696850246e-05,-3.182736647791527398e-05,-8.917819864279901993e-05,-1.465290308076826913e-04,-2.038798629725664441e-04,-2.612306951374501968e-04,-3.185815273023338682e-04,-3.759323594672176480e-04,-4.332831916321013195e-04,-4.906340237969841235e-04,-4.854086292943357692e-04,-4.801832347916873064e-04,-4.749578402890387353e-04,-4.697324457863903267e-04,-4.645070512837417556e-04,-4.592816567810932928e-04,-4.540562622784447759e-04,-4.488308677757963132e-04,-4.436054732731477962e-04,-4.383800787704993335e-04,-4.331546842678509249e-04,-4.362671932293112433e-04,-4.393797021907715076e-04,-4.424922111522317176e-04,-4.456047201136919818e-04,-4.487172290751521918e-04,-4.518297380366124018e-04,-4.549422469980726118e-04,-4.580547559595328218e-04,-4.611672649209930860e-04,-4.642797738824533502e-04,-4.673922828439135602e-04
1.206724419817752775e-02,1.250013129606755008e-02,1.293301839395756894e-02,1.336590549184759127e-02,1.379879258973761361e-02,1.423167968762763594e-02,1.466456678551765480e-02,1.509745388340767713e-02,1.553034098129769947e-02,1.596322807918772180e-02,1.639611517707774413e-02,1.682900227496775952e-02,1.658417317662148546e-02,1.633934407827520099e-02,1.609451497992892000e-02,1.584968588158263900e-02,1.560485678323635800e-02,1.536002768489007700e-02,1.511519858654379600e-02,1.487036948819751500e-02,1.462554038985123400e-02,1.438071129150495127e-02,1.413588219315866853e-02,1.371546983150320233e-02,1.329505746984773785e-02,1.287464510819226818e-02,1.245423274653680371e-02,1.203382038488133576e-02,1.161340802322586956e-02,1.119299566157039988e-02,1.077258329991493367e-02,1.035217093825946573e-02,9.931758576603999522e-03,9.511346214948531580e-03,9.154714615474644768e-03,8.798083016000754486e-03,8.441451416526864204e-03,8.084819817052975657e-03,7.728188217579086243e-03,7.371556618105196829e-03,7.014925018631307414e-03,6.658293419157418000e-03,6.301661819683529453e-03,5.945030220209639171e-03,5.588398620735751492e-03,5.303760273545531090e-03,5.019121926355310688e-03,4.734483579165090286e-03,4.449845231974871619e-03,4.165206884784651217e-03,3.880568537594431683e-03,3.595930190404211281e-03,3.311291843213990879e-03,3.026653496023770911e-03,2.742015148833550943e-03,2.457376801643330541e-03,2.264695951121971709e-03,2.072015100600613311e-03,1.879334250079254696e-03,1.686653399557896515e-03,1.493972549036537900e-03,1.301291698515179718e-03,1.108610847993821103e-03,9.159299974724627053e-04,7.232491469511040903e-04,5.305682964297454753e-04,3.378874459083887035e-04,2.659279825581373408e-04,1.939685192078858156e-04,1.220090558576344259e-04,5.004959250738299549e-05,-2.190987084286846200e-05,-9.386933419311994660e-05,-1.658287975433714041e-04,-2.377882608936227938e-04,-3.097477242438742649e-04,-3.817071875941257901e-04,-4.536666509443761769e-04,-4.583648764626898644e-04,-4.630631019810034976e-04,-4.677613274993170766e-04,-4.724595530176307640e-04,-4.771577785359443972e-04,-4.818560040542580305e-04,-4.865542295725716637e-04,-4.912524550908852969e-04,-4.959506806091989843e-04,-5.006489061275125633e-04,-5.053471316458260339e-04,-5.089783921008631624e-04,-5.126096525559000741e-04,-5.162409130109369857e-04,-5.198721734659740058e-04,-5.235034339210109175e-04,-5.271346943760478292e-04,-5.307659548310847408e-04,-5.343972152861216525e-04,-5.380284757411586726e-04,-5.416597361961954758e-04,-5.452909966512324959e-04
1.206724419817752775e-02,1.248960863764097921e-02,1.291197307710443068e-02,1.333433751656787694e-02,1.375670195603133014e-02,1.417906639549478161e-02,1.460143083495823307e-02,1.502379527442168280e-02,1.544615971388513254e-02,1.586852415334858574e-02,1.629088859281203894e-02,1.671325303227548173e-02,1.649391395231862567e-02,1.627457487236176614e-02,1.605523579240489968e-02,1.583589671244804015e-02,1.561655763249117888e-02,1.539721855253431762e-02,1.517787947257745809e-02,1.495854039262059683e-02,1.473920131266373557e-02,1.451986223270687257e-02,1.430052315275000957e-02,1.388587266633988827e-02,1.347122217992976524e-02,1.305657169351964221e-02,1.264192120710951744e-02,1.222727072069939441e-02,1.181262023428926965e-02,1.139796974787914835e-02,1.098331926146902358e-02,1.056866877505889882e-02,1.015401828864877579e-02,9.739367802238652755e-03,9.386262736736875750e-03,9.033157671235098746e-03,8.680052605733321741e-03,8.326947540231544737e-03,7.973842474729765997e-03,7.620737409227988125e-03,7.267632343726210253e-03,6.914527278224433249e-03,6.561422212722656244e-03,6.208317147220877505e-03,5.855212081719101368e-03,5.570530582917233332e-03,5.285849084115367032e-03,5.001167585313499864e-03,4.716486086511634430e-03,4.431804587709766395e-03,4.147123088907900094e-03,3.862441590106032059e-03,3.577760091304165325e-03,3.293078592502298157e-03,3.008397093700431423e-03,2.723715594898563821e-03,2.524791428253242952e-03,2.325867261607923384e-03,2.126943094962602948e-03,1.928018928317282513e-03,1.729094761671962077e-03,1.530170595026641642e-03,1.331246428381321640e-03,1.132322261736001204e-03,9.333980950906807690e-04,7.344739284453603335e-04,5.355497618000415244e-04,4.489816672644225248e-04,3.624135727288033083e-04,2.758454781931840918e-04,1.892773836575650380e-04,1.027092891219456996e-04,1.614119458632661864e-05,-7.042689994929253005e-05,-1.569949944849116923e-04,-2.435630890205309088e-04,-3.301311835561500981e-04,-4.166992780917682304e-04,-4.313211236310440138e-04,-4.459429691703197971e-04,-4.605648147095954721e-04,-4.751866602488712555e-04,-4.898085057881470389e-04,-5.044303513274228223e-04,-5.190521968666984972e-04,-5.336740424059741722e-04,-5.482958879452499556e-04,-5.629177334845258474e-04,-5.775395790238013055e-04,-5.816895909724151357e-04,-5.858396029210287490e-04,-5.899896148696422539e-04,-5.941396268182559757e-04,-5.982896387668695890e-04,-6.024396507154832024e-04,-6.065896626640969241e-04,-6.107396746127105374e-04,-6.148896865613240423e-04,-6.190396985099378725e-04,-6.231897104585514859e-04
1.206724419817752775e-02,1.247908597921440835e-02,1.289092776025128895e-02,1.330276954128816781e-02,1.371461132232504841e-02,1.412645310336192728e-02,1.453829488439880788e-02,1.495013666543568848e-02,1.536197844647256908e-02,1.577382022750944968e-02,1.618566200854632681e-02,1.659750378958321088e-02,1.640365472801576935e-02,1.620980566644832435e-02,1.601595660488088629e-02,1.582210754331344130e-02,1.562825848174600324e-02,1.543440942017855824e-02,1.524056035861111671e-02,1.504671129704367692e-02,1.485286223547623366e-02,1.465901317390879387e-02,1.446516411234135234e-02,1.405627550117657248e-02,1.364738689001179436e-02,1.323849827884701451e-02,1.282960966768223465e-02,1.242072105651745133e-02,1.201183244535267494e-02,1.160294383418789335e-02,1.119405522302311523e-02,1.078516661185833364e-02,1.037627800069355205e-02,9.967389389528773930e-03,9.617810857999108468e-03,9.268232326469443005e-03,8.918653794939777543e-03,8.569075263410112081e-03,8.219496731880444884e-03,7.869918200350779422e-03,7.520339668821113960e-03,7.170761137291448498e-03,6.821182605761783035e-03,6.471604074232115839e-03,6.122025542702451244e-03,5.837300892288936442e-03,5.552576241875421641e-03,5.267851591461907707e-03,4.983126941048396374e-03,4.698402290634881573e-03,4.413677640221368506e-03,4.128952989807853705e-03,3.844228339394339337e-03,3.559503688980825836e-03,3.274779038567311468e-03,2.990054388153797101e-03,2.784886905384515061e-03,2.579719422615232589e-03,2.374551939845950550e-03,2.169384457076668944e-03,1.964216974307386038e-03,1.759049491538103999e-03,1.553882008768821960e-03,1.348714525999539704e-03,1.143547043230257448e-03,9.383795604609753002e-04,7.332120776916944537e-04,6.320353519707077629e-04,5.308586262497207468e-04,4.296819005287338391e-04,3.285051748077469315e-04,2.273284490867600780e-04,1.261517233657731432e-04,2.497499764478620845e-05,-7.620172807620060435e-05,-1.773784537971875527e-04,-2.785551795181744603e-04,-3.797319052391602296e-04,-4.042773707993982174e-04,-4.288228363596360425e-04,-4.533683019198738676e-04,-4.779137674801118012e-04,-5.024592330403496263e-04,-5.270046986005875057e-04,-5.515501641608253850e-04,-5.760956297210632644e-04,-6.006410952813011437e-04,-6.251865608415389146e-04,-6.497320264017764687e-04,-6.544007898439670005e-04,-6.590695532861573155e-04,-6.637383167283476305e-04,-6.684070801705380540e-04,-6.730758436127283690e-04,-6.777446070549187924e-04,-6.824133704971091074e-04,-6.870821339392993140e-04,-6.917508973814897374e-04,-6.964196608236801608e-04,-7.010884242658703674e-04
1.206724419817752775e-02,1.246856332078783575e-02,1.286988244339814721e-02,1.327120156600845521e-02,1.367252068861876668e-02,1.407383981122907468e-02,1.447515893383938268e-02,1.487647805644969415e-02,1.527779717906000215e-02,1.567911630167031362e-02,1.608043542428062161e-02,1.648175454689093308e-02,1.631339550371290956e-02,1.614503646053488950e-02,1.597667741735686597e-02,1.580831837417884245e-02,1.563995933100082239e-02,1.547160028782280233e-02,1.530324124464477881e-02,1.513488220146675875e-02,1.496652315828873522e-02,1.479816411511071517e-02,1.462980507193269164e-02,1.422667833601325843e-02,1.382355160009382175e-02,1.342042486417438334e-02,1.301729812825494839e-02,1.261417139233551518e-02,1.221104465641607503e-02,1.180791792049664182e-02,1.140479118457720341e-02,1.100166444865776846e-02,1.059853771273833178e-02,1.019541097681889684e-02,9.849358979261342920e-03,9.503306981703787265e-03,9.157254984146233345e-03,8.811202986588681160e-03,8.465150989031125506e-03,8.119098991473571586e-03,7.773046993916017666e-03,7.426994996358462879e-03,7.080942998800908092e-03,6.734891001243354172e-03,6.388839003685801120e-03,6.104071201660639552e-03,5.819303399635478852e-03,5.534535597610317284e-03,5.249767795585157451e-03,4.964999993559996751e-03,4.680232191534836050e-03,4.395464389509674483e-03,4.110696587484513782e-03,3.825928785459352648e-03,3.541160983434191514e-03,3.256393181409030380e-03,3.044982382515785870e-03,2.833571583622542661e-03,2.622160784729297717e-03,2.410749985836053641e-03,2.199339186942809998e-03,1.987928388049565922e-03,1.776517589156322062e-03,1.565106790263077986e-03,1.353695991369834126e-03,1.142285192476589833e-03,9.308743935833470578e-04,8.150890366769924589e-04,6.993036797706380769e-04,5.835183228642832612e-04,4.677329659579287707e-04,3.519476090515741718e-04,2.361622521452195187e-04,1.203768952388649198e-04,4.591538332510348075e-06,-1.111938185738442779e-04,-2.269791754801989310e-04,-3.427645323865522830e-04,-3.772336179677523126e-04,-4.117027035489522879e-04,-4.461717891301522632e-04,-4.806408747113522385e-04,-5.151099602925522138e-04,-5.495790458737521891e-04,-5.840481314549521644e-04,-6.185172170361521397e-04,-6.529863026173521150e-04,-6.874553881985520903e-04,-7.219244737797516319e-04,-7.271119887155187570e-04,-7.322995036512858821e-04,-7.374870185870527903e-04,-7.426745335228199154e-04,-7.478620484585869321e-04,-7.530495633943540571e-04,-7.582370783301210738e-04,-7.634245932658881989e-04,-7.686121082016552156e-04,-7.737996231374222322e-04,-7.789871380731892489e-04
1.206724419817752775e-02,1.245804066236126662e-02,1.284883712654500375e-02,1.323963359072874435e-02,1.363043005491248148e-02,1.402122651909622209e-02,1.441202298327995748e-02,1.480281944746369635e-02,1.519361591164743522e-02,1.558441237583117582e-02,1.597520884001491295e-02,1.636600530419865182e-02,1.622313627941004976e-02,1.608026725462145118e-02,1.593739822983284565e-02,1.579452920504424707e-02,1.565166018025564154e-02,1.550879115546704295e-02,1.536592213067844090e-02,1.522305310588983884e-02,1.508018408110123679e-02,1.493731505631263473e-02,1.479444603152403268e-02,1.439708117084994091e-02,1.399971631017584914e-02,1.360235144950175737e-02,1.320498658882766387e-02,1.280762172815357383e-02,1.241025686747947859e-02,1.201289200680538682e-02,1.161552714613129506e-02,1.121816228545720155e-02,1.082079742478310978e-02,1.042343256410901628e-02,1.008090710052357564e-02,9.738381636938131525e-03,9.395856173352690882e-03,9.053330709767248505e-03,8.710805246181804393e-03,8.368279782596362015e-03,8.025754319010919638e-03,7.683228855425477261e-03,7.340703391840034883e-03,6.998177928254592506e-03,6.655652464669150996e-03,6.370841511032343529e-03,6.086030557395535195e-03,5.801219603758726862e-03,5.516408650121920262e-03,5.231597696485111929e-03,4.946786742848304462e-03,4.661975789211496128e-03,4.377164835574687794e-03,4.092353881937879460e-03,3.807542928301071994e-03,3.522731974664263660e-03,3.305077859647057546e-03,3.087423744629851866e-03,2.869769629612645753e-03,2.652115514595440073e-03,2.434461399578233959e-03,2.216807284561028279e-03,1.999153169543822599e-03,1.781499054526616485e-03,1.563844939509410588e-03,1.346190824492204691e-03,1.128536709474999879e-03,9.981427213832775886e-04,8.677487332915554069e-04,7.373547451998330084e-04,6.069607571081107183e-04,4.765667690163883741e-04,3.461727809246660298e-04,2.157787928329436584e-04,8.538480474122142247e-05,-4.500918335050092182e-05,-1.754031714422232932e-04,-3.057971595339443365e-04,-3.501898651361064620e-04,-3.945825707382685874e-04,-4.389752763404306587e-04,-4.833679819425927842e-04,-5.277606875447548012e-04,-5.721533931469169809e-04,-6.165460987490790521e-04,-6.609388043512411234e-04,-7.053315099534031947e-04,-7.497242155555653743e-04,-7.941169211577267951e-04,-7.998231875870707303e-04,-8.055294540164144486e-04,-8.112357204457580585e-04,-8.169419868751019937e-04,-8.226482533044457120e-04,-8.283545197337895388e-04,-8.340607861631332571e-04,-8.397670525924769754e-04,-8.454733190218206938e-04,-8.511795854511644121e-04,-8.568858518805082388e-04
1.206724419817752775e-02,1.243619852527204535e-02,1.280515285236656642e-02,1.317410717946108575e-02,1.354306150655560509e-02,1.391201583365012269e-02,1.428097016074464203e-02,1.464992448783916310e-02,1.501887881493368243e-02,1.538783314202820177e-02,1.575678746912271763e-02,1.612574179621724044e-02,1.602785480353535741e-02,1.592996781085347438e-02,1.583208081817159135e-02,1.573419382548970832e-02,1.563630683280782530e-02,1.553841984012594227e-02,1.544053284744405924e-02,1.534264585476217795e-02,1.524475886208029318e-02,1.514687186939841189e-02,1.504898487671652713e-02,1.466140221598984279e-02,1.427381955526315499e-02,1.388623689453646545e-02,1.349865423380977765e-02,1.311107157308309158e-02,1.272348891235640031e-02,1.233590625162971424e-02,1.194832359090302470e-02,1.156074093017633690e-02,1.117315826944964910e-02,1.078557560872296130e-02,1.045171030632304800e-02,1.011784500392313296e-02,9.783979701523217928e-03,9.450114399123302894e-03,9.116249096723387860e-03,8.782383794323472825e-03,8.448518491923559526e-03,8.114653189523642757e-03,7.780787887123729457e-03,7.446922584723813555e-03,7.113057282323900256e-03,6.834481406211101971e-03,6.555905530098303687e-03,6.277329653985503667e-03,5.998753777872706250e-03,5.720177901759907965e-03,5.441602025647109681e-03,5.163026149534310529e-03,4.884450273421512244e-03,4.605874397308713092e-03,4.327298521195914807e-03,4.048722645083115655e-03,3.833545773006410452e-03,3.618368900929705683e-03,3.403192028853000480e-03,3.188015156776296578e-03,2.972838284699591375e-03,2.757661412622886606e-03,2.542484540546181837e-03,2.327307668469477068e-03,2.112130796392772299e-03,1.896953924316067313e-03,1.681777052239363411e-03,1.548189987418419978e-03,1.414602922597476328e-03,1.281015857776532461e-03,1.147428792955589028e-03,1.013841728134645161e-03,8.802546633137014022e-04,7.466675984927576438e-04,6.130805336718141022e-04,4.794934688508703437e-04,3.459064040299266937e-04,2.123193392089841008e-04,1.593312579974267770e-04,1.063431767858693990e-04,5.335509557431195331e-05,3.670143627546159845e-07,-5.262106684880278910e-05,-1.056091480603602213e-04,-1.585972292719175451e-04,-2.115853104834748959e-04,-2.645733916950323552e-04,-3.175614729065897061e-04,-3.705495541181465149e-04,-3.854755392681456327e-04,-4.004015244181447506e-04,-4.153275095681438142e-04,-4.302534947181429863e-04,-4.451794798681421041e-04,-4.601054650181412220e-04,-4.750314501681401772e-04,-4.899574353181392408e-04,-5.048834204681384129e-04,-5.198094056181373681e-04,-5.347353907681364317e-04
1.206724419817752775e-02,1.241435638818282755e-02,1.276146857818812735e-02,1.310858076819342542e-02,1.345569295819872870e-02,1.380280514820402676e-02,1.414991733820932657e-02,1.449702952821462637e-02,1.484414171821992617e-02,1.519125390822522598e-02,1.553836609823052925e-02,1.588547828823582558e-02,1.583257332766066505e-02,1.577966836708550105e-02,1.572676340651033358e-02,1.567385844593517305e-02,1.562095348536000905e-02,1.556804852478484505e-02,1.551514356420968105e-02,1.546223860363451705e-02,1.540933364305935478e-02,1.535642868248418905e-02,1.530352372190902505e-02,1.492572326112974121e-02,1.454792280035046084e-02,1.417012233957117701e-02,1.379232187879189143e-02,1.341452141801261107e-02,1.303672095723332550e-02,1.265892049645403993e-02,1.228112003567475956e-02,1.190331957489547572e-02,1.152551911411619015e-02,1.114771865333690805e-02,1.082251351212252209e-02,1.049730837090813440e-02,1.017210322969374671e-02,9.846898088479360753e-03,9.521692947264973061e-03,9.196487806050585370e-03,8.871282664836197679e-03,8.546077523621811722e-03,8.220872382407424031e-03,7.895667241193038074e-03,7.570462099978651251e-03,7.298121301389862148e-03,7.025780502801073045e-03,6.753439704212283075e-03,6.481098905623495707e-03,6.208758107034705737e-03,5.936417308445916634e-03,5.664076509857126664e-03,5.391735711268337561e-03,5.119394912679548458e-03,4.847054114090759355e-03,4.574713315501969385e-03,4.362013686365765960e-03,4.149314057229561668e-03,3.936614428093358244e-03,3.723914798957154819e-03,3.511215169820950093e-03,3.298515540684747102e-03,3.085815911548543244e-03,2.873116282412339385e-03,2.660416653276135961e-03,2.447717024139931669e-03,2.235017395003729111e-03,2.098237253453564318e-03,1.961457111903398658e-03,1.824676970353233865e-03,1.687896828803069071e-03,1.551116687252903628e-03,1.414336545702738618e-03,1.277556404152573391e-03,1.140776262602408598e-03,1.003996121052243371e-03,8.672159795020783612e-04,7.304358379519142186e-04,6.688523811309616965e-04,6.072689243100089576e-04,5.456854674890562187e-04,4.841020106681034798e-04,4.225185538471507951e-04,3.609350970261981104e-04,2.993516402052453715e-04,2.377681833842927410e-04,1.761847265633400021e-04,1.146012697423872632e-04,5.301781292143512058e-05,2.887210905078064387e-05,4.726405180126180719e-06,-1.941929869052824178e-05,-4.356500256118267782e-05,-6.771070643183724940e-05,-9.185641030249171255e-05,-1.160021141731462299e-04,-1.401478180438003136e-04,-1.642935219144547225e-04,-1.884392257851091857e-04,-2.125849296557636488e-04
1.206724419817752775e-02,1.239251425109360802e-02,1.271778430400968656e-02,1.304305435692576856e-02,1.336832440984184883e-02,1.369359446275793084e-02,1.401886451567401111e-02,1.434413456859008965e-02,1.466940462150617165e-02,1.499467467442225366e-02,1.531994472733833393e-02,1.564521478025441073e-02,1.563729185178596923e-02,1.562936892331752078e-02,1.562144599484907928e-02,1.561352306638063431e-02,1.560560013791218933e-02,1.559767720944374436e-02,1.558975428097529939e-02,1.558183135250685442e-02,1.557390842403841118e-02,1.556598549556996620e-02,1.555806256710151950e-02,1.519004430626964136e-02,1.482202604543776496e-02,1.445400778460588509e-02,1.408598952377400695e-02,1.371797126294212535e-02,1.334995300211024721e-02,1.298193474127836734e-02,1.261391648044648921e-02,1.224589821961461107e-02,1.187787995878272947e-02,1.150986169795085133e-02,1.119331671792199272e-02,1.087677173789313410e-02,1.056022675786427376e-02,1.024368177783541514e-02,9.927136797806556529e-03,9.610591817777697915e-03,9.294046837748837567e-03,8.977501857719977219e-03,8.660956877691118605e-03,8.344411897662259991e-03,8.027866917633401378e-03,7.761761196568619722e-03,7.495655475503840669e-03,7.229549754439060748e-03,6.963444033374281694e-03,6.697338312309501773e-03,6.431232591244721852e-03,6.165126870179941931e-03,5.899021149115161143e-03,5.632915428050382090e-03,5.366809706985602169e-03,5.100703985920820513e-03,4.890481599725117999e-03,4.680259213529416353e-03,4.470036827333712971e-03,4.259814441138010457e-03,4.049592054942307076e-03,3.839369668746605430e-03,3.629147282550902482e-03,3.418924896355199534e-03,3.208702510159497021e-03,2.998480123963794507e-03,2.788257737768091993e-03,2.648284519488706273e-03,2.508311301209319687e-03,2.368338082929933100e-03,2.228364864650546947e-03,2.088391646371160794e-03,1.948418428091773990e-03,1.808445209812387404e-03,1.668471991533001467e-03,1.528498773253614664e-03,1.388525554974228294e-03,1.248552336694842791e-03,1.178373504264494881e-03,1.108194671834146754e-03,1.038015839403798844e-03,9.678370069734509341e-04,8.976581745431028072e-04,8.274793421127548971e-04,7.573005096824067701e-04,6.871216772520589685e-04,6.169428448217108415e-04,5.467640123913629314e-04,4.765851799610154550e-04,4.432197573697057007e-04,4.098543347783958381e-04,3.764889121870860838e-04,3.431234895957762212e-04,3.097580670044664669e-04,2.763926444131566585e-04,2.430272218218467687e-04,2.096617992305375294e-04,1.762963766392276125e-04,1.429309540479179125e-04,1.095655314566080498e-04
1.206724419817752775e-02,1.237067211400438675e-02,1.267410002983124923e-02,1.297752794565810996e-02,1.328095586148497070e-02,1.358438377731183318e-02,1.388781169313869565e-02,1.419123960896555466e-02,1.449466752479241713e-02,1.479809544061927787e-02,1.510152335644613861e-02,1.540495127227300108e-02,1.544201037591127167e-02,1.547906947954955093e-02,1.551612858318782324e-02,1.555318768682609903e-02,1.559024679046437309e-02,1.562730589410264714e-02,1.566436499774092120e-02,1.570142410137919525e-02,1.573848320501746931e-02,1.577554230865574336e-02,1.581260141229401395e-02,1.545436535140953978e-02,1.509612929052507081e-02,1.473789322964059317e-02,1.437965716875611900e-02,1.402142110787164483e-02,1.366318504698717066e-02,1.330494898610269476e-02,1.294671292521822059e-02,1.258847686433374469e-02,1.223024080344927052e-02,1.187200474256479635e-02,1.156411992372146508e-02,1.125623510487813207e-02,1.094835028603480254e-02,1.064046546719146953e-02,1.033258064834813826e-02,1.002469582950480699e-02,9.716811010661473985e-03,9.408926191818142715e-03,9.101041372974813179e-03,8.793156554131481908e-03,8.485271735288148903e-03,8.225401091747379032e-03,7.965530448206609160e-03,7.705659804665837553e-03,7.445789161125068549e-03,7.185918517584297810e-03,6.926047874043527938e-03,6.666177230502756332e-03,6.406306586961984725e-03,6.146435943421213986e-03,5.886565299880443247e-03,5.626694656339673375e-03,5.418949513084471772e-03,5.211204369829269302e-03,5.003459226574068566e-03,4.795714083318866963e-03,4.587968940063665360e-03,4.380223796808463757e-03,4.172478653553262154e-03,3.964733510298060551e-03,3.756988367042858948e-03,3.549243223787656911e-03,3.341498080532456175e-03,3.198331785523848229e-03,3.055165490515241149e-03,2.911999195506633203e-03,2.768832900498024822e-03,2.625666605489417309e-03,2.482500310480809796e-03,2.339334015472201850e-03,2.196167720463593903e-03,2.053001425454986390e-03,1.909835130446378443e-03,1.766668835437771147e-03,1.687894627398028174e-03,1.609120419358284985e-03,1.530346211318541795e-03,1.451572003278798172e-03,1.372797795239054982e-03,1.294023587199311792e-03,1.215249379159568386e-03,1.136475171119825196e-03,1.057700963080081789e-03,9.789267550403385997e-04,9.001525470005959520e-04,8.575674056886306356e-04,8.149822643766656445e-04,7.723971230647005450e-04,7.298119817527354454e-04,6.872268404407701290e-04,6.446416991288050295e-04,6.020565578168398215e-04,5.594714165048752640e-04,5.168862751929101645e-04,4.743011338809450649e-04,4.317159925689799654e-04
1.206724419817752775e-02,1.234882997691517069e-02,1.263041575565281190e-02,1.291200153439045657e-02,1.319358731312809604e-02,1.347517309186573725e-02,1.375675887060338019e-02,1.403834464934102140e-02,1.431993042807866434e-02,1.460151620681630555e-02,1.488310198555394676e-02,1.516468776429158970e-02,1.524672890003658104e-02,1.532877003578157586e-02,1.541081117152656547e-02,1.549285230727156376e-02,1.557489344301655337e-02,1.565693457876154993e-02,1.573897571450653954e-02,1.582101685025153609e-02,1.590305798599652570e-02,1.598509912174151879e-02,1.606714025748651534e-02,1.571868639654944166e-02,1.537023253561237493e-02,1.502177867467530126e-02,1.467332481373823279e-02,1.432487095280116259e-02,1.397641709186409238e-02,1.362796323092702218e-02,1.327950936998995024e-02,1.293105550905288177e-02,1.258260164811580983e-02,1.223414778717874137e-02,1.193492312952093744e-02,1.163569847186313351e-02,1.133647381420533132e-02,1.103724915654752566e-02,1.073802449888972173e-02,1.043879984123191954e-02,1.013957518357411387e-02,9.840350525916311680e-03,9.541125868258507753e-03,9.241901210600703825e-03,8.942676552942901633e-03,8.689040986926138341e-03,8.435405420909376784e-03,8.181769854892615226e-03,7.928134288875855404e-03,7.674498722859093847e-03,7.420863156842333157e-03,7.167227590825571600e-03,6.913592024808809175e-03,6.659956458792047618e-03,6.406320892775286928e-03,6.152685326758525371e-03,5.947417426443823811e-03,5.742149526129123986e-03,5.536881625814423294e-03,5.331613725499721734e-03,5.126345825185022777e-03,4.921077924870322085e-03,4.715810024555620525e-03,4.510542124240920700e-03,4.305274223926220875e-03,4.100006323611519315e-03,3.894738423296819924e-03,3.748379051558991051e-03,3.602019679821161745e-03,3.455660308083332438e-03,3.309300936345503565e-03,3.162941564607673825e-03,3.016582192869844518e-03,2.870222821132015645e-03,2.723863449394186773e-03,2.577504077656357032e-03,2.431144705918528159e-03,2.284785334180699720e-03,2.197415750531561251e-03,2.110046166882422781e-03,2.022676583233283878e-03,1.935306999584145626e-03,1.847937415935006723e-03,1.760567832285868470e-03,1.673198248636729567e-03,1.585828664987591098e-03,1.498459081338452412e-03,1.411089497689314159e-03,1.323719914040175907e-03,1.271915054007555787e-03,1.220110193974935451e-03,1.168305333942314464e-03,1.116500473909694128e-03,1.064695613877073791e-03,1.012890753844453238e-03,9.610858938118326845e-04,9.092810337792127818e-04,8.574761737465924454e-04,8.056713137139721089e-04,7.538664536813515556e-04
1.206724419817752775e-02,1.232698783982594769e-02,1.258673148147437110e-02,1.284647512312279451e-02,1.310621876477121792e-02,1.336596240641963959e-02,1.362570604806806300e-02,1.388544968971648468e-02,1.414519333136490808e-02,1.440493697301332976e-02,1.466468061466175143e-02,1.492442425631017658e-02,1.505144742416188869e-02,1.517847059201360080e-02,1.530549375986531117e-02,1.543251692771702328e-02,1.555954009556873713e-02,1.568656326342044924e-02,1.581358643127216135e-02,1.594060959912386999e-02,1.606763276697558557e-02,1.619465593482729768e-02,1.632167910267900632e-02,1.598300744168934182e-02,1.564433578069968078e-02,1.530566411971001281e-02,1.496699245872034484e-02,1.462832079773068034e-02,1.428964913674101583e-02,1.395097747575134786e-02,1.361230581476168336e-02,1.327363415377201539e-02,1.293496249278235088e-02,1.259629083179268465e-02,1.230572633532040980e-02,1.201516183884813321e-02,1.172459734237585663e-02,1.143403284590358178e-02,1.114346834943130519e-02,1.085290385295902861e-02,1.056233935648675203e-02,1.027177486001447544e-02,9.981210363542200592e-03,9.690645867069924008e-03,9.400081370597649158e-03,9.152680882104895915e-03,8.905280393612144407e-03,8.657879905119391165e-03,8.410479416626641391e-03,8.163078928133888149e-03,7.915678439641136641e-03,7.668277951148385133e-03,7.420877462655633625e-03,7.173476974162881249e-03,6.926076485670128874e-03,6.678675997177377366e-03,6.475885339803177584e-03,6.273094682428977803e-03,6.070304025054778022e-03,5.867513367680579107e-03,5.664722710306379326e-03,5.461932052932180412e-03,5.259141395557980631e-03,5.056350738183780849e-03,4.853560080809581068e-03,4.650769423435382154e-03,4.447978766061183239e-03,4.298426317594133440e-03,4.148873869127081906e-03,3.999321420660031240e-03,3.849768972192981874e-03,3.700216523725930774e-03,3.550664075258880108e-03,3.401111626791829441e-03,3.251559178324778775e-03,3.102006729857728975e-03,2.952454281390677442e-03,2.802901832923627642e-03,2.706936873665094327e-03,2.610971914406560578e-03,2.515006955148026829e-03,2.419041995889492647e-03,2.323077036630958898e-03,2.227112077372425149e-03,2.131147118113890966e-03,2.035182158855357217e-03,1.939217199596823468e-03,1.843252240338289502e-03,1.747287281079756187e-03,1.686262702326480397e-03,1.625238123573204390e-03,1.564213544819928817e-03,1.503188966066653027e-03,1.442164387313377236e-03,1.381139808560101229e-03,1.320115229806825439e-03,1.259090651053550516e-03,1.198066072300274943e-03,1.137041493546998936e-03,1.076016914793723146e-03
1.206724419817752775e-02,1.230514570273672989e-02,1.254304720729593377e-02,1.278094871185513764e-02,1.301885021641434152e-02,1.325675172097354193e-02,1.349465322553274581e-02,1.373255473009194969e-02,1.397045623465115356e-02,1.420835773921035744e-02,1.444625924376955785e-02,1.468416074832876173e-02,1.485616594828719286e-02,1.502817114824562747e-02,1.520017634820405687e-02,1.537218154816248628e-02,1.554418674812091915e-02,1.571619194807934855e-02,1.588819714803777969e-02,1.606020234799621083e-02,1.623220754795464543e-02,1.640421274791307310e-02,1.657621794787150424e-02,1.624732848682924197e-02,1.591843902578698317e-02,1.558954956474472089e-02,1.526066010370245862e-02,1.493177064266019982e-02,1.460288118161793582e-02,1.427399172057567528e-02,1.394510225953341301e-02,1.361621279849115074e-02,1.328732333744889020e-02,1.295843387640662966e-02,1.267652954111988216e-02,1.239462520583313292e-02,1.211272087054638541e-02,1.183081653525963790e-02,1.154891219997288693e-02,1.126700786468613769e-02,1.098510352939939191e-02,1.070319919411264267e-02,1.042129485882589343e-02,1.013939052353914766e-02,9.857486188252396683e-03,9.616320777283656959e-03,9.375155366314913766e-03,9.133989955346168838e-03,8.892824544377429113e-03,8.651659133408685920e-03,8.410493722439942726e-03,8.169328311471199533e-03,7.928162900502458074e-03,7.686997489533714013e-03,7.445832078564971687e-03,7.204666667596229361e-03,7.004353253162530490e-03,6.804039838728831620e-03,6.603726424295132749e-03,6.403413009861434746e-03,6.203099595427736743e-03,6.002786180994038739e-03,5.802472766560340736e-03,5.602159352126641866e-03,5.401845937692942995e-03,5.201532523259244992e-03,5.001219108825546121e-03,4.848473583629275829e-03,4.695728058433003803e-03,4.542982533236731776e-03,4.390237008040460617e-03,4.237491482844187723e-03,4.084745957647915697e-03,3.932000432451643671e-03,3.779254907255371644e-03,3.626509382059099618e-03,3.473763856862827591e-03,3.321018331666556432e-03,3.216457996798627837e-03,3.111897661930698809e-03,3.007337327062768913e-03,2.902776992194839884e-03,2.798216657326910856e-03,2.693656322458981827e-03,2.589095987591052798e-03,2.484535652723123770e-03,2.379975317855194308e-03,2.275414982987265279e-03,2.170854648119336684e-03,2.100610350645405657e-03,2.030366053171474630e-03,1.960121755697543169e-03,1.889877458223612142e-03,1.819633160749681115e-03,1.749388863275749655e-03,1.679144565801818628e-03,1.608900268327888468e-03,1.538655970853957224e-03,1.468411673380026414e-03,1.398167375906094953e-03
1.206724419817752775e-02,1.228330356564751209e-02,1.249936293311749644e-02,1.271542230058747731e-02,1.293148166805746339e-02,1.314754103552744774e-02,1.336360040299743035e-02,1.357965977046741296e-02,1.379571913793739904e-02,1.401177850540738339e-02,1.422783787287736426e-02,1.444389724034734861e-02,1.466088447241250051e-02,1.487787170447765067e-02,1.509485893654280084e-02,1.531184616860795100e-02,1.552883340067309943e-02,1.574582063273825133e-02,1.596280786480339803e-02,1.617979509686855166e-02,1.639678232893369836e-02,1.661376956099885199e-02,1.683075679306399869e-02,1.651164953196914212e-02,1.619254227087428555e-02,1.587343500977942898e-02,1.555432774868457241e-02,1.523522048758971584e-02,1.491611322649485927e-02,1.459700596540000096e-02,1.427789870430514439e-02,1.395879144321028782e-02,1.363968418211543125e-02,1.332057692102057642e-02,1.304733274691935452e-02,1.277408857281813435e-02,1.250084439871691246e-02,1.222760022461569229e-02,1.195435605051447039e-02,1.168111187641325197e-02,1.140786770231203007e-02,1.113462352821080817e-02,1.086137935410958801e-02,1.058813518000836784e-02,1.031489100590714768e-02,1.007996067246241453e-02,9.845030339017679655e-03,9.610100005572946510e-03,9.375169672128216836e-03,9.140239338683481957e-03,8.905309005238748812e-03,8.670378671794015668e-03,8.435448338349280789e-03,8.200518004904549380e-03,7.965587671459814501e-03,7.730657338015081356e-03,7.532821166521884264e-03,7.334984995028687171e-03,7.137148823535489212e-03,6.939312652042291252e-03,6.741476480549094159e-03,6.543640309055897067e-03,6.345804137562699974e-03,6.147967966069502882e-03,5.950131794576304922e-03,5.752295623083107830e-03,5.554459451589910737e-03,5.398520849664418218e-03,5.242582247738924832e-03,5.086643645813431446e-03,4.930705043887938059e-03,4.774766441962444673e-03,4.618827840036951286e-03,4.462889238111457900e-03,4.306950636185964514e-03,4.151012034260471995e-03,3.995073432334977741e-03,3.839134830409484354e-03,3.725979119932160914e-03,3.612823409454835738e-03,3.499667698977511864e-03,3.386511988500187989e-03,3.273356278022863247e-03,3.160200567545538505e-03,3.047044857068214631e-03,2.933889146590889889e-03,2.820733436113565581e-03,2.707577725636240839e-03,2.594422015158916964e-03,2.514957998964330484e-03,2.435493982769744003e-03,2.356029966575157956e-03,2.276565950380571041e-03,2.197101934185984561e-03,2.117637917991398080e-03,2.038173901796811599e-03,1.958709885602226419e-03,1.879245869407639939e-03,1.799781853213053458e-03,1.720317837018466977e-03
1.206724419817752775e-02,1.226146142855829083e-02,1.245567865893905737e-02,1.264989588931982045e-02,1.284411311970058700e-02,1.303833035008135008e-02,1.323254758046211663e-02,1.342676481084287970e-02,1.362098204122364452e-02,1.381519927160440760e-02,1.400941650198517241e-02,1.420363373236593722e-02,1.446560299653780642e-02,1.472757226070967387e-02,1.498954152488154480e-02,1.525151078905341226e-02,1.551348005322528145e-02,1.577544931739715064e-02,1.603741858156901984e-02,1.629938784574088556e-02,1.656135710991275822e-02,1.682332637408462742e-02,1.708529563825649314e-02,1.677597057710904227e-02,1.646664551596159487e-02,1.615732045481413706e-02,1.584799539366668272e-02,1.553867033251923359e-02,1.522934527137178098e-02,1.492002021022432665e-02,1.461069514907687578e-02,1.430137008792942317e-02,1.399204502678197057e-02,1.368271996563451970e-02,1.341813595271882514e-02,1.315355193980313406e-02,1.288896792688744124e-02,1.262438391397174842e-02,1.235979990105605386e-02,1.209521588814036278e-02,1.183063187522466822e-02,1.156604786230897366e-02,1.130146384939328258e-02,1.103687983647758976e-02,1.077229582356189520e-02,1.054360056764117211e-02,1.031490531172044901e-02,1.008621005579972418e-02,9.857514799879001088e-03,9.628819543958276259e-03,9.400124288037554898e-03,9.171429032116830068e-03,8.942733776196105239e-03,8.714038520275380409e-03,8.485343264354655579e-03,8.256648008433932484e-03,8.061289079881236302e-03,7.865930151328540121e-03,7.670571222775843939e-03,7.475212294223147758e-03,7.279853365670451576e-03,7.084494437117755394e-03,6.889135508565058345e-03,6.693776580012362164e-03,6.498417651459665982e-03,6.303058722906968933e-03,6.107699794354273619e-03,5.948568115699559740e-03,5.789436437044844994e-03,5.630304758390130247e-03,5.471173079735416368e-03,5.312041401080700755e-03,5.152909722425986008e-03,4.993778043771271262e-03,4.834646365116557383e-03,4.675514686461841769e-03,4.516383007807127023e-03,4.357251329152414011e-03,4.235500243065693990e-03,4.113749156978973968e-03,3.991998070892254814e-03,3.870246984805534793e-03,3.748495898718814771e-03,3.626744812632095184e-03,3.504993726545375596e-03,3.383242640458655574e-03,3.261491554371935553e-03,3.139740468285215965e-03,3.017989382198496811e-03,2.929305647283254876e-03,2.840621912368013376e-03,2.751938177452771441e-03,2.663254442537529940e-03,2.574570707622288006e-03,2.485886972707046505e-03,2.397203237791804137e-03,2.308519502876563937e-03,2.219835767961322003e-03,2.131152033046080068e-03,2.042468298130838134e-03
1.206724419817752775e-02,1.223961929146907303e-02,1.241199438476061657e-02,1.258436947805216359e-02,1.275674457134370887e-02,1.292911966463525415e-02,1.310149475792679943e-02,1.327386985121834298e-02,1.344624494450989000e-02,1.361862003780143354e-02,1.379099513109298056e-02,1.396337022438452410e-02,1.427032152066311232e-02,1.457727281694170055e-02,1.488422411322028877e-02,1.519117540949887699e-02,1.549812670577746521e-02,1.580507800205605343e-02,1.611202929833464165e-02,1.641898059461322640e-02,1.672593189089181809e-02,1.703288318717040284e-02,1.733983448344898759e-02,1.704029162224894242e-02,1.674074876104889378e-02,1.644120589984884515e-02,1.614166303864879998e-02,1.584212017744875134e-02,1.554257731624870270e-02,1.524303445504865406e-02,1.494349159384860716e-02,1.464394873264856026e-02,1.434440587144850988e-02,1.404486301024846298e-02,1.378893915851829750e-02,1.353301530678813376e-02,1.327709145505796828e-02,1.302116760332780281e-02,1.276524375159763733e-02,1.250931989986747012e-02,1.225339604813730637e-02,1.199747219640713916e-02,1.174154834467697715e-02,1.148562449294680994e-02,1.122970064121664620e-02,1.100724046281992968e-02,1.078478028442321837e-02,1.056232010602650186e-02,1.033985992762978881e-02,1.011739974923307230e-02,9.894939570836359249e-03,9.672479392439644469e-03,9.450019214042929688e-03,9.227559035646213173e-03,9.005098857249500127e-03,8.782638678852783612e-03,8.589756993240587474e-03,8.396875307628393070e-03,8.203993622016198667e-03,8.011111936404002529e-03,7.818230250791808125e-03,7.625348565179613722e-03,7.432466879567418451e-03,7.239585193955223180e-03,7.046703508343027042e-03,6.853821822730832639e-03,6.660940137118637368e-03,6.498615381734702996e-03,6.336290626350766023e-03,6.173965870966829916e-03,6.011641115582893810e-03,5.849316360198957704e-03,5.686991604815021598e-03,5.524666849431085491e-03,5.362342094047149385e-03,5.200017338663213279e-03,5.037692583279277173e-03,4.875367827895341934e-03,4.745021366199227500e-03,4.614674904503111331e-03,4.484328442806996898e-03,4.353981981110881597e-03,4.223635519414767163e-03,4.093289057718651862e-03,3.962942596022537428e-03,3.832596134326422127e-03,3.702249672630306826e-03,3.571903210934192392e-03,3.441556749238077091e-03,3.343653295602180570e-03,3.245749841966283182e-03,3.147846388330385360e-03,3.049942934694488839e-03,2.952039481058591451e-03,2.854136027422694497e-03,2.756232573786797542e-03,2.658329120150901455e-03,2.560425666515004500e-03,2.462522212879107112e-03,2.364618759243210157e-03
1.206724419817752601e-02,1.221777715437985350e-02,1.236831011058218098e-02,1.251884306678450499e-02,1.266937602298682901e-02,1.281990897918915823e-02,1.297044193539148224e-02,1.312097489159380626e-02,1.327150784779613200e-02,1.342204080399845949e-02,1.357257376020078350e-02,1.372310671640311099e-02,1.407504004478841650e-02,1.442697337317372375e-02,1.477890670155902926e-02,1.513084002994433651e-02,1.548277335832964549e-02,1.583470668671494927e-02,1.618664001510025652e-02,1.653857334348556377e-02,1.689050667187086754e-02,1.724244000025617826e-02,1.759437332864148204e-02,1.730461266738883563e-02,1.701485200613619964e-02,1.672509134488355323e-02,1.643533068363091029e-02,1.614557002237826736e-02,1.585580936112562442e-02,1.556604869987298148e-02,1.527628803862034028e-02,1.498652737736769387e-02,1.469676671611505094e-02,1.440700605486240626e-02,1.415974236431777333e-02,1.391247867377313173e-02,1.366521498322849706e-02,1.341795129268385720e-02,1.317068760213922253e-02,1.292342391159458440e-02,1.267616022104994800e-02,1.242889653050530986e-02,1.218163283996067346e-02,1.193436914941603533e-02,1.168710545887139719e-02,1.147088035799869420e-02,1.125465525712598600e-02,1.103843015625328300e-02,1.082220505538057653e-02,1.060597995450787180e-02,1.038975485363516534e-02,1.017352975276246060e-02,9.957304651889757607e-03,9.741079551017049407e-03,9.524854450144344675e-03,9.308629349271638209e-03,9.118224906599947319e-03,8.927820463928249489e-03,8.737416021256556864e-03,8.547011578584862504e-03,8.356607135913169879e-03,8.166202693241475519e-03,7.975798250569781159e-03,7.785393807898087666e-03,7.594989365226392439e-03,7.404584922554699813e-03,7.214180479883004586e-03,7.048662647769848855e-03,6.883144815656690521e-03,6.717626983543533055e-03,6.552109151430376456e-03,6.386591319317218990e-03,6.221073487204060656e-03,6.055555655090904058e-03,5.890037822977747459e-03,5.724519990864589992e-03,5.559002158751432526e-03,5.393484326638275927e-03,5.254542489332765347e-03,5.115600652027254766e-03,4.976658814721744185e-03,4.837716977416235339e-03,4.698775140110724759e-03,4.559833302805214178e-03,4.420891465499703597e-03,4.281949628194193884e-03,4.143007790888683303e-03,4.004065953583173590e-03,3.865124116277663443e-03,3.758000943921111468e-03,3.650877771564559060e-03,3.543754599208006652e-03,3.436631426851454243e-03,3.329508254494901835e-03,3.222385082138349427e-03,3.115261909781797019e-03,3.008138737425245911e-03,2.901015565068693070e-03,2.793892392712141529e-03,2.686769220355588687e-03
1.206724419817752775e-02,1.218172844518095911e-02,1.229621269218438874e-02,1.241069693918781837e-02,1.252518118619124973e-02,1.263966543319468110e-02,1.275414968019810899e-02,1.286863392720154035e-02,1.298311817420496998e-02,1.309760242120840135e-02,1.321208666821183098e-02,1.332657091521526060e-02,1.368958948207037174e-02,1.405260804892548114e-02,1.441562661578059054e-02,1.477864518263570341e-02,1.514166374949081108e-02,1.550468231634592048e-02,1.586770088320103161e-02,1.623071945005614275e-02,1.659373801691125042e-02,1.695675658376636155e-02,1.731977515062146575e-02,1.708197725814379619e-02,1.684417936566611970e-02,1.660638147318844321e-02,1.636858358071076672e-02,1.613078568823309369e-02,1.589298779575541720e-02,1.565518990327774418e-02,1.541739201080006769e-02,1.517959411832239293e-02,1.494179622584471470e-02,1.470399833336704341e-02,1.448296770000032617e-02,1.426193706663361066e-02,1.404090643326689515e-02,1.381987579990017964e-02,1.359884516653346413e-02,1.337781453316675036e-02,1.315678389980003138e-02,1.293575326643331934e-02,1.271472263306660383e-02,1.249369199969988832e-02,1.227266136633317455e-02,1.206865034108378990e-02,1.186463931583440178e-02,1.166062829058501712e-02,1.145661726533563421e-02,1.125260624008624609e-02,1.104859521483686144e-02,1.084458418958747679e-02,1.064057316433809040e-02,1.043656213908870575e-02,1.023255111383931763e-02,1.002854008858993298e-02,9.849783658940496761e-03,9.671027229291060540e-03,9.492270799641622583e-03,9.313514369992188097e-03,9.134757940342750140e-03,8.956001510693313919e-03,8.777245081043877697e-03,8.598488651394441476e-03,8.419732221745003520e-03,8.240975792095567298e-03,8.062219362446131077e-03,7.907390318074193972e-03,7.752561273702258601e-03,7.597732229330322364e-03,7.442903184958387861e-03,7.288074140586451623e-03,7.133245096214515385e-03,6.978416051842580015e-03,6.823587007470643777e-03,6.668757963098707539e-03,6.513928918726771301e-03,6.359099874354835064e-03,6.229466549262623574e-03,6.099833224170412085e-03,5.970199899078197994e-03,5.840566573985987373e-03,5.710933248893774149e-03,5.581299923801562660e-03,5.451666598709349436e-03,5.322033273617137079e-03,5.192399948524924723e-03,5.062766623432712366e-03,4.933133298340500877e-03,4.833289627413188405e-03,4.733445956485877668e-03,4.633602285558565195e-03,4.533758614631251856e-03,4.433914943703940251e-03,4.334071272776627778e-03,4.234227601849316173e-03,4.134383930922005436e-03,4.034540259994693831e-03,3.934696589067381359e-03,3.834852918140069754e-03
1.206724419817752775e-02,1.214567973598206299e-02,1.222411527378659823e-02,1.230255081159113001e-02,1.238098634939566525e-02,1.245942188720020050e-02,1.253785742500473400e-02,1.261629296280926925e-02,1.269472850061380449e-02,1.277316403841833974e-02,1.285159957622287498e-02,1.293003511402740849e-02,1.330413891935232178e-02,1.367824272467723506e-02,1.405234653000214835e-02,1.442645033532705991e-02,1.480055414065197493e-02,1.517465794597688822e-02,1.554876175130180151e-02,1.592286555662671479e-02,1.629696936195162982e-02,1.667107316727654137e-02,1.704517697260144946e-02,1.685934184889874635e-02,1.667350672519603630e-02,1.648767160149332972e-02,1.630183647779062314e-02,1.611600135408792003e-02,1.593016623038520999e-02,1.574433110668250341e-02,1.555849598297979509e-02,1.537266085927708678e-02,1.518682573557438020e-02,1.500099061187167362e-02,1.480619303568288248e-02,1.461139545949408612e-02,1.441659788330529324e-02,1.422180030711650209e-02,1.402700273092770920e-02,1.383220515473891632e-02,1.363740757855012344e-02,1.344261000236133055e-02,1.324781242617253767e-02,1.305301484998374478e-02,1.285821727379495190e-02,1.266642032416888906e-02,1.247462337454281929e-02,1.228282642491675472e-02,1.209102947529069189e-02,1.189923252566462558e-02,1.170743557603855928e-02,1.151563862641249471e-02,1.132384167678643014e-02,1.113204472716036383e-02,1.094024777753429926e-02,1.074845082790823296e-02,1.058134241128105314e-02,1.041423399465387332e-02,1.024712557802669524e-02,1.008001716139951716e-02,9.912908744772337341e-03,9.745800328145157523e-03,9.578691911517977706e-03,9.411583494890799623e-03,9.244475078263619805e-03,9.077366661636439987e-03,8.910258245009260170e-03,8.766117988378547762e-03,8.621977731747833620e-03,8.477837475117117744e-03,8.333697218486403602e-03,8.189556961855689460e-03,8.045416705224975318e-03,7.901276448594259441e-03,7.757136191963545299e-03,7.612995935332831157e-03,7.468855678702117015e-03,7.324715422071402006e-03,7.204390609192487874e-03,7.084065796313573742e-03,6.963740983434658742e-03,6.843416170555746345e-03,6.723091357676830478e-03,6.602766544797915478e-03,6.482441731919001346e-03,6.362116919040086346e-03,6.241792106161173082e-03,6.121467293282258082e-03,6.001142480403343950e-03,5.908578310905273148e-03,5.816014141407200612e-03,5.723449971909129810e-03,5.630885802411058141e-03,5.538321632912986472e-03,5.445757463414914804e-03,5.353193293916843135e-03,5.260629124418773200e-03,5.168064954920701531e-03,5.075500785422629862e-03,4.982936615924558194e-03
1.206724419817752775e-02,1.210963102678316861e-02,1.215201785538880599e-02,1.219440468399444859e-02,1.223679151260008598e-02,1.227917834120572510e-02,1.232156516981136422e-02,1.236395199841700335e-02,1.240633882702264421e-02,1.244872565562828159e-02,1.249111248423392245e-02,1.253349931283955984e-02,1.291868835663427702e-02,1.330387740042899246e-02,1.368906644422370963e-02,1.407425548801842508e-02,1.445944453181314225e-02,1.484463357560785943e-02,1.522982261940257487e-02,1.561501166319729031e-02,1.600020070699200575e-02,1.638538975078672466e-02,1.677057879458143663e-02,1.663670643965369997e-02,1.650283408472596330e-02,1.636896172979822317e-02,1.623508937487048304e-02,1.610121701994274290e-02,1.596734466501500277e-02,1.583347231008726264e-02,1.569959995515952597e-02,1.556572760023178584e-02,1.543185524530404570e-02,1.529798289037630731e-02,1.512941837136543705e-02,1.496085385235456679e-02,1.479228933334369479e-02,1.462372481433282627e-02,1.445516029532195254e-02,1.428659577631108402e-02,1.411803125730021029e-02,1.394946673828934003e-02,1.378090221927846977e-02,1.361233770026759951e-02,1.344377318125672752e-02,1.326419030725398129e-02,1.308460743325123680e-02,1.290502455924849232e-02,1.272544168524574609e-02,1.254585881124300160e-02,1.236627593724025712e-02,1.218669306323751089e-02,1.200711018923476640e-02,1.182752731523201845e-02,1.164794444122927222e-02,1.146836156722652600e-02,1.131290116362160605e-02,1.115744076001668438e-02,1.100198035641176096e-02,1.084651995280683928e-02,1.069105954920191760e-02,1.053559914559699592e-02,1.038013874199207424e-02,1.022467833838715257e-02,1.006921793478223089e-02,9.913757531177309207e-03,9.758297127572385793e-03,9.624845658682894614e-03,9.491394189793399966e-03,9.357942720903908787e-03,9.224491252014414139e-03,9.091039783124921225e-03,8.957588314235428312e-03,8.824136845345935398e-03,8.690685376456444219e-03,8.557233907566949571e-03,8.423782438677456658e-03,8.290330969787962009e-03,8.179314669122347836e-03,8.068298368456730194e-03,7.957282067791114286e-03,7.846265767125496643e-03,7.735249466459880735e-03,7.624233165794264827e-03,7.513216865128648919e-03,7.402200564463031277e-03,7.291184263797414501e-03,7.180167963131797726e-03,7.069151662466180951e-03,6.983866994397350952e-03,6.898582326328519219e-03,6.813297658259687486e-03,6.728012990190856621e-03,6.642728322122024888e-03,6.557443654053194022e-03,6.472158985984362289e-03,6.386874317915533159e-03,6.301589649846702293e-03,6.216304981777869693e-03,6.131020313709038827e-03
1.206724419817752775e-02,1.207358231758427075e-02,1.207992043699101375e-02,1.208625855639775676e-02,1.209259667580450150e-02,1.209893479521124623e-02,1.210527291461798750e-02,1.211161103402473224e-02,1.211794915343147525e-02,1.212428727283821825e-02,1.213062539224496299e-02,1.213696351165170599e-02,1.253323779391622705e-02,1.292951207618074465e-02,1.332578635844526398e-02,1.372206064070978504e-02,1.411833492297430437e-02,1.451460920523882196e-02,1.491088348750334303e-02,1.530715776976786235e-02,1.570343205203238168e-02,1.609970633429690101e-02,1.649598061656142381e-02,1.641407103040865359e-02,1.633216144425587990e-02,1.625025185810310621e-02,1.616834227195033946e-02,1.608643268579756577e-02,1.600452309964479555e-02,1.592261351349202533e-02,1.584070392733925511e-02,1.575879434118648142e-02,1.567688475503371121e-02,1.559497516888093925e-02,1.545264370704799335e-02,1.531031224521504225e-02,1.516798078338209461e-02,1.502564932154914698e-02,1.488331785971619588e-02,1.474098639788324998e-02,1.459865493605029887e-02,1.445632347421735124e-02,1.431399201238440361e-02,1.417166055055145424e-02,1.402932908871850487e-02,1.386196029033907873e-02,1.369459149195965605e-02,1.352722269358022818e-02,1.335985389520080377e-02,1.319248509682137763e-02,1.302511629844195322e-02,1.285774750006252708e-02,1.269037870168310267e-02,1.252300990330367653e-02,1.235564110492425038e-02,1.218827230654482424e-02,1.204445991596216070e-02,1.190064752537949716e-02,1.175683513479683188e-02,1.161302274421416834e-02,1.146921035363150307e-02,1.132539796304883953e-02,1.118158557246617599e-02,1.103777318188350898e-02,1.089396079130084544e-02,1.075014840071818190e-02,1.060633601013551662e-02,1.048357332898724840e-02,1.036081064783897498e-02,1.023804796669070157e-02,1.011528528554243161e-02,9.992522604394158195e-03,9.869759923245888245e-03,9.746997242097616559e-03,9.624234560949344874e-03,9.501471879801073189e-03,9.378709198652801504e-03,9.255946517504528084e-03,9.154238729052211268e-03,9.052530940599892717e-03,8.950823152147572431e-03,8.849115363695255615e-03,8.747407575242935329e-03,8.645699786790618513e-03,8.543991998338298227e-03,8.442284209885981411e-03,8.340576421433662860e-03,8.238868632981342574e-03,8.137160844529022288e-03,8.059155677889433961e-03,7.981150511249842164e-03,7.903145344610252102e-03,7.825140177970660305e-03,7.747135011331071977e-03,7.669129844691480180e-03,7.591124678051888383e-03,7.513119511412299188e-03,7.435114344772708259e-03,7.357109178133118196e-03,7.279104011493526399e-03
1.206724419817752775e-02,1.203753360838537637e-02,1.200782301859322498e-02,1.197811242880107013e-02,1.194840183900891875e-02,1.191869124921676910e-02,1.188898065942461772e-02,1.185927006963246461e-02,1.182955947984031322e-02,1.179984889004816011e-02,1.177013830025601046e-02,1.174042771046385908e-02,1.214778723119818056e-02,1.255514675193250378e-02,1.296250627266682699e-02,1.336986579340115021e-02,1.377722531413547169e-02,1.418458483486979491e-02,1.459194435560411812e-02,1.499930387633844134e-02,1.540666339707276282e-02,1.581402291780708430e-02,1.622138243854140752e-02,1.619143562116360374e-02,1.616148880378580344e-02,1.613154198640799619e-02,1.610159516903019589e-02,1.607164835165239211e-02,1.604170153427458834e-02,1.601175471689678456e-02,1.598180789951898079e-02,1.595186108214118048e-02,1.592191426476337671e-02,1.589196744738557640e-02,1.577586904273054619e-02,1.565977063807551944e-02,1.554367223342049270e-02,1.542757382876546943e-02,1.531147542411043921e-02,1.519537701945541594e-02,1.507927861480038746e-02,1.496318021014536245e-02,1.484708180549033571e-02,1.473098340083530897e-02,1.461488499618028222e-02,1.445973027342417616e-02,1.430457555066807010e-02,1.414942082791196577e-02,1.399426610515585971e-02,1.383911138239975191e-02,1.368395665964364932e-02,1.352880193688754326e-02,1.337364721413143720e-02,1.321849249137533114e-02,1.306333776861922508e-02,1.290818304586311902e-02,1.277601866830271188e-02,1.264385429074230474e-02,1.251168991318189760e-02,1.237952553562149047e-02,1.224736115806108507e-02,1.211519678050067966e-02,1.198303240294027079e-02,1.185086802537986365e-02,1.171870364781945478e-02,1.158653927025904938e-02,1.145437489269864051e-02,1.134230099929159179e-02,1.123022710588454307e-02,1.111815321247749087e-02,1.100607931907044215e-02,1.089400542566339170e-02,1.078193153225634124e-02,1.066985763884929078e-02,1.055778374544224033e-02,1.044570985203518987e-02,1.033363595862813941e-02,1.022156206522108896e-02,1.012916278898206950e-02,1.003676351274304657e-02,9.944364236504027107e-03,9.851964960265007648e-03,9.759565684025986454e-03,9.667166407786965260e-03,9.574767131547944066e-03,9.482367855308922872e-03,9.389968579069901677e-03,9.297569302830880483e-03,9.205170026591861024e-03,9.134444361381510030e-03,9.063718696171160771e-03,8.992993030960808043e-03,8.922267365750460519e-03,8.851541700540109525e-03,8.780816035329758532e-03,8.710090370119407538e-03,8.639364704909058279e-03,8.568639039698709020e-03,8.497913374488358026e-03,8.427187709278007033e-03
1.206724419817752775e-02,1.200148489918647851e-02,1.193572560019543101e-02,1.186996630120438351e-02,1.180420700221333774e-02,1.173844770322229197e-02,1.167268840423124447e-02,1.160692910524019350e-02,1.154116980624914773e-02,1.147541050725810023e-02,1.140965120826705273e-02,1.134389190927600696e-02,1.176233666848013060e-02,1.218078142768425597e-02,1.259922618688838480e-02,1.301767094609250844e-02,1.343611570529663554e-02,1.385456046450076091e-02,1.427300522370488801e-02,1.469144998290901338e-02,1.510989474211314049e-02,1.552833950131726759e-02,1.594678426052139122e-02,1.596880021191855736e-02,1.599081616331572350e-02,1.601283211471288617e-02,1.603484806611005231e-02,1.605686401750721845e-02,1.607887996890438459e-02,1.610089592030154726e-02,1.612291187169871340e-02,1.614492782309587954e-02,1.616694377449304221e-02,1.618895972589020835e-02,1.609909437841310423e-02,1.600922903093600011e-02,1.591936368345889599e-02,1.582949833598179187e-02,1.573963298850468429e-02,1.564976764102758364e-02,1.555990229355047778e-02,1.547003694607337540e-02,1.538017159859627128e-02,1.529030625111916716e-02,1.520044090364206131e-02,1.505750025650927706e-02,1.491455960937648935e-02,1.477161896224370510e-02,1.462867831511092086e-02,1.448573766797813314e-02,1.434279702084534890e-02,1.419985637371256292e-02,1.405691572657977693e-02,1.391397507944698922e-02,1.377103443231420324e-02,1.362809378518141726e-02,1.350757742064326999e-02,1.338706105610511926e-02,1.326654469156696853e-02,1.314602832702882126e-02,1.302551196249067053e-02,1.290499559795251980e-02,1.278447923341437253e-02,1.266396286887622180e-02,1.254344650433807454e-02,1.242293013979992380e-02,1.230241377526177307e-02,1.220102866959594558e-02,1.209964356393011808e-02,1.199825845826428712e-02,1.189687335259845963e-02,1.179548824693263040e-02,1.169410314126680117e-02,1.159271803560097194e-02,1.149133292993514445e-02,1.138994782426931349e-02,1.128856271860348599e-02,1.118717761293765503e-02,1.110408684891193466e-02,1.102099608488621083e-02,1.093790532086048872e-02,1.085481455683476662e-02,1.077172379280904452e-02,1.068863302878332068e-02,1.060554226475759684e-02,1.052245150073187474e-02,1.043936073670615264e-02,1.035626997268042880e-02,1.027317920865470496e-02,1.020973304487359651e-02,1.014628688109248632e-02,1.008284071731137613e-02,1.001939455353026767e-02,9.955948389749157482e-03,9.892502225968045557e-03,9.829056062186935366e-03,9.765609898405826911e-03,9.702163734624718455e-03,9.638717570843606530e-03,9.575271407062496340e-03
1.206724419817752775e-02,1.196543618998758413e-02,1.186362818179764224e-02,1.176182017360769862e-02,1.166001216541775500e-02,1.155820415722781311e-02,1.145639614903787122e-02,1.135458814084792760e-02,1.125278013265798571e-02,1.115097212446804209e-02,1.104916411627809847e-02,1.094735610808815832e-02,1.137688610576208584e-02,1.180641610343601683e-02,1.223594610110994435e-02,1.266547609878387361e-02,1.309500609645780286e-02,1.352453609413173038e-02,1.395406609180566138e-02,1.438359608947959063e-02,1.481312608715351989e-02,1.524265608482744914e-02,1.567218608250137493e-02,1.574616480267351099e-02,1.582014352284564357e-02,1.589412224301777615e-02,1.596810096318990874e-02,1.604207968336204132e-02,1.611605840353417390e-02,1.619003712370630649e-02,1.626401584387843907e-02,1.633799456405057512e-02,1.641197328422270771e-02,1.648595200439484029e-02,1.642231971409565880e-02,1.635868742379647384e-02,1.629505513349729581e-02,1.623142284319811085e-02,1.616779055289892936e-02,1.610415826259974786e-02,1.604052597230056637e-02,1.597689368200138488e-02,1.591326139170220338e-02,1.584962910140301842e-02,1.578599681110383693e-02,1.565527023959437103e-02,1.552454366808490513e-02,1.539381709657543923e-02,1.526309052506597333e-02,1.513236395355650743e-02,1.500163738204704153e-02,1.487091081053757563e-02,1.474018423902810973e-02,1.460945766751864383e-02,1.447873109600917793e-02,1.434800452449971203e-02,1.423913617298381944e-02,1.413026782146792684e-02,1.402139946995203425e-02,1.391253111843614165e-02,1.380366276692025079e-02,1.369479441540435993e-02,1.358592606388846560e-02,1.347705771237257474e-02,1.336818936085668215e-02,1.325932100934079129e-02,1.315045265782489696e-02,1.305975633990029243e-02,1.296906002197568443e-02,1.287836370405107470e-02,1.278766738612647016e-02,1.269697106820185870e-02,1.260627475027725417e-02,1.251557843235264617e-02,1.242488211442803817e-02,1.233418579650343364e-02,1.224348947857882564e-02,1.215279316065421417e-02,1.207901090884179289e-02,1.200522865702936641e-02,1.193144640521694166e-02,1.185766415340451692e-02,1.178388190159209217e-02,1.171009964977966743e-02,1.163631739796724268e-02,1.156253514615481620e-02,1.148875289434239319e-02,1.141497064252996671e-02,1.134118839071754023e-02,1.128502172836567084e-02,1.122885506601380319e-02,1.117268840366193207e-02,1.111652174131006442e-02,1.106035507895819503e-02,1.100418841660632391e-02,1.094802175425445452e-02,1.089185509190258513e-02,1.083568842955071575e-02,1.077952176719884636e-02,1.072335510484697697e-02
1.206724419817752775e-02,1.192938748078868974e-02,1.179153076339985000e-02,1.165367404601101026e-02,1.151581732862217572e-02,1.137796061123333424e-02,1.124010389384449624e-02,1.110224717645565823e-02,1.096439045906682022e-02,1.082653374167798221e-02,1.068867702428914074e-02,1.055082030690030447e-02,1.099143554304403761e-02,1.143205077918776902e-02,1.187266601533150216e-02,1.231328125147523531e-02,1.275389648761896672e-02,1.319451172376269812e-02,1.363512695990643300e-02,1.407574219605016441e-02,1.451635743219389582e-02,1.495697266833763070e-02,1.539758790448136037e-02,1.552352939342846114e-02,1.564947088237556364e-02,1.577541237132266613e-02,1.590135386026976516e-02,1.602729534921686766e-02,1.615323683816397016e-02,1.627917832711106919e-02,1.640511981605816821e-02,1.653106130500527071e-02,1.665700279395237321e-02,1.678294428289947571e-02,1.674554504977821337e-02,1.670814581665695450e-02,1.667074658353569216e-02,1.663334735041443330e-02,1.659594811729317443e-02,1.655854888417191556e-02,1.652114965105065669e-02,1.648375041792939436e-02,1.644635118480813549e-02,1.640895195168687315e-02,1.637155271856561428e-02,1.625304022267947193e-02,1.613452772679332264e-02,1.601601523090717683e-02,1.589750273502103101e-02,1.577899023913488519e-02,1.566047774324873937e-02,1.554196524736259355e-02,1.542345275147644773e-02,1.530494025559030191e-02,1.518642775970415956e-02,1.506791526381801027e-02,1.497069492532437755e-02,1.487347458683074136e-02,1.477625424833710517e-02,1.467903390984347245e-02,1.458181357134983799e-02,1.448459323285620354e-02,1.438737289436256908e-02,1.429015255586893116e-02,1.419293221737529670e-02,1.409571187888166398e-02,1.399849154038802779e-02,1.391848401020464449e-02,1.383847648002125771e-02,1.375846894983787268e-02,1.367846141965448591e-02,1.359845388947110087e-02,1.351844635928771410e-02,1.343843882910432733e-02,1.335843129892094056e-02,1.327842376873755725e-02,1.319841623855416875e-02,1.311840870837078198e-02,1.305393496877165632e-02,1.298946122917252893e-02,1.292498748957340154e-02,1.286051374997427763e-02,1.279604001037514677e-02,1.273156627077602111e-02,1.266709253117689199e-02,1.260261879157776634e-02,1.253814505197864068e-02,1.247367131237951156e-02,1.240919757278038417e-02,1.236031041185775732e-02,1.231142325093512874e-02,1.226253609001249842e-02,1.221364892908986984e-02,1.216476176816723952e-02,1.211587460724460920e-02,1.206698744632198061e-02,1.201810028539935203e-02,1.196921312447672345e-02,1.192032596355409486e-02,1.187143880263146455e-02
1.206724419817752775e-02,1.189333877158979362e-02,1.171943334500206123e-02,1.154552791841432537e-02,1.137162249182659297e-02,1.119771706523885885e-02,1.102381163865112472e-02,1.084990621206339059e-02,1.067600078547565647e-02,1.050209535888792234e-02,1.032818993230018821e-02,1.015428450571245582e-02,1.060598498032599112e-02,1.105768545493952641e-02,1.150938592955306171e-02,1.196108640416659701e-02,1.241278687878013404e-02,1.286448735339366933e-02,1.331618782800720290e-02,1.376788830262073993e-02,1.421958877723427522e-02,1.467128925184781225e-02,1.512298972646134755e-02,1.530089398418341476e-02,1.547879824190548544e-02,1.565670249962755264e-02,1.583460675734962159e-02,1.601251101507169400e-02,1.619041527279375947e-02,1.636831953051583188e-02,1.654622378823790083e-02,1.672412804595996977e-02,1.690203230368203871e-02,1.707993656140410418e-02,1.706877038546076794e-02,1.705760420951743170e-02,1.704643803357409199e-02,1.703527185763075574e-02,1.702410568168741603e-02,1.701293950574408326e-02,1.700177332980074354e-02,1.699060715385740383e-02,1.697944097791406759e-02,1.696827480197072788e-02,1.695710862602739163e-02,1.685081020576456590e-02,1.674451178550174016e-02,1.663821336523891095e-02,1.653191494497608868e-02,1.642561652471325948e-02,1.631931810445043374e-02,1.621301968418760800e-02,1.610672126392478226e-02,1.600042284366195999e-02,1.589412442339913425e-02,1.578782600313630505e-02,1.570225367766492700e-02,1.561668135219355068e-02,1.553110902672217263e-02,1.544553670125079631e-02,1.535996437577941826e-02,1.527439205030804020e-02,1.518881972483666562e-02,1.510324739936528583e-02,1.501767507389390952e-02,1.493210274842253320e-02,1.484653042295115515e-02,1.477721168050899134e-02,1.470789293806682579e-02,1.463857419562466025e-02,1.456925545318249818e-02,1.449993671074033263e-02,1.443061796829816709e-02,1.436129922585600328e-02,1.429198048341383948e-02,1.422266174097167393e-02,1.415334299852950839e-02,1.408402425608734285e-02,1.402885902870151628e-02,1.397369380131568625e-02,1.391852857392985622e-02,1.386336334654402792e-02,1.380819811915819789e-02,1.375303289177236959e-02,1.369786766438654130e-02,1.364270243700070953e-02,1.358753720961488123e-02,1.353237198222905120e-02,1.347720675484321944e-02,1.343559909534983512e-02,1.339399143585644561e-02,1.335238377636305609e-02,1.331077611686966658e-02,1.326916845737627880e-02,1.322756079788289102e-02,1.318595313838950150e-02,1.314434547889611199e-02,1.310273781940272421e-02,1.306113015990933469e-02,1.301952250041594691e-02
1.206724419817752775e-02,1.185729006239089750e-02,1.164733592660426725e-02,1.143738179081764048e-02,1.122742765503100849e-02,1.101747351924437998e-02,1.080751938345774973e-02,1.059756524767111949e-02,1.038761111188449097e-02,1.017765697609786246e-02,9.967702840311232215e-03,9.757748704524603703e-03,1.022053441760794289e-02,1.068332013069128034e-02,1.114610584377461952e-02,1.160889155685795870e-02,1.207167726994129789e-02,1.253446298302463707e-02,1.299724869610797626e-02,1.346003440919131544e-02,1.392282012227465289e-02,1.438560583535799207e-02,1.484839154844132779e-02,1.507825857493837012e-02,1.530812560143540550e-02,1.553799262793244089e-02,1.576785965442947801e-02,1.599772668092651687e-02,1.622759370742355572e-02,1.645746073392059111e-02,1.668732776041762997e-02,1.691719478691466882e-02,1.714706181341170421e-02,1.737692883990873960e-02,1.739199572114332598e-02,1.740706260237791236e-02,1.742212948361249528e-02,1.743719636484707819e-02,1.745226324608166457e-02,1.746733012731624748e-02,1.748239700855083040e-02,1.749746388978541678e-02,1.751253077102000316e-02,1.752759765225458607e-02,1.754266453348916899e-02,1.744858018884966680e-02,1.735449584421015767e-02,1.726041149957065202e-02,1.716632715493114636e-02,1.707224281029164070e-02,1.697815846565213505e-02,1.688407412101262939e-02,1.678998977637312373e-02,1.669590543173361460e-02,1.660182108709410895e-02,1.650773674245460329e-02,1.643381243000548511e-02,1.635988811755636346e-02,1.628596380510724181e-02,1.621203949265812364e-02,1.613811518020900546e-02,1.606419086775988381e-02,1.599026655531076563e-02,1.591634224286164398e-02,1.584241793041252233e-02,1.576849361796340415e-02,1.569456930551428250e-02,1.563593935081334166e-02,1.557730939611239908e-02,1.551867944141145303e-02,1.546004948671051565e-02,1.540141953200956960e-02,1.534278957730862702e-02,1.528415962260768271e-02,1.522552966790673840e-02,1.516689971320579582e-02,1.510826975850485324e-02,1.504963980380390892e-02,1.500378308863138145e-02,1.495792637345884878e-02,1.491206965828631784e-02,1.486621294311378690e-02,1.482035622794125422e-02,1.477449951276872155e-02,1.472864279759619061e-02,1.468278608242365793e-02,1.463692936725112873e-02,1.459107265207859778e-02,1.454521593690606511e-02,1.451088777884191813e-02,1.447655962077776942e-02,1.444223146271362071e-02,1.440790330464947200e-02,1.437357514658532329e-02,1.433924698852117458e-02,1.430491883045702760e-02,1.427059067239287889e-02,1.423626251432873017e-02,1.420193435626458320e-02,1.416760619820043449e-02
1.206724419817752775e-02,1.182124135319200312e-02,1.157523850820647675e-02,1.132923566322095385e-02,1.108323281823542748e-02,1.083722997324990459e-02,1.059122712826437648e-02,1.034522428327885359e-02,1.009922143829332895e-02,9.853218593307802586e-03,9.607215748322277954e-03,9.361212903336753322e-03,9.835083854889896393e-03,1.030895480644303773e-02,1.078282575799617907e-02,1.125669670954932214e-02,1.173056766110246348e-02,1.220443861265560481e-02,1.267830956420874788e-02,1.315218051576189096e-02,1.362605146731503229e-02,1.409992241886817363e-02,1.457379337042131497e-02,1.485562316569332200e-02,1.513745296096532730e-02,1.541928275623732914e-02,1.570111255150933444e-02,1.598294234678133974e-02,1.626477214205334504e-02,1.654660193732535381e-02,1.682843173259735564e-02,1.711026152786936441e-02,1.739209132314136624e-02,1.767392111841337154e-02,1.771522105682588055e-02,1.775652099523838609e-02,1.779782093365089163e-02,1.783912087206340064e-02,1.788042081047590270e-02,1.792172074888841171e-02,1.796302068730092072e-02,1.800432062571342626e-02,1.804562056412593526e-02,1.808692050253844080e-02,1.812822044095094634e-02,1.804635017193475729e-02,1.796447990291857519e-02,1.788260963390238961e-02,1.780073936488620057e-02,1.771886909587001499e-02,1.763699882685382941e-02,1.755512855783764384e-02,1.747325828882145826e-02,1.739138801980526922e-02,1.730951775078908711e-02,1.722764748177289806e-02,1.716537118234603629e-02,1.710309488291917104e-02,1.704081858349230927e-02,1.697854228406544749e-02,1.691626598463858572e-02,1.685398968521172047e-02,1.679171338578486217e-02,1.672943708635799692e-02,1.666716078693113515e-02,1.660488448750427337e-02,1.654260818807741160e-02,1.649466702111768851e-02,1.644672585415796542e-02,1.639878468719824581e-02,1.635084352023852619e-02,1.630290235327880310e-02,1.625496118631908002e-02,1.620702001935935693e-02,1.615907885239963732e-02,1.611113768543991423e-02,1.606319651848019114e-02,1.601525535152047153e-02,1.597870714856123794e-02,1.594215894560200436e-02,1.590561074264277078e-02,1.586906253968353719e-02,1.583251433672430361e-02,1.579596613376507003e-02,1.575941793080583644e-02,1.572286972784660286e-02,1.568632152488736928e-02,1.564977332192813569e-02,1.561322511896890211e-02,1.558617646233399594e-02,1.555912780569908629e-02,1.553207914906417839e-02,1.550503049242927221e-02,1.547798183579436257e-02,1.545093317915945466e-02,1.542388452252454675e-02,1.539683586588963884e-02,1.536978720925473094e-02,1.534273855261982303e-02,1.531568989598491512e-02
1.206724419817752775e-02,1.185982645909486669e-02,1.165240872001220562e-02,1.144499098092954283e-02,1.123757324184688350e-02,1.103015550276422070e-02,1.082273776368156137e-02,1.061532002459889858e-02,1.040790228551623751e-02,1.020048454643357645e-02,9.993066807350913655e-03,9.785649068268254328e-03,1.023714096336890596e-02,1.068863285846955932e-02,1.114012475357020922e-02,1.159161664867086258e-02,1.204310854377151421e-02,1.249460043887216584e-02,1.294609233397281921e-02,1.339758422907346910e-02,1.384907612417412420e-02,1.430056801927477410e-02,1.475205991437542573e-02,1.502370469301628209e-02,1.529534947165713497e-02,1.556699425029798960e-02,1.583863902893884248e-02,1.611028380757970058e-02,1.638192858622055520e-02,1.665357336486140635e-02,1.692521814350226445e-02,1.719686292214311907e-02,1.746850770078397369e-02,1.774015247942482831e-02,1.776418866171208810e-02,1.778822484399934442e-02,1.781226102628660768e-02,1.783629720857386747e-02,1.786033339086112379e-02,1.788436957314839051e-02,1.790840575543564336e-02,1.793244193772290662e-02,1.795647812001016641e-02,1.798051430229742273e-02,1.800455048458468252e-02,1.791417827130052653e-02,1.782380605801636014e-02,1.773343384473220069e-02,1.764306163144803777e-02,1.755268941816387485e-02,1.746231720487971539e-02,1.737194499159555594e-02,1.728157277831139302e-02,1.719120056502723010e-02,1.710082835174307064e-02,1.701045613845890772e-02,1.693691835440303689e-02,1.686338057034716259e-02,1.678984278629128829e-02,1.671630500223541399e-02,1.664276721817954316e-02,1.656922943412366886e-02,1.649569165006779803e-02,1.642215386601192373e-02,1.634861608195604943e-02,1.627507829790017513e-02,1.620154051384430083e-02,1.614034349749371086e-02,1.607914648114312089e-02,1.601794946479252746e-02,1.595675244844194096e-02,1.589555543209135099e-02,1.583435841574076103e-02,1.577316139939017106e-02,1.571196438303957763e-02,1.565076736668898766e-02,1.558957035033839769e-02,1.552837333398780426e-02,1.547681366724676030e-02,1.542525400050571462e-02,1.537369433376466546e-02,1.532213466702362151e-02,1.527057500028257409e-02,1.521901533354152666e-02,1.516745566680048271e-02,1.511589600005943355e-02,1.506433633331838787e-02,1.501277666657734218e-02,1.496121699983629476e-02,1.492241313006800567e-02,1.488360926029971658e-02,1.484480539053142575e-02,1.480600152076313840e-02,1.476719765099484931e-02,1.472839378122656022e-02,1.468958991145827113e-02,1.465078604168998030e-02,1.461198217192169295e-02,1.457317830215340386e-02,1.453437443238511477e-02
1.206724419817752775e-02,1.189841156499773026e-02,1.172957893181793276e-02,1.156074629863813354e-02,1.139191366545833604e-02,1.122308103227853855e-02,1.105424839909874106e-02,1.088541576591894357e-02,1.071658313273914608e-02,1.054775049955934685e-02,1.037891786637954936e-02,1.021008523319975186e-02,1.063919807184791552e-02,1.106831091049607571e-02,1.149742374914423937e-02,1.192653658779239956e-02,1.235564942644056322e-02,1.278476226508872514e-02,1.321387510373688359e-02,1.364298794238504725e-02,1.407210078103320744e-02,1.450121361968137283e-02,1.493032645832953476e-02,1.519178622033923697e-02,1.545324598234894264e-02,1.571470574435864659e-02,1.597616550636835053e-02,1.623762526837805448e-02,1.649908503038775842e-02,1.676054479239746584e-02,1.702200455440716978e-02,1.728346431641687025e-02,1.754492407842657767e-02,1.780638384043628161e-02,1.781315626659829218e-02,1.781992869276030622e-02,1.782670111892231679e-02,1.783347354508433430e-02,1.784024597124634487e-02,1.784701839740835891e-02,1.785379082357037295e-02,1.786056324973238352e-02,1.786733567589439756e-02,1.787410810205640813e-02,1.788088052821842217e-02,1.778200637066628537e-02,1.768313221311414857e-02,1.758425805556200830e-02,1.748538389800987497e-02,1.738650974045773817e-02,1.728763558290560484e-02,1.718876142535346457e-02,1.708988726780132777e-02,1.699101311024919445e-02,1.689213895269705765e-02,1.679326479514491738e-02,1.670846552646003749e-02,1.662366625777515067e-02,1.653886698909026731e-02,1.645406772040538396e-02,1.636926845172050060e-02,1.628446918303561378e-02,1.619966991435073389e-02,1.611487064566584707e-02,1.603007137698096371e-02,1.594527210829608035e-02,1.586047283961119700e-02,1.578601997386974015e-02,1.571156710812827983e-02,1.563711424238681605e-02,1.556266137664536094e-02,1.548820851090390062e-02,1.541375564516243857e-02,1.533930277942098172e-02,1.526484991367952140e-02,1.519039704793806282e-02,1.511594418219660250e-02,1.504149131645514045e-02,1.497492018593228613e-02,1.490834905540942487e-02,1.484177792488656535e-02,1.477520679436370755e-02,1.470863566384084803e-02,1.464206453331798677e-02,1.457549340279512898e-02,1.450892227227226945e-02,1.444235114174940993e-02,1.437578001122654867e-02,1.430920888070368914e-02,1.425864979780202234e-02,1.420809071490034860e-02,1.415753163199868180e-02,1.410697254909700979e-02,1.405641346619533952e-02,1.400585438329367098e-02,1.395529530039199897e-02,1.390473621749032870e-02,1.385417713458866017e-02,1.380361805168698816e-02,1.375305896878531789e-02
1.206724419817752775e-02,1.193699667090059383e-02,1.180674914362365990e-02,1.167650161634672772e-02,1.154625408906979206e-02,1.141600656179285814e-02,1.128575903451592422e-02,1.115551150723899029e-02,1.102526397996205637e-02,1.089501645268512245e-02,1.076476892540818679e-02,1.063452139813125287e-02,1.104125518032692682e-02,1.144798896252259557e-02,1.185472274471826952e-02,1.226145652691394000e-02,1.266819030910961222e-02,1.307492409130528443e-02,1.348165787350095665e-02,1.388839165569662887e-02,1.429512543789229935e-02,1.470185922008797330e-02,1.510859300228364378e-02,1.535986774766219878e-02,1.561114249304075378e-02,1.586241723841930532e-02,1.611369198379785858e-02,1.636496672917641185e-02,1.661624147455496511e-02,1.686751621993352185e-02,1.711879096531207858e-02,1.737006571069063185e-02,1.762134045606918165e-02,1.787261520144773491e-02,1.786212387148449973e-02,1.785163254152126802e-02,1.784114121155803284e-02,1.783064988159480113e-02,1.782015855163156248e-02,1.780966722166833077e-02,1.779917589170509559e-02,1.778868456174186388e-02,1.777819323177862870e-02,1.776770190181539352e-02,1.775721057185216181e-02,1.764983447003204767e-02,1.754245836821193699e-02,1.743508226639182285e-02,1.732770616457171217e-02,1.722033006275160150e-02,1.711295396093149082e-02,1.700557785911138015e-02,1.689820175729126600e-02,1.679082565547115533e-02,1.668344955365104465e-02,1.657607345183093051e-02,1.648001269851703809e-02,1.638395194520313874e-02,1.628789119188924633e-02,1.619183043857535392e-02,1.609576968526145457e-02,1.599970893194756216e-02,1.590364817863366975e-02,1.580758742531977040e-02,1.571152667200587799e-02,1.561546591869198385e-02,1.551940516537808797e-02,1.543169645024576077e-02,1.534398773511343184e-02,1.525627901998110464e-02,1.516857030484877744e-02,1.508086158971645024e-02,1.499315287458412131e-02,1.490544415945179238e-02,1.481773544431946518e-02,1.473002672918713452e-02,1.464231801405480732e-02,1.455460929892247839e-02,1.447302670461780849e-02,1.439144411031313339e-02,1.430986151600846176e-02,1.422827892170379187e-02,1.414669632739911850e-02,1.406511373309444687e-02,1.398353113878977177e-02,1.390194854448510015e-02,1.382036595018042852e-02,1.373878335587575515e-02,1.365720076157108005e-02,1.359488646553603207e-02,1.353257216950098062e-02,1.347025787346592916e-02,1.340794357743087771e-02,1.334562928139582626e-02,1.328331498536077480e-02,1.322100068932572162e-02,1.315868639329067016e-02,1.309637209725562045e-02,1.303405780122056899e-02,1.297174350518551580e-02
1.206724419817752775e-02,1.197558177680345566e-02,1.188391935542938531e-02,1.179225693405531669e-02,1.170059451268124460e-02,1.160893209130717425e-02,1.151726966993310390e-02,1.142560724855903355e-02,1.133394482718496320e-02,1.124228240581089458e-02,1.115061998443682076e-02,1.105895756306275388e-02,1.144331228880593465e-02,1.182766701454911369e-02,1.221202174029229794e-02,1.259637646603547871e-02,1.298073119177866122e-02,1.336508591752184373e-02,1.374944064326502624e-02,1.413379536900820702e-02,1.451815009475138953e-02,1.490250482049456857e-02,1.528685954623775108e-02,1.552794927498515540e-02,1.576903900373256145e-02,1.601012873247996057e-02,1.625121846122736663e-02,1.649230818997476922e-02,1.673339791872217180e-02,1.697448764746957439e-02,1.721557737621698045e-02,1.745666710496438304e-02,1.769775683371178562e-02,1.793884656245918821e-02,1.791109147637070381e-02,1.788333639028222635e-02,1.785558130419374542e-02,1.782782621810526449e-02,1.780007113201678010e-02,1.777231604592830264e-02,1.774456095983981824e-02,1.771680587375134078e-02,1.768905078766285985e-02,1.766129570157437545e-02,1.763354061548589799e-02,1.751766256939780997e-02,1.740178452330972542e-02,1.728590647722163046e-02,1.717002843113354937e-02,1.705415038504546135e-02,1.693827233895737680e-02,1.682239429286928878e-02,1.670651624678120423e-02,1.659063820069311274e-02,1.647476015460502818e-02,1.635888210851694016e-02,1.625155987057403523e-02,1.614423763263112682e-02,1.603691539468822189e-02,1.592959315674531695e-02,1.582227091880241202e-02,1.571494868085950708e-02,1.560762644291660041e-02,1.550030420497369374e-02,1.539298196703078880e-02,1.528565972908788387e-02,1.517833749114497720e-02,1.507737292662178312e-02,1.497640836209858384e-02,1.487544379757538629e-02,1.477447923305219221e-02,1.467351466852899293e-02,1.457255010400579885e-02,1.447158553948260130e-02,1.437062097495940376e-02,1.426965641043620794e-02,1.416869184591301040e-02,1.406772728138981111e-02,1.397113322330332912e-02,1.387453916521684191e-02,1.377794510713035644e-02,1.368135104904387098e-02,1.358475699095738724e-02,1.348816293287090004e-02,1.339156887478441631e-02,1.329497481669792910e-02,1.319838075861144537e-02,1.310178670052495817e-02,1.300519264243847270e-02,1.293112313327004353e-02,1.285705362410160743e-02,1.278298411493317306e-02,1.270891460576474390e-02,1.263484509659630953e-02,1.256077558742787863e-02,1.248670607825944426e-02,1.241263656909101162e-02,1.233856705992257899e-02,1.226449755075414809e-02,1.219042804158571372e-02
1.206724419817752775e-02,1.201416688270632097e-02,1.196108956723511418e-02,1.190801225176390393e-02,1.185493493629270062e-02,1.180185762082149210e-02,1.174878030535028359e-02,1.169570298987907681e-02,1.164262567440787002e-02,1.158954835893666324e-02,1.153647104346545646e-02,1.148339372799425141e-02,1.184536939728494248e-02,1.220734506657563355e-02,1.256932073586632462e-02,1.293129640515701742e-02,1.329327207444770849e-02,1.365524774373839956e-02,1.401722341302909583e-02,1.437919908231978516e-02,1.474117475161047797e-02,1.510315042090117077e-02,1.546512609019186010e-02,1.569603080230811201e-02,1.592693551442436739e-02,1.615784022654061930e-02,1.638874493865687121e-02,1.661964965077312659e-02,1.685055436288937850e-02,1.708145907500563387e-02,1.731236378712188578e-02,1.754326849923813769e-02,1.777417321135438960e-02,1.800507792347064151e-02,1.796005908125691830e-02,1.791504023904318815e-02,1.787002139682946147e-02,1.782500255461573133e-02,1.777998371240200118e-02,1.773496487018827450e-02,1.768994602797454782e-02,1.764492718576082114e-02,1.759990834354709099e-02,1.755488950133336085e-02,1.750987065911963417e-02,1.738549066876357227e-02,1.726111067840751037e-02,1.713673068805144847e-02,1.701235069769538658e-02,1.688797070733932468e-02,1.676359071698326278e-02,1.663921072662719741e-02,1.651483073627114245e-02,1.639045074591507709e-02,1.626607075555901519e-02,1.614169076520295329e-02,1.602310704263103583e-02,1.590452332005911837e-02,1.578593959748720091e-02,1.566735587491528692e-02,1.554877215234336946e-02,1.543018842977145373e-02,1.531160470719953974e-02,1.519302098462762228e-02,1.507443726205570482e-02,1.495585353948378909e-02,1.483726981691187163e-02,1.472304940299780894e-02,1.460882898908374451e-02,1.449460857516967661e-02,1.438038816125561392e-02,1.426616774734154602e-02,1.415194733342748160e-02,1.403772691951341543e-02,1.392350650559934754e-02,1.380928609168528311e-02,1.369506567777121868e-02,1.358084526385715078e-02,1.346923974198885321e-02,1.335763422012055564e-02,1.324602869825225807e-02,1.313442317638395876e-02,1.302281765451566119e-02,1.291121213264736188e-02,1.279960661077906431e-02,1.268800108891076500e-02,1.257639556704246570e-02,1.246479004517416812e-02,1.235318452330587055e-02,1.226735980100405674e-02,1.218153507870224292e-02,1.209571035640042910e-02,1.200988563409861702e-02,1.192406091179680147e-02,1.183823618949498592e-02,1.175241146719317384e-02,1.166658674489136176e-02,1.158076202258954794e-02,1.149493730028773239e-02,1.140911257798591857e-02
1.206724419817752775e-02,1.205275198860918280e-02,1.203825977904083959e-02,1.202376756947249464e-02,1.200927535990415317e-02,1.199478315033581169e-02,1.198029094076746848e-02,1.196579873119912353e-02,1.195130652163078032e-02,1.193681431206243711e-02,1.192232210249409563e-02,1.190782989292575242e-02,1.224742650576395205e-02,1.258702311860215341e-02,1.292661973144035650e-02,1.326621634427855786e-02,1.360581295711675923e-02,1.394540956995496232e-02,1.428500618279316368e-02,1.462460279563136505e-02,1.496419940846956814e-02,1.530379602130776950e-02,1.564339263414597087e-02,1.586411232963107210e-02,1.608483202511617333e-02,1.630555172060127803e-02,1.652627141608638273e-02,1.674699111157148396e-02,1.696771080705658519e-02,1.718843050254168642e-02,1.740915019802679112e-02,1.762986989351189235e-02,1.785058958899699705e-02,1.807130928448209828e-02,1.800902668614312585e-02,1.794674408780414648e-02,1.788446148946517059e-02,1.782217889112619816e-02,1.775989629278722226e-02,1.769761369444824636e-02,1.763533109610927394e-02,1.757304849777029804e-02,1.751076589943132214e-02,1.744848330109234624e-02,1.738620070275337035e-02,1.725331876812933804e-02,1.712043683350529880e-02,1.698755489888125955e-02,1.685467296425722378e-02,1.672179102963318800e-02,1.658890909500915223e-02,1.645602716038511298e-02,1.632314522576107721e-02,1.619026329113703797e-02,1.605738135651300219e-02,1.592449942188896295e-02,1.579465421468803643e-02,1.566480900748710645e-02,1.553496380028617993e-02,1.540511859308525515e-02,1.527527338588432690e-02,1.514542817868340038e-02,1.501558297148247213e-02,1.488573776428154735e-02,1.475589255708061910e-02,1.462604734987969259e-02,1.449620214267876260e-02,1.436872587937383129e-02,1.424124961606889651e-02,1.411377335276396174e-02,1.398629708945902869e-02,1.385882082615409391e-02,1.373134456284915914e-02,1.360386829954422436e-02,1.347639203623929131e-02,1.334891577293435654e-02,1.322143950962942176e-02,1.309396324632448524e-02,1.296734626067437557e-02,1.284072927502426416e-02,1.271411228937415101e-02,1.258749530372404134e-02,1.246087831807392993e-02,1.233426133242381852e-02,1.220764434677370711e-02,1.208102736112359570e-02,1.195441037547348428e-02,1.182779338982337287e-02,1.170117640417326146e-02,1.160359646873806820e-02,1.150601653330287147e-02,1.140843659786767474e-02,1.131085666243248147e-02,1.121327672699728648e-02,1.111569679156209148e-02,1.101811685612689648e-02,1.092053692069170322e-02,1.082295698525650648e-02,1.072537704982131322e-02,1.062779711438611649e-02
1.206724419817752775e-02,1.209133709451204637e-02,1.211542999084656673e-02,1.213952288718108709e-02,1.216361578351560745e-02,1.218770867985012780e-02,1.221180157618464643e-02,1.223589447251916679e-02,1.225998736885368715e-02,1.228408026518820750e-02,1.230817316152272960e-02,1.233226605785724822e-02,1.264948361424296161e-02,1.296670117062867326e-02,1.328391872701438318e-02,1.360113628340009484e-02,1.391835383978580823e-02,1.423557139617152162e-02,1.455278895255723154e-02,1.487000650894294493e-02,1.518722406532865485e-02,1.550444162171436650e-02,1.582165917810008163e-02,1.603219385695402871e-02,1.624272853580798273e-02,1.645326321466193328e-02,1.666379789351588731e-02,1.687433257236984133e-02,1.708486725122379188e-02,1.729540193007774590e-02,1.750593660893169645e-02,1.771647128778564700e-02,1.792700596663960103e-02,1.813754064549354811e-02,1.805799429102933340e-02,1.797844793656510828e-02,1.789890158210088664e-02,1.781935522763666499e-02,1.773980887317243987e-02,1.766026251870822170e-02,1.758071616424400005e-02,1.750116980977977840e-02,1.742162345531555329e-02,1.734207710085133164e-02,1.726253074638711346e-02,1.712114686749510381e-02,1.697976298860308722e-02,1.683837910971107410e-02,1.669699523081906098e-02,1.655561135192704786e-02,1.641422747303503821e-02,1.627284359414302162e-02,1.613145971525101197e-02,1.599007583635900231e-02,1.584869195746698572e-02,1.570730807857497607e-02,1.556620138674503530e-02,1.542509469491509799e-02,1.528398800308516069e-02,1.514288131125522338e-02,1.500177461942528608e-02,1.486066792759534877e-02,1.471956123576540973e-02,1.457845454393547069e-02,1.443734785210553512e-02,1.429624116027559608e-02,1.415513446844565704e-02,1.401440235574985538e-02,1.387367024305405372e-02,1.373293813035825033e-02,1.359220601766244693e-02,1.345147390496664354e-02,1.331074179227084014e-02,1.317000967957503849e-02,1.302927756687923509e-02,1.288854545418343170e-02,1.274781334148763004e-02,1.260708122879182491e-02,1.246545277935990140e-02,1.232382432992797788e-02,1.218219588049605090e-02,1.204056743106412912e-02,1.189893898163220387e-02,1.175731053220027862e-02,1.161568208276835511e-02,1.147405363333643159e-02,1.133242518390450634e-02,1.119079673447258283e-02,1.104916828504065758e-02,1.093983313647208314e-02,1.083049798790350522e-02,1.072116283933493078e-02,1.061182769076635460e-02,1.050249254219777842e-02,1.039315739362920224e-02,1.028382224506062606e-02,1.017448709649204988e-02,1.006515194792347370e-02,9.955816799354897523e-03,9.846481650786321344e-03
1.206724419817752775e-02,1.212992220041491168e-02,1.219260020265229560e-02,1.225527820488967780e-02,1.231795620712706346e-02,1.238063420936444739e-02,1.244331221160182958e-02,1.250599021383921351e-02,1.256866821607659571e-02,1.263134621831398310e-02,1.269402422055136356e-02,1.275670222278874923e-02,1.305154072272197291e-02,1.334637922265519139e-02,1.364121772258841507e-02,1.393605622252163528e-02,1.423089472245485723e-02,1.452573322238807918e-02,1.482057172232130113e-02,1.511541022225452481e-02,1.541024872218774502e-02,1.570508722212096697e-02,1.599992572205418545e-02,1.620027538427698879e-02,1.640062504649979214e-02,1.660097470872259201e-02,1.680132437094539535e-02,1.700167403316819870e-02,1.720202369539099857e-02,1.740237335761379844e-02,1.760272301983660179e-02,1.780307268205940513e-02,1.800342234428220500e-02,1.820377200650500488e-02,1.810696189591553748e-02,1.801015178532606661e-02,1.791334167473659922e-02,1.781653156414713182e-02,1.771972145355766096e-02,1.762291134296819356e-02,1.752610123237872269e-02,1.742929112178925877e-02,1.733248101119978790e-02,1.723567090061031704e-02,1.713886079002084964e-02,1.698897496686086264e-02,1.683908914370087564e-02,1.668920332054088518e-02,1.653931749738089818e-02,1.638943167422091118e-02,1.623954585106092419e-02,1.608966002790093719e-02,1.593977420474095019e-02,1.578988838158095973e-02,1.564000255842097273e-02,1.549011673526098400e-02,1.533774855880203590e-02,1.518538038234308780e-02,1.503301220588413797e-02,1.488064402942518988e-02,1.472827585296624178e-02,1.457590767650729195e-02,1.442353950004834559e-02,1.427117132358939576e-02,1.411880314713044766e-02,1.396643497067150130e-02,1.381406679421254800e-02,1.366007883212587946e-02,1.350609087003920745e-02,1.335210290795253371e-02,1.319811494586586344e-02,1.304412698377919316e-02,1.289013902169252115e-02,1.273615105960584741e-02,1.258216309751917714e-02,1.242817513543250513e-02,1.227418717334583312e-02,1.212019921125916111e-02,1.196355929804542376e-02,1.180691938483168640e-02,1.165027947161794905e-02,1.149363955840421170e-02,1.133699964519047435e-02,1.118035973197673699e-02,1.102371981876299964e-02,1.086707990554926229e-02,1.071043999233552493e-02,1.055380007912178758e-02,1.039716016590805023e-02,1.027606980420609287e-02,1.015497944250413551e-02,1.003388908080217988e-02,9.912798719100222519e-03,9.791708357398263424e-03,9.670617995696307798e-03,9.549527633994348702e-03,9.428437272292393076e-03,9.307346910590435715e-03,9.186256548888478354e-03,9.065166187186519259e-03
1.206724419817752775e-02,1.216850730631777525e-02,1.226977041445802274e-02,1.237103352259826851e-02,1.247229663073851601e-02,1.257355973887876351e-02,1.267482284701900927e-02,1.277608595515925677e-02,1.287734906329950427e-02,1.297861217143975177e-02,1.307987527957999926e-02,1.318113838772024503e-02,1.345359783120097900e-02,1.372605727468170951e-02,1.399851671816244349e-02,1.427097616164317226e-02,1.454343560512390623e-02,1.481589504860463674e-02,1.508835449208536725e-02,1.536081393556610122e-02,1.563327337904683173e-02,1.590573282252756571e-02,1.617819226600829621e-02,1.636835691159994888e-02,1.655852155719160154e-02,1.674868620278325074e-02,1.693885084837489993e-02,1.712901549396655260e-02,1.731918013955820526e-02,1.750934478514985446e-02,1.769950943074150712e-02,1.788967407633315632e-02,1.807983872192480898e-02,1.827000336751646165e-02,1.815592950080174156e-02,1.804185563408702841e-02,1.792778176737231527e-02,1.781370790065759865e-02,1.769963403394288204e-02,1.758556016722816542e-02,1.747148630051344881e-02,1.735741243379873566e-02,1.724333856708401905e-02,1.712926470036930243e-02,1.701519083365458929e-02,1.685680306622662494e-02,1.669841529879866060e-02,1.654002753137069626e-02,1.638163976394273885e-02,1.622325199651477451e-02,1.606486422908681017e-02,1.590647646165884582e-02,1.574808869423088495e-02,1.558970092680292234e-02,1.543131315937495973e-02,1.527292539194699539e-02,1.510929573085903650e-02,1.494566606977107588e-02,1.478203640868311700e-02,1.461840674759515984e-02,1.445477708650719922e-02,1.429114742541924207e-02,1.412751776433128145e-02,1.396388810324332083e-02,1.380025844215536195e-02,1.363662878106740306e-02,1.347299911997944244e-02,1.330575530850190528e-02,1.313851149702436293e-02,1.297126768554682404e-02,1.280402387406928341e-02,1.263678006259174105e-02,1.246953625111420216e-02,1.230229243963666327e-02,1.213504862815912091e-02,1.196780481668157856e-02,1.180056100520403967e-02,1.163331719372649731e-02,1.146166581673094959e-02,1.129001443973539839e-02,1.111836306273984894e-02,1.094671168574429948e-02,1.077506030874874829e-02,1.060340893175319710e-02,1.043175755475764764e-02,1.026010617776209818e-02,1.008845480076654699e-02,9.916803423770995801e-03,9.745152046775446344e-03,9.612306471940109537e-03,9.479460897104770994e-03,9.346615322269430717e-03,9.213769747434093910e-03,9.080924172598753633e-03,8.948078597763415090e-03,8.815233022928076548e-03,8.682387448092739740e-03,8.549541873257401198e-03,8.416696298422062655e-03,8.283850723586724113e-03
1.206724419817752775e-02,1.220709241222063882e-02,1.234694062626374642e-02,1.248678884030686095e-02,1.262663705434997029e-02,1.276648526839308309e-02,1.290633348243619069e-02,1.304618169647930349e-02,1.318602991052241283e-02,1.332587812456552563e-02,1.346572633860863497e-02,1.360557455265174603e-02,1.385565493967998857e-02,1.410573532670822937e-02,1.435581571373647017e-02,1.460589610076471617e-02,1.485597648779295524e-02,1.510605687482119604e-02,1.535613726184944031e-02,1.560621764887768284e-02,1.585629803590592538e-02,1.610637842293416444e-02,1.635645880996240698e-02,1.653643843892290549e-02,1.671641806788340748e-02,1.689639769684390946e-02,1.707637732580440798e-02,1.725635695476490997e-02,1.743633658372541195e-02,1.761631621268591047e-02,1.779629584164641246e-02,1.797627547060691444e-02,1.815625509956741296e-02,1.833623472852791148e-02,1.820489710568795258e-02,1.807355948284799022e-02,1.794222186000802785e-02,1.781088423716806202e-02,1.767954661432809965e-02,1.754820899148813729e-02,1.741687136864817492e-02,1.728553374580821256e-02,1.715419612296825019e-02,1.702285850012828783e-02,1.689152087728832546e-02,1.672463116559238724e-02,1.655774145389645249e-02,1.639085174220051080e-02,1.622396203050457258e-02,1.605707231880863436e-02,1.589018260711269614e-02,1.572329289541675792e-02,1.555640318372082144e-02,1.538951347202488149e-02,1.522262376032894500e-02,1.505573404863300505e-02,1.488084290291603537e-02,1.470595175719906396e-02,1.453106061148209602e-02,1.435616946576512634e-02,1.418127832004815667e-02,1.400638717433118699e-02,1.383149602861421731e-02,1.365660488289724417e-02,1.348171373718027623e-02,1.330682259146330655e-02,1.313193144574633514e-02,1.295143178487792764e-02,1.277093212400951840e-02,1.259043246314110916e-02,1.240993280227269992e-02,1.222943314140429068e-02,1.204893348053588144e-02,1.186843381966747220e-02,1.168793415879906122e-02,1.150743449793065198e-02,1.132693483706224448e-02,1.114643517619383351e-02,1.095977233541647194e-02,1.077310949463910865e-02,1.058644665386174362e-02,1.039978381308438206e-02,1.021312097230701876e-02,1.002645813152965373e-02,9.839795290752292173e-03,9.653132449974927143e-03,9.466469609197565582e-03,9.279806768420200552e-03,9.093143927642838992e-03,8.948543139674119268e-03,8.803942351705399544e-03,8.659341563736679820e-03,8.514740775767960096e-03,8.370139987799238637e-03,8.225539199830520648e-03,8.080938411861800924e-03,7.936337623893082935e-03,7.791736835924363211e-03,7.647136047955642620e-03,7.502535259986923763e-03
1.206724419817752775e-02,1.224567751812350239e-02,1.242411083806947529e-02,1.260254415801544993e-02,1.278097747796142457e-02,1.295941079790739921e-02,1.313784411785337211e-02,1.331627743779934675e-02,1.349471075774532139e-02,1.367314407769129603e-02,1.385157739763727067e-02,1.403001071758324531e-02,1.425771204815899640e-02,1.448541337873474749e-02,1.471311470931049858e-02,1.494081603988625141e-02,1.516851737046200424e-02,1.539621870103775533e-02,1.562392003161350643e-02,1.585162136218925752e-02,1.607932269276501208e-02,1.630702402334076317e-02,1.653472535391651427e-02,1.670451996624586558e-02,1.687431457857521688e-02,1.704410919090456472e-02,1.721390380323391603e-02,1.738369841556326734e-02,1.755349302789261864e-02,1.772328764022196995e-02,1.789308225255131779e-02,1.806287686488066910e-02,1.823267147721002041e-02,1.840246608953936477e-02,1.825386471057416013e-02,1.810526333160894855e-02,1.795666195264374043e-02,1.780806057367852885e-02,1.765945919471332073e-02,1.751085781574811262e-02,1.736225643678290104e-02,1.721365505781769292e-02,1.706505367885248481e-02,1.691645229988727323e-02,1.676785092092206511e-02,1.659245926495814955e-02,1.641706760899423745e-02,1.624167595303032535e-02,1.606628429706641326e-02,1.589089264110249769e-02,1.571550098513858559e-02,1.554010932917467176e-02,1.536471767321075793e-02,1.518932601724684583e-02,1.501393436128293027e-02,1.483854270531901817e-02,1.465239007497303771e-02,1.446623744462705551e-02,1.428008481428107504e-02,1.409393218393509631e-02,1.390777955358911584e-02,1.372162692324313364e-02,1.353547429289715318e-02,1.334932166255117271e-02,1.316316903220519224e-02,1.297701640185921178e-02,1.279086377151322958e-02,1.259710826125395172e-02,1.240335275099467387e-02,1.220959724073539601e-02,1.201584173047611989e-02,1.182208622021684030e-02,1.162833070995756245e-02,1.143457519969828459e-02,1.124081968943900674e-02,1.104706417917972715e-02,1.085330866892045103e-02,1.065955315866117144e-02,1.045787885410199604e-02,1.025620454954282064e-02,1.005453024498364351e-02,9.852855940424468106e-03,9.651181635865290973e-03,9.449507331306113839e-03,9.247833026746938440e-03,9.046158722187763040e-03,8.844484417628585907e-03,8.642810113069410508e-03,8.441135808510235108e-03,8.284779807408134203e-03,8.128423806306033297e-03,7.972067805203930657e-03,7.815711804101831486e-03,7.659355802999729713e-03,7.502999801897628808e-03,7.346643800795527902e-03,7.190287799693429599e-03,7.033931798591328693e-03,6.877575797489227788e-03,6.721219796387126882e-03
1.206724419817752775e-02,1.226203603653141030e-02,1.245682787488528939e-02,1.265161971323917195e-02,1.284641155159305277e-02,1.304120338994693706e-02,1.323599522830081789e-02,1.343078706665469871e-02,1.362557890500858127e-02,1.382037074336246382e-02,1.401516258171634291e-02,1.420995442007022547e-02,1.441995166626469822e-02,1.462994891245917098e-02,1.483994615865364720e-02,1.504994340484811476e-02,1.525994065104258925e-02,1.546993789723706200e-02,1.567993514343153302e-02,1.588993238962600751e-02,1.609992963582047854e-02,1.630992688201494956e-02,1.651992412820942405e-02,1.662000706800826483e-02,1.672009000780710214e-02,1.682017294760594292e-02,1.692025588740478023e-02,1.702033882720362101e-02,1.712042176700246179e-02,1.722050470680130257e-02,1.732058764660013642e-02,1.742067058639897720e-02,1.752075352619781798e-02,1.762083646599665529e-02,1.742230186530633121e-02,1.722376726461601407e-02,1.702523266392568999e-02,1.682669806323536590e-02,1.662816346254504182e-02,1.642962886185472121e-02,1.623109426116440060e-02,1.603255966047407652e-02,1.583402505978375938e-02,1.563549045909343183e-02,1.543695585840311121e-02,1.525992207832671532e-02,1.508288829825031596e-02,1.490585451817391834e-02,1.472882073809752244e-02,1.455178695802112482e-02,1.437475317794472719e-02,1.419771939786832957e-02,1.402068561779193194e-02,1.384365183771553431e-02,1.366661805763913669e-02,1.348958427756273906e-02,1.332035461361184663e-02,1.315112494966095419e-02,1.298189528571006349e-02,1.281266562175917278e-02,1.264343595780828208e-02,1.247420629385738965e-02,1.230497662990649894e-02,1.213574696595560651e-02,1.196651730200471407e-02,1.179728763805382337e-02,1.162805797410293093e-02,1.145191660113995327e-02,1.127577522817697214e-02,1.109963385521399101e-02,1.092349248225101335e-02,1.074735110928803222e-02,1.057120973632505283e-02,1.039506836336207170e-02,1.021892699039909230e-02,1.004278561743611291e-02,9.866644244473131778e-03,9.690502871510152383e-03,9.507162594638175063e-03,9.323822317766196008e-03,9.140482040894216953e-03,8.957141764022239633e-03,8.773801487150262313e-03,8.590461210278281523e-03,8.407120933406304203e-03,8.223780656534326883e-03,8.040440379662347828e-03,7.857100102790368773e-03,7.673759825918391453e-03,7.531618006734664382e-03,7.389476187550936444e-03,7.247334368367207638e-03,7.105192549183480567e-03,6.963050729999751762e-03,6.820908910816023824e-03,6.678767091632295885e-03,6.536625272448570549e-03,6.394483453264841744e-03,6.252341634081113805e-03,6.110199814897385867e-03
1.206724419817752775e-02,1.227839455493931822e-02,1.248954491170110523e-02,1.270069526846289397e-02,1.291184562522468444e-02,1.312299598198647319e-02,1.333414633874826366e-02,1.354529669551005067e-02,1.375644705227184114e-02,1.396759740903362988e-02,1.417874776579541862e-02,1.438989812255720736e-02,1.458219128437040352e-02,1.477448444618359447e-02,1.496677760799678888e-02,1.515907076980997983e-02,1.535136393162317425e-02,1.554365709343636867e-02,1.573595025524956309e-02,1.592824341706275404e-02,1.612053657887594846e-02,1.631282974068914288e-02,1.650512290250233383e-02,1.653549416977066408e-02,1.656586543703899086e-02,1.659623670430731765e-02,1.662660797157565137e-02,1.665697923884397816e-02,1.668735050611230841e-02,1.671772177338063520e-02,1.674809304064896198e-02,1.677846430791729224e-02,1.680883557518562249e-02,1.683920684245394928e-02,1.659073902003851617e-02,1.634227119762307612e-02,1.609380337520764648e-02,1.584533555279220990e-02,1.559686773037677332e-02,1.534839990796134195e-02,1.509993208554590710e-02,1.485146426313047226e-02,1.460299644071503741e-02,1.435452861829960430e-02,1.410606079588416772e-02,1.392738489169528804e-02,1.374870898750640662e-02,1.357003308331752173e-02,1.339135717912864378e-02,1.321268127493975889e-02,1.303400537075087920e-02,1.285532946656199604e-02,1.267665356237311636e-02,1.249797765818423320e-02,1.231930175399535005e-02,1.214062584980646863e-02,1.198831915225066769e-02,1.183601245469486328e-02,1.168370575713906061e-02,1.153139905958325967e-02,1.137909236202745700e-02,1.122678566447165432e-02,1.107447896691585165e-02,1.092217226936004898e-02,1.076986557180424631e-02,1.061755887424844537e-02,1.046525217669264096e-02,1.030672494102596176e-02,1.014819770535927736e-02,9.989670469692596422e-03,9.831143234025913752e-03,9.672615998359231082e-03,9.514088762692550147e-03,9.355561527025867477e-03,9.197034291359186542e-03,9.038507055692503872e-03,8.879979820025821202e-03,8.721452584359138532e-03,8.556446335174361026e-03,8.391440085989578315e-03,8.226433836804799074e-03,8.061427587620018098e-03,7.896421338435237122e-03,7.731415089250457014e-03,7.566408840065676038e-03,7.401402590880895929e-03,7.236396341696114953e-03,7.071390092511333977e-03,6.906383843326554736e-03,6.778456206061200633e-03,6.650528568795844794e-03,6.522600931530488956e-03,6.394673294265133985e-03,6.266745656999778147e-03,6.138818019734423176e-03,6.010890382469068205e-03,5.882962745203714969e-03,5.755035107938359130e-03,5.627107470673004160e-03,5.499179833407649189e-03
1.206724419817752775e-02,1.229475307334722441e-02,1.252226194851691933e-02,1.274977082368661772e-02,1.297727969885631438e-02,1.320478857402601104e-02,1.343229744919570770e-02,1.365980632436540609e-02,1.388731519953510102e-02,1.411482407470479768e-02,1.434233294987449434e-02,1.456984182504419099e-02,1.474443090247610534e-02,1.491901997990801969e-02,1.509360905733993403e-02,1.526819813477184838e-02,1.544278721220376099e-02,1.561737628963567534e-02,1.579196536706758969e-02,1.596655444449950403e-02,1.614114352193141838e-02,1.631573259936332926e-02,1.649032167679524361e-02,1.645098127153305986e-02,1.641164086627087959e-02,1.637230046100869932e-02,1.633296005574651558e-02,1.629361965048433530e-02,1.625427924522214809e-02,1.621493883995996782e-02,1.617559843469778408e-02,1.613625802943560381e-02,1.609691762417342006e-02,1.605757721891123632e-02,1.575917617477069071e-02,1.546077513063014164e-02,1.516237408648959603e-02,1.486397304234904869e-02,1.456557199820849788e-02,1.426717095406795227e-02,1.396876990992740666e-02,1.367036886578685585e-02,1.337196782164631025e-02,1.307356677750576464e-02,1.277516573336521730e-02,1.259484770506385035e-02,1.241452967676248513e-02,1.223421164846111818e-02,1.205389362015975296e-02,1.187357559185838601e-02,1.169325756355702080e-02,1.151293953525565385e-02,1.133262150695428690e-02,1.115230347865292168e-02,1.097198545035155473e-02,1.079166742205018951e-02,1.065628369088947487e-02,1.052089995972876196e-02,1.038551622856804732e-02,1.025013249740733615e-02,1.011474876624662150e-02,9.979365035085910329e-03,9.843981303925195686e-03,9.708597572764484512e-03,9.573213841603771604e-03,9.437830110443056961e-03,9.302446379282344052e-03,9.161533280911959842e-03,9.020620182541575632e-03,8.879707084171191422e-03,8.738793985800808947e-03,8.597880887430423003e-03,8.456967789060040527e-03,8.316054690689656317e-03,8.175141592319272107e-03,8.034228493948887898e-03,7.893315395578505422e-03,7.752402297208119478e-03,7.605730075710538315e-03,7.459057854212955418e-03,7.312385632715371654e-03,7.165713411217791359e-03,7.019041189720208462e-03,6.872368968222625565e-03,6.725696746725042668e-03,6.579024525227459771e-03,6.432352303729876875e-03,6.285680082232294845e-03,6.139007860734711948e-03,6.025294405387729944e-03,5.911580950040747941e-03,5.797867494693765070e-03,5.684154039346783066e-03,5.570440583999800195e-03,5.456727128652818191e-03,5.343013673305835320e-03,5.229300217958855052e-03,5.115586762611872181e-03,5.001873307264890177e-03,4.888159851917907306e-03
1.206724419817752775e-02,1.231111159175513059e-02,1.255497898533273517e-02,1.279884637891034148e-02,1.304271377248794432e-02,1.328658116606554890e-02,1.353044855964315347e-02,1.377431595322075632e-02,1.401818334679836089e-02,1.426205074037596374e-02,1.450591813395356831e-02,1.474978552753117289e-02,1.490667052058180717e-02,1.506355551363244144e-02,1.522044050668307745e-02,1.537732549973371346e-02,1.553421049278434773e-02,1.569109548583498201e-02,1.584798047888561628e-02,1.600486547193625056e-02,1.616175046498688483e-02,1.631863545803751911e-02,1.647552045108815338e-02,1.636646837329545912e-02,1.625741629550276832e-02,1.614836421771007405e-02,1.603931213991737978e-02,1.593026006212468898e-02,1.582120798433199471e-02,1.571215590653930391e-02,1.560310382874660964e-02,1.549405175095391711e-02,1.538499967316122458e-02,1.527594759536852857e-02,1.492761332950287047e-02,1.457927906363721063e-02,1.423094479777155079e-02,1.388261053190588921e-02,1.353427626604023111e-02,1.318594200017456954e-02,1.283760773430891143e-02,1.248927346844325159e-02,1.214093920257759175e-02,1.179260493671193191e-02,1.144427067084627207e-02,1.126231051843242306e-02,1.108035036601857232e-02,1.089839021360472157e-02,1.071643006119087256e-02,1.053446990877702182e-02,1.035250975636317280e-02,1.017054960394932206e-02,9.988589451535471314e-03,9.806629299121620569e-03,9.624669146707769823e-03,9.442708994293919078e-03,9.324248229528295934e-03,9.205787464762671055e-03,9.087326699997046175e-03,8.968865935231423031e-03,8.850405170465799887e-03,8.731944405700173273e-03,8.613483640934550128e-03,8.495022876168926984e-03,8.376562111403302105e-03,8.258101346637677226e-03,8.139640581872052347e-03,8.016341620797968331e-03,7.893042659723880847e-03,7.769743698649795097e-03,7.646444737575711081e-03,7.523145776501624464e-03,7.399846815427537847e-03,7.276547854353452097e-03,7.153248893279366347e-03,7.029949932205279729e-03,6.906650971131194847e-03,6.783352010057107362e-03,6.655013816246723411e-03,6.526675622436337726e-03,6.398337428625952908e-03,6.269999234815569825e-03,6.141661041005184139e-03,6.013322847194799321e-03,5.884984653384414503e-03,5.756646459574029685e-03,5.628308265763644867e-03,5.499970071953260049e-03,5.371631878142874364e-03,5.272132604714265328e-03,5.172633331285656291e-03,5.073134057857045520e-03,4.973634784428437351e-03,4.874135510999827448e-03,4.774636237571218411e-03,4.675136964142607640e-03,4.575637690713999471e-03,4.476138417285390435e-03,4.376639143856780531e-03,4.277139870428170627e-03
1.206724419817752775e-02,1.232747011016303677e-02,1.258769602214855100e-02,1.284792193413406003e-02,1.310814784611957426e-02,1.336837375810508675e-02,1.362859967009059578e-02,1.388882558207610828e-02,1.414905149406162077e-02,1.440927740604713153e-02,1.466950331803264576e-02,1.492972923001815652e-02,1.506891013868751072e-02,1.520809104735686666e-02,1.534727195602622260e-02,1.548645286469557680e-02,1.562563377336493448e-02,1.576481468203428868e-02,1.590399559070364288e-02,1.604317649937299708e-02,1.618235740804235476e-02,1.632153831671170896e-02,1.646071922538106316e-02,1.628195547505785837e-02,1.610319172473465704e-02,1.592442797441145225e-02,1.574566422408824745e-02,1.556690047376504613e-02,1.538813672344183960e-02,1.520937297311863480e-02,1.503060922279543001e-02,1.485184547247222694e-02,1.467308172214902215e-02,1.449431797182581562e-02,1.409605048423504502e-02,1.369778299664427268e-02,1.329951550905349861e-02,1.290124802146272801e-02,1.250298053387195393e-02,1.210471304628118160e-02,1.170644555869040752e-02,1.130817807109963692e-02,1.090991058350886458e-02,1.051164309591809225e-02,1.011337560832732164e-02,9.929773331800985370e-03,9.746171055274652564e-03,9.562568778748316289e-03,9.378966502221983484e-03,9.195364225695647209e-03,9.011761949169312669e-03,8.828159672642978129e-03,8.644557396116643588e-03,8.460955119590309048e-03,8.277352843063974508e-03,8.093750566537638233e-03,7.992212768167103118e-03,7.890674969796569738e-03,7.789137171426033755e-03,7.687599373055499508e-03,7.586061574684964393e-03,7.484523776314429278e-03,7.382985977943895030e-03,7.281448179573359915e-03,7.179910381202825667e-03,7.078372582832291419e-03,6.976834784461755437e-03,6.871149960683968147e-03,6.765465136906179990e-03,6.659780313128391832e-03,6.554095489350604542e-03,6.448410665572817252e-03,6.342725841795028227e-03,6.237041018017240070e-03,6.131356194239452780e-03,6.025671370461664622e-03,5.919986546683877332e-03,5.814301722906088307e-03,5.704297556782902436e-03,5.594293390659714829e-03,5.484289224536528090e-03,5.374285058413341351e-03,5.264280892290154612e-03,5.154276726166967006e-03,5.044272560043779399e-03,4.934268393920593528e-03,4.824264227797405921e-03,4.714260061674220049e-03,4.604255895551031576e-03,4.518970804040796374e-03,4.433685712530559438e-03,4.348400621020322501e-03,4.263115529510086432e-03,4.177830437999849496e-03,4.092545346489612559e-03,4.007260254979375623e-03,3.921975163469140421e-03,3.836690071958903051e-03,3.751404980448666548e-03,3.666119888938429612e-03
1.206724419817752775e-02,1.234382862857094643e-02,1.262041305896436684e-02,1.289699748935778378e-02,1.317358191975120420e-02,1.345016635014462461e-02,1.372675078053804155e-02,1.400333521093146023e-02,1.427991964132488065e-02,1.455650407171829933e-02,1.483308850211171800e-02,1.510967293250513842e-02,1.523114975679321428e-02,1.535262658108128841e-02,1.547410340536936602e-02,1.559558022965744188e-02,1.571705705394551775e-02,1.583853387823359535e-02,1.596001070252166948e-02,1.608148752680974708e-02,1.620296435109782121e-02,1.632444117538589881e-02,1.644591799967396947e-02,1.619744257682026109e-02,1.594896715396654924e-02,1.570049173111283045e-02,1.545201630825911512e-02,1.520354088540539980e-02,1.495506546255168621e-02,1.470659003969797263e-02,1.445811461684425557e-02,1.420963919399054198e-02,1.396116377113682493e-02,1.371268834828310960e-02,1.326448763896722650e-02,1.281628692965134167e-02,1.236808622033545510e-02,1.191988551101957200e-02,1.147168480170368716e-02,1.102348409238780233e-02,1.057528338307191576e-02,1.012708267375602919e-02,9.678881964440146091e-03,9.230681255124261256e-03,8.782480545808376421e-03,8.597236145169559821e-03,8.411991744530739751e-03,8.226747343891921416e-03,8.041502943253103081e-03,7.856258542614284746e-03,7.671014141975464676e-03,7.485769741336646341e-03,7.300525340697827138e-03,7.115280940059007936e-03,6.930036539420188733e-03,6.744792138781369531e-03,6.660177306805923313e-03,6.575562474830477094e-03,6.490947642855031743e-03,6.406332810879586392e-03,6.321717978904141041e-03,6.237103146928694823e-03,6.152488314953249472e-03,6.067873482977803254e-03,5.983258651002357036e-03,5.898643819026911685e-03,5.814028987051465466e-03,5.725958300569976636e-03,5.637887614088486071e-03,5.549816927606995506e-03,5.461746241125506676e-03,5.373675554644016111e-03,5.285604868162526414e-03,5.197534181681035849e-03,5.109463495199546151e-03,5.021392808718056454e-03,4.933322122236565889e-03,4.845251435755076191e-03,4.753581297319087531e-03,4.661911158883098004e-03,4.570241020447108476e-03,4.478570882011119816e-03,4.386900743575131156e-03,4.295230605139140762e-03,4.203560466703152101e-03,4.111890328267163441e-03,4.020220189831173914e-03,3.928550051395184387e-03,3.836879912959195726e-03,3.765809003367332191e-03,3.694738093775468222e-03,3.623667184183603819e-03,3.552596274591740284e-03,3.481525364999875881e-03,3.410454455408011912e-03,3.339383545816147943e-03,3.268312636224285275e-03,3.197241726632420872e-03,3.126170817040556903e-03,3.055099907448692934e-03
1.206724419817752775e-02,1.236018714697885434e-02,1.265313009578018094e-02,1.294607304458150754e-02,1.323901599338283240e-02,1.353195894218416073e-02,1.382490189098548733e-02,1.411784483978681393e-02,1.441078778858814052e-02,1.470373073738946712e-02,1.499667368619079372e-02,1.528961663499212031e-02,1.539338937489891784e-02,1.549716211480571364e-02,1.560093485471251117e-02,1.570470759461930696e-02,1.580848033452610449e-02,1.591225307443290202e-02,1.601602581433969608e-02,1.611979855424649360e-02,1.622357129415329113e-02,1.632734403406008866e-02,1.643111677396688619e-02,1.611292967858266034e-02,1.579474258319843102e-02,1.547655548781420691e-02,1.515836839242997933e-02,1.484018129704575695e-02,1.452199420166152936e-02,1.420380710627730352e-02,1.388562001089307593e-02,1.356743291550885008e-02,1.324924582012462423e-02,1.293105872474039665e-02,1.243292479369939932e-02,1.193479086265840372e-02,1.143665693161740465e-02,1.093852300057640732e-02,1.044038906953540825e-02,9.942255138494410921e-03,9.444121207453413588e-03,8.945987276412416256e-03,8.447853345371418923e-03,7.949719414330419856e-03,7.451585483289425126e-03,7.264698958538122128e-03,7.077812433786819131e-03,6.890925909035514399e-03,6.704039384284212269e-03,6.517152859532910139e-03,6.330266334781606274e-03,6.143379810030303277e-03,5.956493285279000280e-03,5.769606760527696415e-03,5.582720235776392551e-03,5.395833711025089553e-03,5.328141845444732232e-03,5.260449979864375777e-03,5.192758114284020191e-03,5.125066248703662869e-03,5.057374383123307282e-03,4.989682517542949960e-03,4.921990651962594374e-03,4.854298786382237052e-03,4.786606920801881465e-03,4.718915055221524144e-03,4.651223189641167689e-03,4.580766640455976452e-03,4.510310091270783479e-03,4.439853542085592242e-03,4.369396992900400137e-03,4.298940443715208032e-03,4.228483894530015927e-03,4.158027345344823822e-03,4.087570796159632584e-03,4.017114246974440479e-03,3.946657697789248374e-03,3.876201148604056269e-03,3.802865037855265688e-03,3.729528927106473806e-03,3.656192816357682791e-03,3.582856705608892210e-03,3.509520594860100762e-03,3.436184484111309313e-03,3.362848373362517865e-03,3.289512262613727284e-03,3.216176151864935835e-03,3.142840041116144387e-03,3.069503930367352938e-03,3.012647202693862370e-03,2.955790475020370935e-03,2.898933747346879499e-03,2.842077019673388931e-03,2.785220291999897929e-03,2.728363564326406494e-03,2.671506836652915492e-03,2.614650108979424924e-03,2.557793381305933922e-03,2.500936653632442920e-03,2.444079925958951485e-03
1.206724419817752775e-02,1.237654566538676226e-02,1.268584713259599504e-02,1.299514859980523129e-02,1.330445006701446234e-02,1.361375153422369685e-02,1.392305300143293137e-02,1.423235446864216588e-02,1.454165593585140040e-02,1.485095740306063318e-02,1.516025887026986770e-02,1.546956033747910048e-02,1.555562899300461967e-02,1.564169764853013539e-02,1.572776630405565632e-02,1.581383495958117030e-02,1.589990361510669123e-02,1.598597227063220869e-02,1.607204092615772267e-02,1.615810958168324013e-02,1.624417823720875759e-02,1.633024689273427851e-02,1.641631554825979250e-02,1.602841678034505613e-02,1.564051801243032322e-02,1.525261924451558511e-02,1.486472047660084873e-02,1.447682170868611409e-02,1.408892294077137598e-02,1.370102417285663787e-02,1.331312540494190150e-02,1.292522663702716512e-02,1.253732786911242875e-02,1.214942910119769411e-02,1.160136194843158081e-02,1.105329479566547271e-02,1.050522764289935941e-02,9.957160490133253050e-03,9.409093337367139750e-03,8.861026184601029920e-03,8.312959031834921825e-03,7.764891879068810260e-03,7.216824726302700430e-03,6.668757573536590599e-03,6.120690420770482504e-03,5.932161771906694844e-03,5.743633123042908052e-03,5.555104474179119525e-03,5.366575825315333600e-03,5.178047176451545941e-03,4.989518527587758281e-03,4.800989878723970622e-03,4.612461229860182962e-03,4.423932580996395303e-03,4.235403932132607643e-03,4.046875283268819117e-03,3.996106384083551559e-03,3.945337484898284869e-03,3.894568585713016878e-03,3.843799686527749754e-03,3.793030787342482196e-03,3.742261888157214639e-03,3.691492988971947515e-03,3.640724089786679957e-03,3.589955190601412834e-03,3.539186291416145710e-03,3.488417392230877719e-03,3.435574980341984073e-03,3.382732568453089995e-03,3.329890156564195916e-03,3.277047744675302271e-03,3.224205332786408626e-03,3.171362920897514114e-03,3.118520509008620035e-03,3.065678097119726390e-03,3.012835685230832311e-03,2.959993273341938666e-03,2.907150861453044154e-03,2.852148778391451218e-03,2.797146695329857415e-03,2.742144612268264045e-03,2.687142529206670676e-03,2.632140446145077306e-03,2.577138363083483503e-03,2.522136280021889700e-03,2.467134196960296764e-03,2.412132113898702961e-03,2.357130030837110025e-03,2.302127947775515788e-03,2.259485402020398187e-03,2.216842856265279719e-03,2.174200310510161251e-03,2.131557764755043216e-03,2.088915218999924748e-03,2.046272673244806280e-03,2.003630127489687811e-03,1.960987581734570211e-03,1.918345035979451526e-03,1.875702490224333274e-03,1.833059944469214806e-03
1.206724419817752775e-02,1.239290418379466671e-02,1.271856416941181088e-02,1.304422415502895158e-02,1.336988414064609401e-02,1.369554412626323645e-02,1.402120411188037714e-02,1.434686409749751784e-02,1.467252408311466028e-02,1.499818406873180097e-02,1.532384405434894341e-02,1.564950403996608758e-02,1.571786861111032496e-02,1.578623318225455888e-02,1.585459775339879626e-02,1.592296232454303712e-02,1.599132689568727450e-02,1.605969146683151536e-02,1.612805603797575621e-02,1.619642060911999359e-02,1.626478518026423098e-02,1.633314975140846836e-02,1.640151432255270575e-02,1.594390388210745538e-02,1.548629344166221021e-02,1.502868300121696157e-02,1.457107256077171294e-02,1.411346212032646777e-02,1.365585167988121740e-02,1.319824123943597050e-02,1.274063079899072359e-02,1.228302035854547496e-02,1.182540991810022632e-02,1.136779947765497942e-02,1.076979910316375882e-02,1.017179872867253303e-02,9.573798354181310699e-03,8.975797979690088371e-03,8.377797605198864309e-03,7.779797230707642848e-03,7.181796856216417918e-03,6.583796481725194723e-03,5.985796107233973262e-03,5.387795732742750067e-03,4.789795358251530341e-03,4.599624585275258019e-03,4.409453812298985698e-03,4.219283039322714243e-03,4.029112266346443656e-03,3.838941493370171334e-03,3.648770720393899880e-03,3.458599947417627558e-03,3.268429174441355670e-03,3.078258401465083349e-03,2.888087628488811894e-03,2.697916855512539572e-03,2.664070922722361345e-03,2.630224989932183552e-03,2.596379057142004891e-03,2.562533124351827098e-03,2.528687191561648437e-03,2.494841258771470643e-03,2.460995325981292416e-03,2.427149393191114189e-03,2.393303460400935962e-03,2.359457527610757735e-03,2.325611594820579508e-03,2.290383320227983889e-03,2.255155045635387837e-03,2.219926771042791784e-03,2.184698496450196165e-03,2.149470221857600113e-03,2.114241947265004494e-03,2.079013672672408441e-03,2.043785398079812389e-03,2.008557123487216770e-03,1.973328848894620718e-03,1.938100574302024665e-03,1.901432518927629375e-03,1.864764463553233867e-03,1.828096408178838143e-03,1.791428352804442852e-03,1.754760297430047128e-03,1.718092242055651621e-03,1.681424186681256113e-03,1.644756131306860389e-03,1.608088075932464882e-03,1.571420020558069591e-03,1.534751965183673650e-03,1.506323601346928583e-03,1.477895237510183082e-03,1.449466873673437364e-03,1.421038509836691863e-03,1.392610145999946362e-03,1.364181782163200862e-03,1.335753418326455361e-03,1.307325054489710077e-03,1.278896690652964359e-03,1.250468326816219075e-03,1.222039962979473574e-03
1.206724419817752775e-02,1.240926270220257810e-02,1.275128120622762498e-02,1.309329971025267533e-02,1.343531821427772395e-02,1.377733671830277257e-02,1.411935522232782118e-02,1.446137372635286980e-02,1.480339223037792015e-02,1.514541073440296877e-02,1.548742923842801739e-02,1.582944774245306774e-02,1.588010822921602505e-02,1.593076871597898236e-02,1.598142920274194662e-02,1.603208968950490393e-02,1.608275017626786124e-02,1.613341066303081855e-02,1.618407114979377934e-02,1.623473163655673665e-02,1.628539212331969743e-02,1.633605261008265475e-02,1.638671309684561206e-02,1.585939098386985463e-02,1.533206887089409720e-02,1.480474675791833977e-02,1.427742464494258061e-02,1.375010253196682318e-02,1.322278041899106402e-02,1.269545830601530659e-02,1.216813619303954916e-02,1.164081408006379173e-02,1.111349196708803083e-02,1.058616985411227340e-02,9.938236257895936843e-03,9.290302661679602017e-03,8.642369065463267191e-03,7.994435469246932366e-03,7.346501873030594938e-03,6.698568276814260113e-03,6.050634680597924420e-03,5.402701084381588727e-03,4.754767488165254768e-03,4.106833891948919943e-03,3.458900295732587719e-03,3.267087398643830735e-03,3.075274501555074619e-03,2.883461604466318936e-03,2.691648707377563687e-03,2.499835810288807136e-03,2.308022913200051020e-03,2.116210016111294903e-03,1.924397119022538570e-03,1.732584221933782236e-03,1.540771324845026337e-03,1.348958427756269786e-03,1.332035461361180673e-03,1.315112494966091776e-03,1.298189528571002446e-03,1.281266562175913549e-03,1.264343595780824218e-03,1.247420629385735322e-03,1.230497662990646208e-03,1.213574696595557095e-03,1.196651730200467981e-03,1.179728763805378867e-03,1.162805797410289754e-03,1.145191660113991945e-03,1.127577522817693918e-03,1.109963385521395892e-03,1.092349248225098083e-03,1.074735110928800056e-03,1.057120973632502247e-03,1.039506836336204221e-03,1.021892699039906195e-03,1.004278561743608385e-03,9.866644244473103589e-04,9.690502871510123326e-04,9.507162594638146873e-04,9.323822317766169336e-04,9.140482040894190715e-04,8.957141764022214262e-04,8.773801487150235641e-04,8.590461210278258104e-04,8.407120933406280567e-04,8.223780656534301946e-04,8.040440379662324409e-04,7.857100102790347956e-04,7.673759825918368251e-04,7.531618006734642915e-04,7.389476187550915410e-04,7.247334368367186822e-04,7.105192549183459317e-04,6.963050729999731812e-04,6.820908910816004308e-04,6.678767091632276803e-04,6.536625272448550383e-04,6.394483453264821794e-04,6.252341634081095374e-04,6.110199814897367869e-04
1.206724419817752948e-02,1.242562122061048428e-02,1.278399824304343908e-02,1.314237526547639909e-02,1.350075228790935562e-02,1.385912931034231216e-02,1.421750633277526696e-02,1.457588335520822523e-02,1.493426037764118003e-02,1.529263740007413830e-02,1.565101442250709310e-02,1.600939144494005137e-02,1.604234784732172861e-02,1.607530424970340932e-02,1.610826065208508656e-02,1.614121705446676727e-02,1.617417345684844451e-02,1.620712985923012522e-02,1.624008626161180593e-02,1.627304266399348318e-02,1.630599906637516042e-02,1.633895546875684113e-02,1.637191187113851837e-02,1.577487808563224694e-02,1.517784430012598246e-02,1.458081051461971103e-02,1.398377672911344134e-02,1.338674294360717165e-02,1.278970915810090023e-02,1.219267537259463227e-02,1.159564158708836432e-02,1.099860780158209463e-02,1.040157401607582320e-02,9.804540230569553511e-03,9.106673412628107922e-03,8.408806594686660599e-03,7.710939776745213275e-03,7.013072958803766820e-03,6.315206140862319496e-03,5.617339322920873040e-03,4.919472504979425717e-03,4.221605687037978394e-03,3.523738869096532372e-03,2.825872051155085482e-03,2.128005233213642062e-03,1.934550212012401717e-03,1.741095190811161372e-03,1.547640169609921026e-03,1.354185148408682199e-03,1.160730127207441854e-03,9.672751060062016173e-04,7.738200848049612722e-04,5.803650636037209270e-04,3.869100424024805277e-04,1.934550212012403723e-04,0.000000000000000000e+00,0.000000000000000000e+00,0.000000000000000000e+00,0.000000000000000000e+00,0.000000000000000000e+00,0.000000000000000000e+00,0.000000000000000000e+00,0.000000000000000000e+00,0.000000000000000000e+00,0.000000000000000000e+00,0.000000000000000000e+00,0.000000000000000000e+00,0.000000000000000000e+00,0.000000000000000000e+00,0.000000000000000000e+00,0.000000000000000000e+00,0.000000000000000000e+00,0.000000000000000000e+00,0.000000000000000000e+00,0.000000000000000000e+00,0.000000000000000000e+00,0.000000000000000000e+00,0.000000000000000000e+00,0.000000000000000000e+00,0.000000000000000000e+00,0.000000000000000000e+00,0.000000000000000000e+00,0.000000000000000000e+00,0.000000000000000000e+00,0.000000000000000000e+00,0.000000000000000000e+00,0.000000000000000000e+00,0.000000000000000000e+00,0.000000000000000000e+00,0.000000000000000000e+00,0.000000000000000000e+00,0.000000000000000000e+00,0.000000000000000000e+00,0.000000000000000000e+00,0.000000000000000000e+00,0.000000000000000000e+00,0.000000000000000000e+00,0.000000000000000000e+00,0.000000000000000000e+00,0.000000000000000000e+00
1.206724419817752775e-02,1.243834816312169682e-02,1.280945212806586242e-02,1.318055609301003323e-02,1.355166005795420230e-02,1.392276402289837137e-02,1.429386798784254044e-02,1.466497195278670951e-02,1.503607591773087684e-02,1.540717988267504591e-02,1.577828384761921499e-02,1.614938781256338232e-02,1.612611690308113355e-02,1.610284599359889171e-02,1.607957508411664641e-02,1.605630417463439763e-02,1.603303326515215232e-02,1.600976235566990355e-02,1.598649144618765824e-02,1.596322053670541294e-02,1.593994962722316416e-02,1.591667871774091886e-02,1.589340780825867008e-02,1.525980146576715046e-02,1.462619512327563431e-02,1.399258878078411122e-02,1.335898243829259160e-02,1.272537609580107025e-02,1.209176975330955063e-02,1.145816341081803101e-02,1.082455706832650966e-02,1.019095072583499004e-02,9.557344383343466948e-03,8.923738040851950798e-03,8.288357329139262389e-03,7.652976617426576582e-03,7.017595905713890775e-03,6.382215194001203233e-03,5.746834482288517426e-03,5.111453770575830752e-03,4.476073058863144077e-03,3.840692347150457837e-03,3.205311635437772030e-03,2.569930923725084922e-03,1.934550212012402367e-03,1.758682010920365650e-03,1.582813809828328934e-03,1.406945608736292217e-03,1.231077407644256801e-03,1.055209206552220084e-03,8.793410054601834757e-04,7.034728043681467589e-04,5.276046032761100421e-04,3.517364021840732710e-04,1.758682010920367439e-04,0.000000000000000000e+00,0.000000000000000000e+00,0.000000000000000000e+00,0.000000000000000000e+00,0.000000000000000000e+00,0.000000000000000000e+00,0.000000000000000000e+00,0.000000000000000000e+00,0.000000000000000000e+00,0.000000000000000000e+00,0.000000000000000000e+00,0.000000000000000000e+00,0.000000000000000000e+00,0.000000000000000000e+00,0.000000000000000000e+00,0.000000000000000000e+00,0.000000000000000000e+00,0.000000000000000000e+00,0.000000000000000000e+00,0.000000000000000000e+00,0.000000000000000000e+00,0.000000000000000000e+00,0.000000000000000000e+00,0.000000000000000000e+00,0.000000000000000000e+00,0.000000000000000000e+00,0.000000000000000000e+00,0.000000000000000000e+00,0.000000000000000000e+00,0.000000000000000000e+00,0.000000000000000000e+00,0.000000000000000000e+00,0.000000000000000000e+00,0.000000000000000000e+00,0.000000000000000000e+00,0.000000000000000000e+00,0.000000000000000000e+00,0.000000000000000000e+00,0.000000000000000000e+00,0.000000000000000000e+00,0.000000000000000000e+00,0.000000000000000000e+00,0.000000000000000000e+00,0.000000000000000000e+00,0.000000000000000000e+00
1.206724419817752775e-02,1.245107510563290762e-02,1.283490601308828923e-02,1.321873692054366736e-02,1.360256782799904723e-02,1.398639873545443058e-02,1.437022964290981218e-02,1.475406055036519205e-02,1.513789145782057192e-02,1.552172236527595353e-02,1.590555327273133687e-02,1.628938418018671674e-02,1.620988595884054195e-02,1.613038773749437063e-02,1.605088951614819931e-02,1.597139129480202799e-02,1.589189307345585667e-02,1.581239485210968534e-02,1.573289663076351402e-02,1.565339840941733923e-02,1.557390018807116965e-02,1.549440196672500006e-02,1.541490374537882353e-02,1.474472484590205572e-02,1.407454594642528443e-02,1.340436704694851142e-02,1.273418814747174013e-02,1.206400924799497232e-02,1.139383034851819930e-02,1.072365144904142802e-02,1.005347254956465673e-02,9.383293650087885449e-03,8.713114750611114165e-03,8.042935851134342881e-03,7.470041245650418590e-03,6.897146640166492565e-03,6.324252034682565672e-03,5.751357429198640514e-03,5.178462823714714489e-03,4.605568218230788463e-03,4.032673612746862438e-03,3.459779007262936412e-03,2.886884401779011254e-03,2.313989796295085229e-03,1.741095190811162456e-03,1.582813809828329584e-03,1.424532428845496496e-03,1.266251047862663190e-03,1.107969666879831403e-03,9.496882858969982058e-04,7.914069049141653342e-04,6.331255239313322456e-04,4.748441429484991029e-04,3.165627619656660144e-04,1.582813809828331156e-04,0.000000000000000000e+00,0.000000000000000000e+00,0.000000000000000000e+00,0.000000000000000000e+00,0.000000000000000000e+00,0.000000000000000000e+00,0.000000000000000000e+00,0.000000000000000000e+00,0.000000000000000000e+00,0.000000000000000000e+00,0.000000000000000000e+00,0.000000000000000000e+00,0.000000000000000000e+00,0.000000000000000000e+00,0.000000000000000000e+00,0.000000000000000000e+00,0.000000000000000000e+00,0.000000000000000000e+00,0.000000000000000000e+00,0.000000000000000000e+00,0.000000000000000000e+00,0.000000000000000000e+00,0.000000000000000000e+00,0.000000000000000000e+00,0.000000000000000000e+00,0.000000000000000000e+00,0.000000000000000000e+00,0.000000000000000000e+00,0.000000000000000000e+00,0.000000000000000000e+00,0.000000000000000000e+00,0.000000000000000000e+00,0.000000000000000000e+00,0.000000000000000000e+00,0.000000000000000000e+00,0.000000000000000000e+00,0.000000000000000000e+00,0.000000000000000000e+00,0.000000000000000000e+00,0.000000000000000000e+00,0.000000000000000000e+00,0.000000000000000000e+00,0.000000000000000000e+00,0.000000000000000000e+00,0.000000000000000000e+00
1.206724419817752775e-02,1.246380204814412015e-02,1.286035989811071256e-02,1.325691774807730670e-02,1.365347559804390085e-02,1.405003344801049325e-02,1.444659129797708393e-02,1.484314914794367807e-02,1.523970699791027048e-02,1.563626484787686288e-02,1.603282269784345876e-02,1.642938054781005117e-02,1.629365501459995036e-02,1.615792948138985302e-02,1.602220394817975915e-02,1.588647841496965835e-02,1.575075288175956101e-02,1.561502734854946541e-02,1.547930181533936980e-02,1.534357628212927246e-02,1.520785074891917686e-02,1.507212521570907779e-02,1.493639968249898045e-02,1.422964822603695750e-02,1.352289676957493803e-02,1.281614531311291508e-02,1.210939385665089560e-02,1.140264240018887092e-02,1.069589094372684797e-02,9.989139487264828490e-03,9.282388030802805542e-03,8.575636574340782595e-03,7.868885117878759647e-03,7.162133661416739301e-03,6.651725162161574792e-03,6.141316662906408548e-03,5.630908163651243171e-03,5.120499664396078662e-03,4.610091165140913286e-03,4.099682665885747909e-03,3.589274166630581665e-03,3.078865667375416289e-03,2.568457168120250912e-03,2.058048668865085536e-03,1.547640169609922978e-03,1.406945608736293518e-03,1.266251047862664058e-03,1.125556486989034597e-03,9.848619261154060046e-04,8.441673652417765444e-04,7.034728043681473010e-04,5.627782434945178408e-04,4.220836826208882722e-04,2.813891217472588120e-04,1.406945608736294873e-04,0.000000000000000000e+00,0.000000000000000000e+00,0.000000000000000000e+00,0.000000000000000000e+00,0.000000000000000000e+00,0.000000000000000000e+00,0.000000000000000000e+00,0.000000000000000000e+00,0.000000000000000000e+00,0.000000000000000000e+00,0.000000000000000000e+00,0.000000000000000000e+00,0.000000000000000000e+00,0.000000000000000000e+00,0.000000000000000000e+00,0.000000000000000000e+00,0.000000000000000000e+00,0.000000000000000000e+00,0.000000000000000000e+00,0.000000000000000000e+00,0.000000000000000000e+00,0.000000000000000000e+00,0.000000000000000000e+00,0.000000000000000000e+00,0.000000000000000000e+00,0.000000000000000000e+00,0.000000000000000000e+00,0.000000000000000000e+00,0.000000000000000000e+00,0.000000000000000000e+00,0.000000000000000000e+00,0.000000000000000000e+00,0.000000000000000000e+00,0.000000000000000000e+00,0.000000000000000000e+00,0.000000000000000000e+00,0.000000000000000000e+00,0.000000000000000000e+00,0.000000000000000000e+00,0.000000000000000000e+00,0.000000000000000000e+00,0.000000000000000000e+00,0.000000000000000000e+00,0.000000000000000000e+00,0.000000000000000000e+00
1.206724419817752775e-02,1.247652899065533096e-02,1.288581378313313763e-02,1.329509857561094084e-02,1.370438336808874752e-02,1.411366816056655246e-02,1.452295295304435567e-02,1.493223774552216235e-02,1.534152253799996729e-02,1.575080733047777570e-02,1.616009212295557718e-02,1.656937691543337865e-02,1.637742407035935530e-02,1.618547122528533888e-02,1.599351838021131206e-02,1.580156553513728870e-02,1.560961269006326708e-02,1.541765984498924547e-02,1.522570699991522038e-02,1.503375415484119702e-02,1.484180130976717367e-02,1.464984846469315205e-02,1.445789561961912523e-02,1.371457160617185235e-02,1.297124759272458121e-02,1.222792357927730833e-02,1.148459956583003545e-02,1.074127555238276258e-02,9.997951538935486229e-03,9.254627525488213352e-03,8.511303512040940475e-03,7.767979498593666730e-03,7.024655485146392986e-03,6.281331471699120976e-03,5.833409078672717983e-03,5.385486685646313255e-03,4.937564292619910263e-03,4.489641899593506402e-03,4.041719506567101675e-03,3.593797113540697814e-03,3.145874720514293954e-03,2.697952327487890094e-03,2.250029934461486233e-03,1.802107541435082156e-03,1.354185148408680248e-03,1.231077407644254849e-03,1.107969666879829234e-03,9.848619261154036193e-04,8.617541853509788716e-04,7.386464445865532566e-04,6.155387038221278584e-04,4.924309630577022433e-04,3.693232222932766283e-04,2.462154815288510675e-04,1.231077407644255879e-04,0.000000000000000000e+00,0.000000000000000000e+00,0.000000000000000000e+00,0.000000000000000000e+00,0.000000000000000000e+00,0.000000000000000000e+00,0.000000000000000000e+00,0.000000000000000000e+00,0.000000000000000000e+00,0.000000000000000000e+00,0.000000000000000000e+00,0.000000000000000000e+00,0.000000000000000000e+00,0.000000000000000000e+00,0.000000000000000000e+00,0.000000000000000000e+00,0.000000000000000000e+00,0.000000000000000000e+00,0.000000000000000000e+00,0.000000000000000000e+00,0.000000000000000000e+00,0.000000000000000000e+00,0.000000000000000000e+00,0.000000000000000000e+00,0.000000000000000000e+00,0.000000000000000000e+00,0.000000000000000000e+00,0.000000000000000000e+00,0.000000000000000000e+00,0.000000000000000000e+00,0.000000000000000000e+00,0.000000000000000000e+00,0.000000000000000000e+00,0.000000000000000000e+00,0.000000000000000000e+00,0.000000000000000000e+00,0.000000000000000000e+00,0.000000000000000000e+00,0.000000000000000000e+00,0.000000000000000000e+00,0.000000000000000000e+00,0.000000000000000000e+00,0.000000000000000000e+00,0.000000000000000000e+00,0.000000000000000000e+00
1.206724419817752775e-02,1.248925593316654349e-02,1.291126766815556270e-02,1.333327940314457671e-02,1.375529113813359593e-02,1.417730287312261167e-02,1.459931460811162915e-02,1.502132634310064663e-02,1.544333807808966411e-02,1.586534981307868158e-02,1.628736154806769559e-02,1.670937328305670960e-02,1.646119312611876717e-02,1.621301296918081780e-02,1.596483281224287190e-02,1.571665265530492253e-02,1.546847249836697143e-02,1.522029234142902379e-02,1.497211218449107789e-02,1.472393202755312852e-02,1.447575187061517915e-02,1.422757171367723152e-02,1.397939155673928041e-02,1.319949498630675760e-02,1.241959841587423480e-02,1.163970184544171026e-02,1.085980527500918572e-02,1.007990870457666291e-02,9.300012134144136633e-03,8.520115563711612092e-03,7.740218993279089285e-03,6.960322422846563876e-03,6.180425852414038468e-03,5.400529281981517396e-03,5.015092995183874185e-03,4.629656708386230106e-03,4.244220421588586895e-03,3.858784134790943683e-03,3.473347847993299604e-03,3.087911561195655959e-03,2.702475274398012748e-03,2.317038987600369103e-03,1.931602700802725892e-03,1.546166414005082246e-03,1.160730127207440770e-03,1.055209206552219000e-03,9.496882858969969048e-04,8.441673652417749181e-04,7.386464445865536903e-04,6.331255239313315951e-04,5.276046032761098252e-04,4.220836826208878385e-04,3.165627619656657976e-04,2.110418413104438379e-04,1.055209206552219867e-04,0.000000000000000000e+00,0.000000000000000000e+00,0.000000000000000000e+00,0.000000000000000000e+00,0.000000000000000000e+00,0.000000000000000000e+00,0.000000000000000000e+00,0.000000000000000000e+00,0.000000000000000000e+00,0.000000000000000000e+00,0.000000000000000000e+00,0.000000000000000000e+00,0.000000000000000000e+00,0.000000000000000000e+00,0.000000000000000000e+00,0.000000000000000000e+00,0.000000000000000000e+00,0.000000000000000000e+00,0.000000000000000000e+00,0.000000000000000000e+00,0.000000000000000000e+00,0.000000000000000000e+00,0.000000000000000000e+00,0.000000000000000000e+00,0.000000000000000000e+00,0.000000000000000000e+00,0.000000000000000000e+00,0.000000000000000000e+00,0.000000000000000000e+00,0.000000000000000000e+00,0.000000000000000000e+00,0.000000000000000000e+00,0.000000000000000000e+00,0.000000000000000000e+00,0.000000000000000000e+00,0.000000000000000000e+00,0.000000000000000000e+00,0.000000000000000000e+00,0.000000000000000000e+00,0.000000000000000000e+00,0.000000000000000000e+00,0.000000000000000000e+00,0.000000000000000000e+00,0.000000000000000000e+00,0.000000000000000000e+00
1.206724419817752775e-02,1.250198287567775429e-02,1.293672155317798604e-02,1.337146023067821432e-02,1.380619890817844260e-02,1.424093758567867435e-02,1.467567626317890436e-02,1.511041494067913091e-02,1.554515361817936092e-02,1.597989229567959094e-02,1.641463097317982095e-02,1.684936965068004402e-02,1.654496218187817211e-02,1.624055471307630019e-02,1.593614724427442828e-02,1.563173977547255289e-02,1.532733230667067924e-02,1.502292483786880559e-02,1.471851736906693194e-02,1.441410990026505828e-02,1.410970243146318637e-02,1.380529496266131098e-02,1.350088749385943560e-02,1.268441836644166286e-02,1.186794923902389012e-02,1.105148011160611218e-02,1.023501098418833771e-02,9.418541856770561507e-03,8.602072729352787037e-03,7.785603601935009964e-03,6.969134474517235493e-03,6.152665347099460155e-03,5.336196219681683083e-03,4.519727092263912949e-03,4.196776911695029519e-03,3.873826731126146089e-03,3.550876550557263527e-03,3.227926369988380530e-03,2.904976189419497101e-03,2.582026008850614104e-03,2.259075828281731108e-03,1.936125647712848112e-03,1.613175467143965550e-03,1.290225286575082337e-03,9.672751060062010752e-04,8.793410054601828252e-04,7.914069049141643584e-04,7.034728043681460000e-04,6.155387038221282921e-04,5.276046032761099337e-04,4.396705027300916837e-04,3.517364021840733252e-04,2.638023016380549668e-04,1.758682010920366084e-04,8.793410054601835842e-05,0.000000000000000000e+00,0.000000000000000000e+00,0.000000000000000000e+00,0.000000000000000000e+00,0.000000000000000000e+00,0.000000000000000000e+00,0.000000000000000000e+00,0.000000000000000000e+00,0.000000000000000000e+00,0.000000000000000000e+00,0.000000000000000000e+00,0.000000000000000000e+00,0.000000000000000000e+00,0.000000000000000000e+00,0.000000000000000000e+00,0.000000000000000000e+00,0.000000000000000000e+00,0.000000000000000000e+00,0.000000000000000000e+00,0.000000000000000000e+00,0.000000000000000000e+00,0.000000000000000000e+00,0.000000000000000000e+00,0.000000000000000000e+00,0.000000000000000000e+00,0.000000000000000000e+00,0.000000000000000000e+00,0.000000000000000000e+00,0.000000000000000000e+00,0.000000000000000000e+00,0.000000000000000000e+00,0.000000000000000000e+00,0.000000000000000000e+00,0.000000000000000000e+00,0.000000000000000000e+00,0.000000000000000000e+00,0.000000000000000000e+00,0.000000000000000000e+00,0.000000000000000000e+00,0.000000000000000000e+00,0.000000000000000000e+00,0.000000000000000000e+00,0.000000000000000000e+00,0.000000000000000000e+00,0.000000000000000000e+00
1.206724419817752775e-02,1.251470981818896683e-02,1.296217543820040938e-02,1.340964105821185019e-02,1.385710667822329101e-02,1.430457229823473356e-02,1.475203791824617264e-02,1.519950353825761519e-02,1.564696915826905427e-02,1.609443477828050029e-02,1.654190039829193937e-02,1.698936601830337845e-02,1.662873123763758051e-02,1.626809645697178258e-02,1.590746167630598465e-02,1.554682689564018498e-02,1.518619211497438531e-02,1.482555733430858565e-02,1.446492255364278945e-02,1.410428777297698805e-02,1.374365299231119011e-02,1.338301821164539218e-02,1.302238343097959078e-02,1.216934174657656464e-02,1.131630006217354198e-02,1.046325837777051411e-02,9.610216693367486240e-03,8.757175008964461840e-03,7.904133324561433971e-03,7.051091640158409571e-03,6.198049955755383436e-03,5.345008271352357301e-03,4.491966586949329432e-03,3.638924902546308068e-03,3.378460828206185720e-03,3.117996753866062939e-03,2.857532679525940592e-03,2.597068605185818245e-03,2.336604530845695464e-03,2.076140456505572683e-03,1.815676382165450119e-03,1.555212307825327555e-03,1.294748233485205208e-03,1.034284159145082644e-03,7.738200848049614890e-04,7.034728043681467589e-04,6.331255239313320288e-04,5.627782434945172987e-04,4.924309630577030023e-04,4.220836826208882722e-04,3.517364021840736505e-04,2.813891217472589204e-04,2.110418413104441361e-04,1.406945608736294060e-04,7.034728043681474365e-05,0.000000000000000000e+00,0.000000000000000000e+00,0.000000000000000000e+00,0.000000000000000000e+00,0.000000000000000000e+00,0.000000000000000000e+00,0.000000000000000000e+00,0.000000000000000000e+00,0.000000000000000000e+00,0.000000000000000000e+00,0.000000000000000000e+00,0.000000000000000000e+00,0.000000000000000000e+00,0.000000000000000000e+00,0.000000000000000000e+00,0.000000000000000000e+00,0.000000000000000000e+00,0.000000000000000000e+00,0.000000000000000000e+00,0.000000000000000000e+00,0.000000000000000000e+00,0.000000000000000000e+00,0.000000000000000000e+00,0.000000000000000000e+00,0.000000000000000000e+00,0.000000000000000000e+00,0.000000000000000000e+00,0.000000000000000000e+00,0.000000000000000000e+00,0.000000000000000000e+00,0.000000000000000000e+00,0.000000000000000000e+00,0.000000000000000000e+00,0.000000000000000000e+00,0.000000000000000000e+00,0.000000000000000000e+00,0.000000000000000000e+00,0.000000000000000000e+00,0.000000000000000000e+00,0.000000000000000000e+00,0.000000000000000000e+00,0.000000000000000000e+00,0.000000000000000000e+00,0.000000000000000000e+00,0.000000000000000000e+00
1.206724419817752775e-02,1.252743676070018110e-02,1.298762932322283445e-02,1.344782188574548780e-02,1.390801444826814115e-02,1.436820701079079450e-02,1.482839957331344785e-02,1.528859213583610120e-02,1.574878469835875455e-02,1.620897726088140964e-02,1.666916982340406125e-02,1.712936238592670940e-02,1.671250029339698892e-02,1.629563820086726497e-02,1.587877610833754102e-02,1.546191401580781360e-02,1.504505192327808966e-02,1.462818983074836571e-02,1.421132773821864002e-02,1.379446564568891434e-02,1.337760355315919039e-02,1.296074146062946297e-02,1.254387936809973556e-02,1.165426512671146123e-02,1.076465088532318690e-02,9.875036643934907363e-03,8.985422402546629564e-03,8.095808161158353500e-03,7.206193919770073966e-03,6.316579678381797902e-03,5.426965436993520103e-03,4.537351195605242304e-03,3.647736954216963638e-03,2.758122712828691044e-03,2.560144744717330213e-03,2.362166776605968948e-03,2.164188808494607683e-03,1.966210840383246419e-03,1.768232872271884937e-03,1.570254904160524106e-03,1.372276936049162625e-03,1.174298967937801360e-03,9.763209998264405290e-04,7.783430317150792643e-04,5.803650636037190839e-04,5.276046032761083074e-04,4.748441429484974224e-04,4.220836826208865375e-04,3.693232222932759778e-04,3.165627619656650928e-04,2.638023016380543163e-04,2.110418413104434314e-04,1.582813809828325464e-04,1.055209206552216886e-04,5.276046032761087139e-05,0.000000000000000000e+00,0.000000000000000000e+00,0.000000000000000000e+00,0.000000000000000000e+00,0.000000000000000000e+00,0.000000000000000000e+00,0.000000000000000000e+00,0.000000000000000000e+00,0.000000000000000000e+00,0.000000000000000000e+00,0.000000000000000000e+00,0.000000000000000000e+00,0.000000000000000000e+00,0.000000000000000000e+00,0.000000000000000000e+00,0.000000000000000000e+00,0.000000000000000000e+00,0.000000000000000000e+00,0.000000000000000000e+00,0.000000000000000000e+00,0.000000000000000000e+00,0.000000000000000000e+00,0.000000000000000000e+00,0.000000000000000000e+00,0.000000000000000000e+00,0.000000000000000000e+00,0.000000000000000000e+00,0.000000000000000000e+00,0.000000000000000000e+00,0.000000000000000000e+00,0.000000000000000000e+00,0.000000000000000000e+00,0.000000000000000000e+00,0.000000000000000000e+00,0.000000000000000000e+00,0.000000000000000000e+00,0.000000000000000000e+00,0.000000000000000000e+00,0.000000000000000000e+00,0.000000000000000000e+00,0.000000000000000000e+00,0.000000000000000000e+00,0.000000000000000000e+00,0.000000000000000000e+00,0.000000000000000000e+00
1.206724419817752775e-02,1.254016370321139016e-02,1.301308320824525779e-02,1.348600271327912367e-02,1.395892221831299129e-02,1.443184172334685544e-02,1.490476122838072133e-02,1.537768073341458722e-02,1.585060023844845137e-02,1.632351974348231899e-02,1.679643924851618314e-02,1.726935875355004729e-02,1.679626934915639733e-02,1.632317994476274736e-02,1.585009054036909740e-02,1.537700113597544570e-02,1.490391173158179747e-02,1.443082232718814750e-02,1.395773292279449407e-02,1.348464351840084410e-02,1.301155411400719414e-02,1.253846470961354244e-02,1.206537530521989074e-02,1.113918850684636475e-02,1.021300170847283875e-02,9.286814910099307555e-03,8.360628111725781561e-03,7.434441313352251231e-03,6.508254514978723503e-03,5.582067716605194040e-03,4.655880918231665444e-03,3.729694119858138149e-03,2.803507321484608687e-03,1.877320523111085946e-03,1.741828661228485547e-03,1.606336799345884714e-03,1.470844937463284098e-03,1.335353075580683700e-03,1.199861213698082433e-03,1.064369351815482034e-03,9.288774899328812017e-04,7.933856280502805860e-04,6.578937661676799702e-04,5.224019042850793545e-04,3.869100424024793350e-04,3.517364021840721326e-04,3.165627619656648760e-04,2.813891217472576194e-04,2.462154815288506338e-04,2.110418413104433772e-04,1.758682010920361747e-04,1.406945608736289181e-04,1.055209206552216886e-04,7.034728043681444550e-05,3.517364021840724985e-05,0.000000000000000000e+00,0.000000000000000000e+00,0.000000000000000000e+00,0.000000000000000000e+00,0.000000000000000000e+00,0.000000000000000000e+00,0.000000000000000000e+00,0.000000000000000000e+00,0.000000000000000000e+00,0.000000000000000000e+00,0.000000000000000000e+00,0.000000000000000000e+00,0.000000000000000000e+00,0.000000000000000000e+00,0.000000000000000000e+00,0.000000000000000000e+00,0.000000000000000000e+00,0.000000000000000000e+00,0.000000000000000000e+00,0.000000000000000000e+00,0.000000000000000000e+00,0.000000000000000000e+00,0.000000000000000000e+00,0.000000000000000000e+00,0.000000000000000000e+00,0.000000000000000000e+00,0.000000000000000000e+00,0.000000000000000000e+00,0.000000000000000000e+00,0.000000000000000000e+00,0.000000000000000000e+00,0.000000000000000000e+00,0.000000000000000000e+00,0.000000000000000000e+00,0.000000000000000000e+00,0.000000000000000000e+00,0.000000000000000000e+00,0.000000000000000000e+00,0.000000000000000000e+00,0.000000000000000000e+00,0.000000000000000000e+00,0.000000000000000000e+00,0.000000000000000000e+00,0.000000000000000000e+00,0.000000000000000000e+00
1.206724419817752775e-02,1.255289064572260443e-02,1.303853709326768112e-02,1.352418354081276128e-02,1.400982998835783797e-02,1.449547643590291465e-02,1.498112288344799134e-02,1.546676933099307150e-02,1.595241577853814818e-02,1.643806222608322487e-02,1.692370867362830156e-02,1.740935512117337824e-02,1.688003840491580226e-02,1.635072168865822975e-02,1.582140497240065030e-02,1.529208825614307779e-02,1.476277153988550354e-02,1.423345482362792583e-02,1.370413810737034985e-02,1.317482139111277560e-02,1.264550467485519962e-02,1.211618795859762537e-02,1.158687124234004592e-02,1.062411188698126653e-02,9.661352531622490608e-03,8.698593176263711216e-03,7.735833820904930956e-03,6.773074465546153299e-03,5.810315110187372172e-03,4.847555754828592779e-03,3.884796399469814688e-03,2.922037044111035296e-03,1.959277688752254602e-03,9.965183333934819320e-04,9.235125777396416399e-04,8.505068220858014562e-04,7.775010664319612725e-04,7.044953107781210888e-04,6.314895551242806883e-04,5.584837994704406131e-04,4.854780438166002125e-04,4.124722881627600288e-04,3.394665325089198452e-04,2.664607768550796073e-04,1.934550212012397759e-04,1.758682010920361476e-04,1.582813809828325193e-04,1.406945608736288910e-04,1.231077407644253982e-04,1.055209206552217428e-04,8.793410054601815513e-05,7.034728043681451326e-05,5.276046032761087139e-05,3.517364021840724985e-05,1.758682010920363509e-05,0.000000000000000000e+00,0.000000000000000000e+00,0.000000000000000000e+00,0.000000000000000000e+00,0.000000000000000000e+00,0.000000000000000000e+00,0.000000000000000000e+00,0.000000000000000000e+00,0.000000000000000000e+00,0.000000000000000000e+00,0.000000000000000000e+00,0.000000000000000000e+00,0.000000000000000000e+00,0.000000000000000000e+00,0.000000000000000000e+00,0.000000000000000000e+00,0.000000000000000000e+00,0.000000000000000000e+00,0.000000000000000000e+00,0.000000000000000000e+00,0.000000000000000000e+00,0.000000000000000000e+00,0.000000000000000000e+00,0.000000000000000000e+00,0.000000000000000000e+00,0.000000000000000000e+00,0.000000000000000000e+00,0.000000000000000000e+00,0.000000000000000000e+00,0.000000000000000000e+00,0.000000000000000000e+00,0.000000000000000000e+00,0.000000000000000000e+00,0.000000000000000000e+00,0.000000000000000000e+00,0.000000000000000000e+00,0.000000000000000000e+00,0.000000000000000000e+00,0.000000000000000000e+00,0.000000000000000000e+00,0.000000000000000000e+00,0.000000000000000000e+00,0.000000000000000000e+00,0.000000000000000000e+00,0.000000000000000000e+00
1.206724419817752775e-02,1.256561758823381697e-02,1.306399097829010619e-02,1.356236436834639542e-02,1.406073775840268464e-02,1.455911114845897733e-02,1.505748453851526308e-02,1.555585792857155578e-02,1.605423131862784500e-02,1.655260470868413422e-02,1.705097809874042344e-02,1.754935148879671267e-02,1.696380746067521067e-02,1.637826343255371214e-02,1.579271940443221015e-02,1.520717537631070988e-02,1.462163134818920789e-02,1.403608732006770762e-02,1.345054329194620563e-02,1.286499926382470710e-02,1.227945523570320510e-02,1.169391120758170310e-02,1.110836717946020111e-02,1.010903526711617179e-02,9.109703354772144199e-03,8.110371442428113142e-03,7.111039530084082953e-03,6.111707617740052764e-03,5.112375705396021708e-03,4.113043793051990651e-03,3.113711880707960896e-03,2.114379968363930707e-03,1.115048056019899434e-03,1.157161436758766444e-04,1.051964942507969605e-04,9.467684482571724959e-05,8.415719540063753862e-05,7.363754597555785476e-05,6.311789655047813025e-05,5.259824712539843962e-05,4.207859770031873543e-05,3.155894827523902447e-05,2.103929885015933383e-05,1.051964942507962795e-05,0.000000000000000000e+00,0.000000000000000000e+00,0.000000000000000000e+00,0.000000000000000000e+00,0.000000000000000000e+00,0.000000000000000000e+00,0.000000000000000000e+00,0.000000000000000000e+00,0.000000000000000000e+00,0.000000000000000000e+00,0.000000000000000000e+00,0.000000000000000000e+00,0.000000000000000000e+00,0.000000000000000000e+00,0.000000000000000000e+00,0.000000000000000000e+00,0.000000000000000000e+00,0.000000000000000000e+00,0.000000000000000000e+00,0.000000000000000000e+00,0.000000000000000000e+00,0.000000000000000000e+00,0.000000000000000000e+00,0.000000000000000000e+00,0.000000000000000000e+00,0.000000000000000000e+00,0.000000000000000000e+00,0.000000000000000000e+00,0.000000000000000000e+00,0.000000000000000000e+00,0.000000000000000000e+00,0.000000000000000000e+00,0.000000000000000000e+00,0.000000000000000000e+00,0.000000000000000000e+00,0.000000000000000000e+00,0.000000000000000000e+00,0.000000000000000000e+00,0.000000000000000000e+00,0.000000000000000000e+00,0.000000000000000000e+00,0.000000000000000000e+00,0.000000000000000000e+00,0.000000000000000000e+00,0.000000000000000000e+00,0.000000000000000000e+00,0.000000000000000000e+00,0.000000000000000000e+00,0.000000000000000000e+00,0.000000000000000000e+00,0.000000000000000000e+00,0.000000000000000000e+00,0.000000000000000000e+00,0.000000000000000000e+00,0.000000000000000000e+00,0.000000000000000000e+00
1.206724419817752775e-02,1.256872542372101942e-02,1.307020664926450935e-02,1.357168787480800276e-02,1.407316910035149443e-02,1.457465032589498610e-02,1.507613155143847777e-02,1.557761277698197118e-02,1.607909400252546112e-02,1.658057522806895279e-02,1.708205645361244446e-02,1.758353767915593266e-02,1.695860169023170189e-02,1.633366570130747458e-02,1.570872971238324034e-02,1.508379372345900957e-02,1.445885773453477532e-02,1.383392174561054282e-02,1.320898575668631031e-02,1.258404976776207780e-02,1.195911377883784529e-02,1.133417778991361452e-02,1.070924180098938028e-02,9.745237682194962323e-03,8.781233563400549572e-03,7.817229444606129882e-03,6.853225325811712794e-03,5.889221207017294839e-03,4.925217088222876884e-03,3.961212969428459796e-03,2.997208850634043142e-03,2.033204731839625620e-03,1.069200613045207015e-03,1.051964942507968521e-04,9.563317659163349824e-05,8.606985893247014435e-05,7.650654127330679046e-05,6.694322361414342302e-05,5.737990595498006235e-05,4.781658829581671524e-05,3.825327063665335457e-05,2.868995297748999391e-05,1.912663531832665018e-05,9.563317659163289515e-06,0.000000000000000000e+00,0.000000000000000000e+00,0.000000000000000000e+00,0.000000000000000000e+00,0.000000000000000000e+00,0.000000000000000000e+00,0.000000000000000000e+00,0.000000000000000000e+00,0.000000000000000000e+00,0.000000000000000000e+00,0.000000000000000000e+00,0.000000000000000000e+00,0.000000000000000000e+00,0.000000000000000000e+00,0.000000000000000000e+00,0.000000000000000000e+00,0.000000000000000000e+00,0.000000000000000000e+00,0.000000000000000000e+00,0.000000000000000000e+00,0.000000000000000000e+00,0.000000000000000000e+00,0.000000000000000000e+00,0.000000000000000000e+00,0.000000000000000000e+00,0.000000000000000000e+00,0.000000000000000000e+00,0.000000000000000000e+00,0.000000000000000000e+00,0.000000000000000000e+00,0.000000000000000000e+00,0.000000000000000000e+00,0.000000000000000000e+00,0.000000000000000000e+00,0.000000000000000000e+00,0.000000000000000000e+00,0.000000000000000000e+00,0.000000000000000000e+00,0.000000000000000000e+00,0.000000000000000000e+00,0.000000000000000000e+00,0.000000000000000000e+00,0.000000000000000000e+00,0.000000000000000000e+00,0.000000000000000000e+00,0.000000000000000000e+00,0.000000000000000000e+00,0.000000000000000000e+00,0.000000000000000000e+00,0.000000000000000000e+00,0.000000000000000000e+00,0.000000000000000000e+00,0.000000000000000000e+00,0.000000000000000000e+00,0.000000000000000000e+00,0.000000000000000000e+00
1.206724419817752775e-02,1.257183325920822187e-02,1.307642232023891599e-02,1.358101138126960664e-02,1.408560044230030249e-02,1.459018950333099661e-02,1.509477856436168899e-02,1.559936762539238311e-02,1.610395668642307723e-02,1.660854574745377482e-02,1.711313480848446547e-02,1.761772386951515612e-02,1.695339591978819657e-02,1.628906797006123008e-02,1.562474002033426880e-02,1.496041207060730578e-02,1.429608412088034276e-02,1.363175617115338148e-02,1.296742822142641673e-02,1.230310027169945544e-02,1.163877232197249242e-02,1.097444437224552767e-02,1.031011642251856465e-02,9.381440097273759798e-03,8.452763772028956679e-03,7.524087446784151825e-03,6.595411121539346104e-03,5.666734796294541250e-03,4.738058471049736396e-03,3.809382145804931109e-03,2.880705820560125821e-03,1.952029495315321184e-03,1.023353170070515246e-03,9.467684482571718182e-05,8.606985893247017145e-05,7.746287303922314753e-05,6.885588714597612361e-05,6.024890125272910646e-05,5.164191535948206899e-05,4.303492946623505185e-05,3.442794357298802792e-05,2.582095767974100061e-05,1.721397178649398686e-05,8.606985893246961241e-06,0.000000000000000000e+00,0.000000000000000000e+00,0.000000000000000000e+00,0.000000000000000000e+00,0.000000000000000000e+00,0.000000000000000000e+00,0.000000000000000000e+00,0.000000000000000000e+00,0.000000000000000000e+00,0.000000000000000000e+00,0.000000000000000000e+00,0.000000000000000000e+00,0.000000000000000000e+00,0.000000000000000000e+00,0.000000000000000000e+00,0.000000000000000000e+00,0.000000000000000000e+00,0.000000000000000000e+00,0.000000000000000000e+00,0.000000000000000000e+00,0.000000000000000000e+00,0.000000000000000000e+00,0.000000000000000000e+00,0.000000000000000000e+00,0.000000000000000000e+00,0.000000000000000000e+00,0.000000000000000000e+00,0.000000000000000000e+00,0.000000000000000000e+00,0.000000000000000000e+00,0.000000000000000000e+00,0.000000000000000000e+00,0.000000000000000000e+00,0.000000000000000000e+00,0.000000000000000000e+00,0.000000000000000000e+00,0.000000000000000000e+00,0.000000000000000000e+00,0.000000000000000000e+00,0.000000000000000000e+00,0.000000000000000000e+00,0.000000000000000000e+00,0.000000000000000000e+00,0.000000000000000000e+00,0.000000000000000000e+00,0.000000000000000000e+00,0.000000000000000000e+00,0.000000000000000000e+00,0.000000000000000000e+00,0.000000000000000000e+00,0.000000000000000000e+00,0.000000000000000000e+00,0.000000000000000000e+00,0.000000000000000000e+00,0.000000000000000000e+00,0.000000000000000000e+00
1.206724419817752775e-02,1.257494109469542432e-02,1.308263799121331915e-02,1.359033488773121745e-02,1.409803178424911228e-02,1.460572868076700885e-02,1.511342557728490195e-02,1.562112247380280025e-02,1.612881937032069682e-02,1.663651626683858992e-02,1.714421316335648995e-02,1.765191005987437958e-02,1.694819014934469126e-02,1.624447023881499599e-02,1.554075032828530073e-02,1.483703041775560720e-02,1.413331050722591367e-02,1.342959059669622014e-02,1.272587068616652661e-02,1.202215077563683135e-02,1.131843086510713609e-02,1.061471095457744429e-02,9.910991044047749027e-03,9.017642512352557274e-03,8.124293980657367256e-03,7.230945448962173769e-03,6.337596917266981149e-03,5.444248385571787661e-03,4.550899853876595041e-03,3.657551322181402421e-03,2.764202790486209801e-03,1.870854258791017398e-03,9.775057270958236941e-04,8.415719540063753862e-05,7.650654127330684467e-05,6.885588714597616427e-05,6.120523301864547031e-05,5.355457889131478314e-05,4.590392476398408918e-05,3.825327063665340201e-05,3.060261650932270805e-05,2.295196238199201410e-05,1.530130825466133031e-05,7.650654127330636355e-06,0.000000000000000000e+00,0.000000000000000000e+00,0.000000000000000000e+00,0.000000000000000000e+00,0.000000000000000000e+00,0.000000000000000000e+00,0.000000000000000000e+00,0.000000000000000000e+00,0.000000000000000000e+00,0.000000000000000000e+00,0.000000000000000000e+00,0.000000000000000000e+00,0.000000000000000000e+00,0.000000000000000000e+00,0.000000000000000000e+00,0.000000000000000000e+00,0.000000000000000000e+00,0.000000000000000000e+00,0.000000000000000000e+00,0.000000000000000000e+00,0.000000000000000000e+00,0.000000000000000000e+00,0.000000000000000000e+00,0.000000000000000000e+00,0.000000000000000000e+00,0.000000000000000000e+00,0.000000000000000000e+00,0.000000000000000000e+00,0.000000000000000000e+00,0.000000000000000000e+00,0.000000000000000000e+00,0.000000000000000000e+00,0.000000000000000000e+00,0.000000000000000000e+00,0.000000000000000000e+00,0.000000000000000000e+00,0.000000000000000000e+00,0.000000000000000000e+00,0.000000000000000000e+00,0.000000000000000000e+00,0.000000000000000000e+00,0.000000000000000000e+00,0.000000000000000000e+00,0.000000000000000000e+00,0.000000000000000000e+00,0.000000000000000000e+00,0.000000000000000000e+00,0.000000000000000000e+00,0.000000000000000000e+00,0.000000000000000000e+00,0.000000000000000000e+00,0.000000000000000000e+00,0.000000000000000000e+00,0.000000000000000000e+00,0.000000000000000000e+00,0.000000000000000000e+00
1.206724419817752775e-02,1.257804893018262329e-02,1.308885366218772231e-02,1.359965839419281959e-02,1.411046312619792034e-02,1.462126785820301762e-02,1.513207259020811664e-02,1.564287732221321045e-02,1.615368205421831294e-02,1.666448678622341195e-02,1.717529151822850750e-02,1.768609625023360304e-02,1.694298437890117900e-02,1.619987250756875496e-02,1.545676063623632919e-02,1.471364876490390515e-02,1.397053689357147764e-02,1.322742502223905187e-02,1.248431315090662956e-02,1.174120127957420205e-02,1.099808940824177801e-02,1.025497753690935224e-02,9.511865665576926462e-03,8.653844927431347811e-03,7.795824189285770027e-03,6.937803451140189641e-03,6.079782712994610122e-03,5.221761974849030603e-03,4.363741236703451085e-03,3.505720498557871132e-03,2.647699760412291180e-03,1.789679022266711444e-03,9.316582841211310580e-04,7.363754597555771924e-05,6.694322361414338236e-05,6.024890125272904548e-05,5.355457889131469505e-05,4.686025652990036494e-05,4.016593416848600773e-05,3.347161180707167085e-05,2.677728944565732381e-05,2.008296708424298015e-05,1.338864472282864157e-05,6.694322361414296223e-06,0.000000000000000000e+00,0.000000000000000000e+00,0.000000000000000000e+00,0.000000000000000000e+00,0.000000000000000000e+00,0.000000000000000000e+00,0.000000000000000000e+00,0.000000000000000000e+00,0.000000000000000000e+00,0.000000000000000000e+00,0.000000000000000000e+00,0.000000000000000000e+00,0.000000000000000000e+00,0.000000000000000000e+00,0.000000000000000000e+00,0.000000000000000000e+00,0.000000000000000000e+00,0.000000000000000000e+00,0.000000000000000000e+00,0.000000000000000000e+00,0.000000000000000000e+00,0.000000000000000000e+00,0.000000000000000000e+00,0.000000000000000000e+00,0.000000000000000000e+00,0.000000000000000000e+00,0.000000000000000000e+00,0.000000000000000000e+00,0.000000000000000000e+00,0.000000000000000000e+00,0.000000000000000000e+00,0.000000000000000000e+00,0.000000000000000000e+00,0.000000000000000000e+00,0.000000000000000000e+00,0.000000000000000000e+00,0.000000000000000000e+00,0.000000000000000000e+00,0.000000000000000000e+00,0.000000000000000000e+00,0.000000000000000000e+00,0.000000000000000000e+00,0.000000000000000000e+00,0.000000000000000000e+00,0.000000000000000000e+00,0.000000000000000000e+00,0.000000000000000000e+00,0.000000000000000000e+00,0.000000000000000000e+00,0.000000000000000000e+00,0.000000000000000000e+00,0.000000000000000000e+00,0.000000000000000000e+00,0.000000000000000000e+00,0.000000000000000000e+00,0.000000000000000000e+00
1.206724419817752775e-02,1.258115676566982574e-02,1.309506933316212894e-02,1.360898190065442694e-02,1.412289446814672840e-02,1.463680703563902813e-02,1.515071960313132959e-02,1.566463217062362759e-02,1.617854473811592905e-02,1.669245730560822705e-02,1.720636987310052851e-02,1.772028244059282304e-02,1.693777860845767369e-02,1.615527477632251740e-02,1.537277094418736112e-02,1.459026711205220483e-02,1.380776327991704855e-02,1.302525944778189400e-02,1.224275561564673598e-02,1.146025178351158143e-02,1.067774795137642341e-02,9.895244119241267122e-03,9.112740287106110837e-03,8.290047342510145287e-03,7.467354397914180604e-03,6.644661453318212452e-03,5.821968508722245167e-03,4.999275564126277882e-03,4.176582619530309730e-03,3.353889674934342011e-03,2.531196730338375160e-03,1.708503785742407658e-03,8.858108411464393978e-04,6.311789655047807604e-05,5.737990595498007590e-05,5.164191535948206221e-05,4.590392476398404853e-05,4.016593416848604161e-05,3.442794357298802115e-05,2.868995297749001423e-05,2.295196238199200055e-05,1.721397178649398686e-05,1.147598119099598333e-05,5.737990595497970490e-06,0.000000000000000000e+00,0.000000000000000000e+00,0.000000000000000000e+00,0.000000000000000000e+00,0.000000000000000000e+00,0.000000000000000000e+00,0.000000000000000000e+00,0.000000000000000000e+00,0.000000000000000000e+00,0.000000000000000000e+00,0.000000000000000000e+00,0.000000000000000000e+00,0.000000000000000000e+00,0.000000000000000000e+00,0.000000000000000000e+00,0.000000000000000000e+00,0.000000000000000000e+00,0.000000000000000000e+00,0.000000000000000000e+00,0.000000000000000000e+00,0.000000000000000000e+00,0.000000000000000000e+00,0.000000000000000000e+00,0.000000000000000000e+00,0.000000000000000000e+00,0.000000000000000000e+00,0.000000000000000000e+00,0.000000000000000000e+00,0.000000000000000000e+00,0.000000000000000000e+00,0.000000000000000000e+00,0.000000000000000000e+00,0.000000000000000000e+00,0.000000000000000000e+00,0.000000000000000000e+00,0.000000000000000000e+00,0.000000000000000000e+00,0.000000000000000000e+00,0.000000000000000000e+00,0.000000000000000000e+00,0.000000000000000000e+00,0.000000000000000000e+00,0.000000000000000000e+00,0.000000000000000000e+00,0.000000000000000000e+00,0.000000000000000000e+00,0.000000000000000000e+00,0.000000000000000000e+00,0.000000000000000000e+00,0.000000000000000000e+00,0.000000000000000000e+00,0.000000000000000000e+00,0.000000000000000000e+00,0.000000000000000000e+00,0.000000000000000000e+00,0.000000000000000000e+00
1.206724419817752775e-02,1.258426460115702819e-02,1.310128500413653037e-02,1.361830540711603255e-02,1.413532581009553646e-02,1.465234621307504037e-02,1.516936661605454081e-02,1.568638701903404126e-02,1.620340742201354517e-02,1.672042782499304908e-02,1.723744822797254952e-02,1.775446863095204997e-02,1.693257283801416491e-02,1.611067704507627985e-02,1.528878125213839131e-02,1.446688545920050452e-02,1.364498966626261772e-02,1.282309387332473266e-02,1.200119808038684240e-02,1.117930228744895560e-02,1.035740649451107054e-02,9.535510701573183742e-03,8.713614908635295211e-03,7.926249757588941028e-03,7.138884606542589446e-03,6.351519455496233528e-03,5.564154304449879344e-03,4.776789153403524293e-03,3.989424002357168375e-03,3.202058851310812890e-03,2.414693700264458273e-03,1.627328549218103439e-03,8.399633981717475207e-04,5.259824712539841929e-05,4.781658829581674912e-05,4.303492946623506540e-05,3.825327063665338845e-05,3.347161180707171151e-05,2.868995297749002779e-05,2.390829414790835423e-05,1.912663531832667390e-05,1.434497648874499526e-05,9.563317659163323396e-06,4.781658829581643910e-06,0.000000000000000000e+00,0.000000000000000000e+00,0.000000000000000000e+00,0.000000000000000000e+00,0.000000000000000000e+00,0.000000000000000000e+00,0.000000000000000000e+00,0.000000000000000000e+00,0.000000000000000000e+00,0.000000000000000000e+00,0.000000000000000000e+00,0.000000000000000000e+00,0.000000000000000000e+00,0.000000000000000000e+00,0.000000000000000000e+00,0.000000000000000000e+00,0.000000000000000000e+00,0.000000000000000000e+00,0.000000000000000000e+00,0.000000000000000000e+00,0.000000000000000000e+00,0.000000000000000000e+00,0.000000000000000000e+00,0.000000000000000000e+00,0.000000000000000000e+00,0.000000000000000000e+00,0.000000000000000000e+00,0.000000000000000000e+00,0.000000000000000000e+00,0.000000000000000000e+00,0.000000000000000000e+00,0.000000000000000000e+00,0.000000000000000000e+00,0.000000000000000000e+00,0.000000000000000000e+00,0.000000000000000000e+00,0.000000000000000000e+00,0.000000000000000000e+00,0.000000000000000000e+00,0.000000000000000000e+00,0.000000000000000000e+00,0.000000000000000000e+00,0.000000000000000000e+00,0.000000000000000000e+00,0.000000000000000000e+00,0.000000000000000000e+00,0.000000000000000000e+00,0.000000000000000000e+00,0.000000000000000000e+00,0.000000000000000000e+00,0.000000000000000000e+00,0.000000000000000000e+00,0.000000000000000000e+00,0.000000000000000000e+00,0.000000000000000000e+00,0.000000000000000000e+00
1.206724419817752775e-02,1.258737243664423064e-02,1.310750067511093700e-02,1.362762891357763989e-02,1.414775715204434452e-02,1.466788539051104914e-02,1.518801362897775203e-02,1.570814186744445839e-02,1.622827010591116129e-02,1.674839834437786765e-02,1.726852658284457054e-02,1.778865482131127343e-02,1.692736706757065959e-02,1.606607931383003882e-02,1.520479156008942151e-02,1.434350380634880420e-02,1.348221605260818690e-02,1.262092829886756785e-02,1.175964054512695055e-02,1.089835279138633324e-02,1.003706503764571593e-02,9.175777283905098627e-03,8.314489530164479586e-03,7.562452172667738504e-03,6.810414815170998289e-03,6.058377457674255472e-03,5.306340100177512654e-03,4.554302742680770705e-03,3.802265385184027020e-03,3.050228027687284203e-03,2.298190670190542254e-03,1.546153312693799003e-03,7.941159551970557520e-04,4.207859770031876931e-05,3.825327063665342233e-05,3.442794357298808213e-05,3.060261650932273516e-05,2.677728944565739157e-05,2.295196238199204459e-05,1.912663531832670100e-05,1.530130825466135403e-05,1.147598119099600705e-05,7.650654127330665155e-06,3.825327063665318178e-06,0.000000000000000000e+00,0.000000000000000000e+00,0.000000000000000000e+00,0.000000000000000000e+00,0.000000000000000000e+00,0.000000000000000000e+00,0.000000000000000000e+00,0.000000000000000000e+00,0.000000000000000000e+00,0.000000000000000000e+00,0.000000000000000000e+00,0.000000000000000000e+00,0.000000000000000000e+00,0.000000000000000000e+00,0.000000000000000000e+00,0.000000000000000000e+00,0.000000000000000000e+00,0.000000000000000000e+00,0.000000000000000000e+00,0.000000000000000000e+00,0.000000000000000000e+00,0.000000000000000000e+00,0.000000000000000000e+00,0.000000000000000000e+00,0.000000000000000000e+00,0.000000000000000000e+00,0.000000000000000000e+00,0.000000000000000000e+00,0.000000000000000000e+00,0.000000000000000000e+00,0.000000000000000000e+00,0.000000000000000000e+00,0.000000000000000000e+00,0.000000000000000000e+00,0.000000000000000000e+00,0.000000000000000000e+00,0.000000000000000000e+00,0.000000000000000000e+00,0.000000000000000000e+00,0.000000000000000000e+00,0.000000000000000000e+00,0.000000000000000000e+00,0.000000000000000000e+00,0.000000000000000000e+00,0.000000000000000000e+00,0.000000000000000000e+00,0.000000000000000000e+00,0.000000000000000000e+00,0.000000000000000000e+00,0.000000000000000000e+00,0.000000000000000000e+00,0.000000000000000000e+00,0.000000000000000000e+00,0.000000000000000000e+00,0.000000000000000000e+00,0.000000000000000000e+00
1.206724419817752775e-02,1.259048027213143482e-02,1.311371634608534016e-02,1.363695242003924724e-02,1.416018849399315258e-02,1.468342456794705965e-02,1.520666064190096672e-02,1.572989671585487206e-02,1.625313278980878087e-02,1.677636886376268621e-02,1.729960493771659155e-02,1.782284101167049689e-02,1.692216129712714734e-02,1.602148158258379779e-02,1.512080186804044997e-02,1.422012215349710215e-02,1.331944243895375260e-02,1.241876272441040478e-02,1.151808300986705523e-02,1.061740329532370568e-02,9.716723580780357861e-03,8.816043866237008308e-03,7.915364151693660491e-03,7.198654587746530775e-03,6.481945023799402794e-03,5.765235459852273078e-03,5.048525895905142495e-03,4.331816331958013647e-03,3.615106768010882630e-03,2.898397204063753348e-03,2.181687640116623632e-03,1.464978076169494133e-03,7.482685122223633328e-04,3.155894827523897026e-05,2.868995297748997358e-05,2.582095767974097351e-05,2.295196238199197344e-05,2.008296708424297676e-05,1.721397178649397330e-05,1.434497648874497493e-05,1.147598119099597486e-05,8.606985893246974794e-06,5.737990595497978961e-06,2.868995297748978892e-06,0.000000000000000000e+00,0.000000000000000000e+00,0.000000000000000000e+00,0.000000000000000000e+00,0.000000000000000000e+00,0.000000000000000000e+00,0.000000000000000000e+00,0.000000000000000000e+00,0.000000000000000000e+00,0.000000000000000000e+00,0.000000000000000000e+00,0.000000000000000000e+00,0.000000000000000000e+00,0.000000000000000000e+00,0.000000000000000000e+00,0.000000000000000000e+00,0.000000000000000000e+00,0.000000000000000000e+00,0.000000000000000000e+00,0.000000000000000000e+00,0.000000000000000000e+00,0.000000000000000000e+00,0.000000000000000000e+00,0.000000000000000000e+00,0.000000000000000000e+00,0.000000000000000000e+00,0.000000000000000000e+00,0.000000000000000000e+00,0.000000000000000000e+00,0.000000000000000000e+00,0.000000000000000000e+00,0.000000000000000000e+00,0.000000000000000000e+00,0.000000000000000000e+00,0.000000000000000000e+00,0.000000000000000000e+00,0.000000000000000000e+00,0.000000000000000000e+00,0.000000000000000000e+00,0.000000000000000000e+00,0.000000000000000000e+00,0.000000000000000000e+00,0.000000000000000000e+00,0.000000000000000000e+00,0.000000000000000000e+00,0.000000000000000000e+00,0.000000000000000000e+00,0.000000000000000000e+00,0.000000000000000000e+00,0.000000000000000000e+00,0.000000000000000000e+00,0.000000000000000000e+00,0.000000000000000000e+00,0.000000000000000000e+00,0.000000000000000000e+00,0.000000000000000000e+00
1.206724419817752775e-02,1.259358810761863554e-02,1.311993201705974332e-02,1.364627592650085458e-02,1.417261983594196237e-02,1.469896374538307016e-02,1.522530765482417794e-02,1.575165156426528573e-02,1.627799547370639699e-02,1.680433938314750478e-02,1.733068329258861257e-02,1.785702720202971688e-02,1.691695552668364202e-02,1.597688385133756023e-02,1.503681217599148190e-02,1.409674050064540184e-02,1.315666882529932177e-02,1.221659714995324345e-02,1.127652547460716165e-02,1.033645379926108332e-02,9.396382123915003257e-03,8.456310448568923194e-03,7.516238773222843998e-03,6.834857002825327384e-03,6.153475232427811636e-03,5.472093462030293287e-03,4.790711691632777540e-03,4.109329921235259191e-03,3.427948150837741275e-03,2.746566380440223793e-03,2.065184610042707179e-03,1.383802839645189697e-03,7.024210692476714557e-04,2.103929885015931012e-05,1.912663531832664679e-05,1.721397178649398008e-05,1.530130825466131337e-05,1.338864472282864835e-05,1.147598119099597825e-05,9.563317659163314926e-06,7.650654127330648214e-06,5.737990595497982349e-06,3.825327063665318178e-06,1.912663531832652313e-06,0.000000000000000000e+00,0.000000000000000000e+00,0.000000000000000000e+00,0.000000000000000000e+00,0.000000000000000000e+00,0.000000000000000000e+00,0.000000000000000000e+00,0.000000000000000000e+00,0.000000000000000000e+00,0.000000000000000000e+00,0.000000000000000000e+00,0.000000000000000000e+00,0.000000000000000000e+00,0.000000000000000000e+00,0.000000000000000000e+00,0.000000000000000000e+00,0.000000000000000000e+00,0.000000000000000000e+00,0.000000000000000000e+00,0.000000000000000000e+00,0.000000000000000000e+00,0.000000000000000000e+00,0.000000000000000000e+00,0.000000000000000000e+00,0.000000000000000000e+00,0.000000000000000000e+00,0.000000000000000000e+00,0.000000000000000000e+00,0.000000000000000000e+00,0.000000000000000000e+00,0.000000000000000000e+00,0.000000000000000000e+00,0.000000000000000000e+00,0.000000000000000000e+00,0.000000000000000000e+00,0.000000000000000000e+00,0.000000000000000000e+00,0.000000000000000000e+00,0.000000000000000000e+00,0.000000000000000000e+00,0.000000000000000000e+00,0.000000000000000000e+00,0.000000000000000000e+00,0.000000000000000000e+00,0.000000000000000000e+00,0.000000000000000000e+00,0.000000000000000000e+00,0.000000000000000000e+00,0.000000000000000000e+00,0.000000000000000000e+00,0.000000000000000000e+00,0.000000000000000000e+00,0.000000000000000000e+00,0.000000000000000000e+00,0.000000000000000000e+00,0.000000000000000000e+00
1.206724419817752775e-02,1.259669594310583798e-02,1.312614768803414822e-02,1.365559943296245846e-02,1.418505117789077043e-02,1.471450292281908240e-02,1.524395466774738916e-02,1.577340641267570287e-02,1.630285815760401311e-02,1.683230990253232334e-02,1.736176164746063705e-02,1.789121339238894035e-02,1.691174975624013324e-02,1.593228612009132267e-02,1.495282248394251209e-02,1.397335884779370152e-02,1.299389521164489095e-02,1.201443157549608037e-02,1.103496793934726980e-02,1.005550430319845923e-02,9.076040667049648653e-03,8.096577030900838079e-03,7.117113394752029240e-03,6.471059417904123992e-03,5.825005441056221346e-03,5.178951464208316098e-03,4.532897487360409983e-03,3.886843510512505602e-03,3.240789533664600354e-03,2.594735556816695106e-03,1.948681579968790725e-03,1.302627603120885694e-03,6.565736262729797955e-04,1.051964942507966014e-05,9.563317659163326784e-06,8.606985893246993428e-06,7.650654127330660072e-06,6.694322361414328410e-06,5.737990595497993360e-06,4.781658829581660851e-06,3.825327063665326648e-06,2.868995297748992868e-06,1.912663531832660359e-06,9.563317659163267916e-07,0.000000000000000000e+00,0.000000000000000000e+00,0.000000000000000000e+00,0.000000000000000000e+00,0.000000000000000000e+00,0.000000000000000000e+00,0.000000000000000000e+00,0.000000000000000000e+00,0.000000000000000000e+00,0.000000000000000000e+00,0.000000000000000000e+00,0.000000000000000000e+00,0.000000000000000000e+00,0.000000000000000000e+00,0.000000000000000000e+00,0.000000000000000000e+00,0.000000000000000000e+00,0.000000000000000000e+00,0.000000000000000000e+00,0.000000000000000000e+00,0.000000000000000000e+00,0.000000000000000000e+00,0.000000000000000000e+00,0.000000000000000000e+00,0.000000000000000000e+00,0.000000000000000000e+00,0.000000000000000000e+00,0.000000000000000000e+00,0.000000000000000000e+00,0.000000000000000000e+00,0.000000000000000000e+00,0.000000000000000000e+00,0.000000000000000000e+00,0.000000000000000000e+00,0.000000000000000000e+00,0.000000000000000000e+00,0.000000000000000000e+00,0.000000000000000000e+00,0.000000000000000000e+00,0.000000000000000000e+00,0.000000000000000000e+00,0.000000000000000000e+00,0.000000000000000000e+00,0.000000000000000000e+00,0.000000000000000000e+00,0.000000000000000000e+00,0.000000000000000000e+00,0.000000000000000000e+00,0.000000000000000000e+00,0.000000000000000000e+00,0.000000000000000000e+00,0.000000000000000000e+00,0.000000000000000000e+00,0.000000000000000000e+00,0.000000000000000000e+00,0.000000000000000000e+00
1.206724419817752775e-02,1.259980377859304043e-02,1.313236335900855138e-02,1.366492293942406580e-02,1.419748251983957849e-02,1.473004210025509117e-02,1.526260168067060385e-02,1.579516126108611654e-02,1.632772084150162922e-02,1.686028042191714191e-02,1.739284000233265459e-02,1.792539958274816381e-02,1.690654398579662446e-02,1.588768838884508511e-02,1.486883279189354402e-02,1.384997719494200120e-02,1.283112159799046012e-02,1.181226600103891904e-02,1.079341040408737795e-02,9.774554807135835133e-03,8.755699210184294048e-03,7.736843613232752964e-03,6.717988016281212747e-03,6.107261832982920600e-03,5.496535649684630188e-03,4.885809466386337174e-03,4.275083283088044160e-03,3.664357099789752013e-03,3.053630916491458999e-03,2.442904733193166419e-03,1.832178549894873838e-03,1.221452366596581258e-03,6.107261832982880268e-04,0.000000000000000000e+00,0.000000000000000000e+00,0.000000000000000000e+00,0.000000000000000000e+00,0.000000000000000000e+00,0.000000000000000000e+00,0.000000000000000000e+00,0.000000000000000000e+00,0.000000000000000000e+00,0.000000000000000000e+00,0.000000000000000000e+00,0.000000000000000000e+00,0.000000000000000000e+00,0.000000000000000000e+00,0.000000000000000000e+00,0.000000000000000000e+00,0.000000000000000000e+00,0.000000000000000000e+00,0.000000000000000000e+00,0.000000000000000000e+00,0.000000000000000000e+00,0.000000000000000000e+00,0.000000000000000000e+00,0.000000000000000000e+00,0.000000000000000000e+00,0.000000000000000000e+00,0.000000000000000000e+00,0.000000000000000000e+00,0.000000000000000000e+00,0.000000000000000000e+00,0.000000000000000000e+00,0.000000000000000000e+00,0.000000000000000000e+00,0.000000000000000000e+00,0.000000000000000000e+00,0.000000000000000000e+00,0.000000000000000000e+00,0.000000000000000000e+00,0.000000000000000000e+00,0.000000000000000000e+00,0.000000000000000000e+00,0.000000000000000000e+00,0.000000000000000000e+00,0.000000000000000000e+00,0.000000000000000000e+00,0.000000000000000000e+00,0.000000000000000000e+00,0.000000000000000000e+00,0.000000000000000000e+00,0.000000000000000000e+00,0.000000000000000000e+00,0.000000000000000000e+00,0.000000000000000000e+00,0.000000000000000000e+00,0.000000000000000000e+00,0.000000000000000000e+00,0.000000000000000000e+00,0.000000000000000000e+00,0.000000000000000000e+00,0.000000000000000000e+00,0.000000000000000000e+00,0.000000000000000000e+00,0.000000000000000000e+00,0.000000000000000000e+00,0.000000000000000000e+00,0.000000000000000000e+00,0.000000000000000000e+00
1.206724419817752775e-02,1.259631479196416867e-02,1.312538538575080786e-02,1.365445597953744879e-02,1.418352657332408971e-02,1.471259716711073064e-02,1.524166776089737156e-02,1.577073835468401422e-02,1.629980894847065168e-02,1.682887954225729260e-02,1.735795013604393353e-02,1.788702072983057098e-02,1.685917710383426013e-02,1.583133347783794581e-02,1.480348985184163323e-02,1.377564622584532064e-02,1.274780259984900806e-02,1.171995897385269547e-02,1.069211534785638115e-02,9.664271721860066833e-03,8.636428095863754248e-03,7.608584469867440796e-03,6.580740843871129078e-03,5.982491676246480192e-03,5.384242508621833907e-03,4.785993340997185021e-03,4.187744173372536134e-03,3.589495005747887681e-03,2.991245838123238795e-03,2.392996670498590776e-03,1.794747502873941889e-03,1.196498335249293436e-03,5.982491676246440076e-04,0.000000000000000000e+00,0.000000000000000000e+00,0.000000000000000000e+00,0.000000000000000000e+00,0.000000000000000000e+00,0.000000000000000000e+00,0.000000000000000000e+00,0.000000000000000000e+00,0.000000000000000000e+00,0.000000000000000000e+00,0.000000000000000000e+00,0.000000000000000000e+00,0.000000000000000000e+00,0.000000000000000000e+00,0.000000000000000000e+00,0.000000000000000000e+00,0.000000000000000000e+00,0.000000000000000000e+00,0.000000000000000000e+00,0.000000000000000000e+00,0.000000000000000000e+00,0.000000000000000000e+00,0.000000000000000000e+00,0.000000000000000000e+00,0.000000000000000000e+00,0.000000000000000000e+00,0.000000000000000000e+00,0.000000000000000000e+00,0.000000000000000000e+00,0.000000000000000000e+00,0.000000000000000000e+00,0.000000000000000000e+00,0.000000000000000000e+00,0.000000000000000000e+00,0.000000000000000000e+00,0.000000000000000000e+00,0.000000000000000000e+00,0.000000000000000000e+00,0.000000000000000000e+00,0.000000000000000000e+00,0.000000000000000000e+00,0.000000000000000000e+00,0.000000000000000000e+00,0.000000000000000000e+00,0.000000000000000000e+00,0.000000000000000000e+00,0.000000000000000000e+00,0.000000000000000000e+00,0.000000000000000000e+00,0.000000000000000000e+00,0.000000000000000000e+00,0.000000000000000000e+00,0.000000000000000000e+00,0.000000000000000000e+00,0.000000000000000000e+00,0.000000000000000000e+00,0.000000000000000000e+00,0.000000000000000000e+00,0.000000000000000000e+00,0.000000000000000000e+00,0.000000000000000000e+00,0.000000000000000000e+00,0.000000000000000000e+00,0.000000000000000000e+00,0.000000000000000000e+00,0.000000000000000000e+00,0.000000000000000000e+00
1.206724419817752775e-02,1.259282580533529518e-02,1.311840741249306608e-02,1.364398901965083004e-02,1.416957062680860094e-02,1.469515223396637010e-02,1.522073384112413580e-02,1.574631544828190843e-02,1.627189705543967760e-02,1.679747866259744676e-02,1.732306026975521246e-02,1.784864187691297815e-02,1.681181022187189580e-02,1.577497856683081345e-02,1.473814691178972763e-02,1.370131525674864181e-02,1.266448360170755426e-02,1.162765194666647017e-02,1.059082029162538609e-02,9.553988636584302002e-03,8.517156981543216182e-03,7.480325326502130362e-03,6.443493671461046277e-03,5.857721519510042385e-03,5.271949367559039361e-03,4.686177215608034602e-03,4.100405063657028976e-03,3.514632911706024650e-03,2.928860759755019458e-03,2.343088607804014699e-03,1.757316455853010374e-03,1.171544303902005615e-03,5.857721519510003137e-04,0.000000000000000000e+00,0.000000000000000000e+00,0.000000000000000000e+00,0.000000000000000000e+00,0.000000000000000000e+00,0.000000000000000000e+00,0.000000000000000000e+00,0.000000000000000000e+00,0.000000000000000000e+00,0.000000000000000000e+00,0.000000000000000000e+00,0.000000000000000000e+00,0.000000000000000000e+00,0.000000000000000000e+00,0.000000000000000000e+00,0.000000000000000000e+00,0.000000000000000000e+00,0.000000000000000000e+00,0.000000000000000000e+00,0.000000000000000000e+00,0.000000000000000000e+00,0.000000000000000000e+00,0.000000000000000000e+00,0.000000000000000000e+00,0.000000000000000000e+00,0.000000000000000000e+00,0.000000000000000000e+00,0.000000000000000000e+00,0.000000000000000000e+00,0.000000000000000000e+00,0.000000000000000000e+00,0.000000000000000000e+00,0.000000000000000000e+00,0.000000000000000000e+00,0.000000000000000000e+00,0.000000000000000000e+00,0.000000000000000000e+00,0.000000000000000000e+00,0.000000000000000000e+00,0.000000000000000000e+00,0.000000000000000000e+00,0.000000000000000000e+00,0.000000000000000000e+00,0.000000000000000000e+00,0.000000000000000000e+00,0.000000000000000000e+00,0.000000000000000000e+00,0.000000000000000000e+00,0.000000000000000000e+00,0.000000000000000000e+00,0.000000000000000000e+00,0.000000000000000000e+00,0.000000000000000000e+00,0.000000000000000000e+00,0.000000000000000000e+00,0.000000000000000000e+00,0.000000000000000000e+00,0.000000000000000000e+00,0.000000000000000000e+00,0.000000000000000000e+00,0.000000000000000000e+00,0.000000000000000000e+00,0.000000000000000000e+00,0.000000000000000000e+00,0.000000000000000000e+00,0.000000000000000000e+00,0.000000000000000000e+00
1.206724419817752775e-02,1.258933681870642515e-02,1.311142943923532082e-02,1.363352205976421996e-02,1.415561468029311390e-02,1.467770730082201130e-02,1.519979992135090698e-02,1.572189254187980612e-02,1.624398516240870005e-02,1.676607778293759746e-02,1.728817040346649486e-02,1.781026302399538880e-02,1.676444333990953148e-02,1.571862365582367763e-02,1.467280397173781857e-02,1.362698428765196298e-02,1.258116460356610393e-02,1.153534491948024834e-02,1.048952523539439276e-02,9.443705551308531967e-03,8.397885867222676382e-03,7.352066183136819928e-03,6.306246499050965210e-03,5.732951362773603711e-03,5.159656226496245682e-03,4.586361090218883316e-03,4.013065953941522684e-03,3.439770817664162053e-03,2.866475681386800554e-03,2.293180545109439923e-03,1.719885408832078858e-03,1.146590272554718227e-03,5.732951362773566198e-04,0.000000000000000000e+00,0.000000000000000000e+00,0.000000000000000000e+00,0.000000000000000000e+00,0.000000000000000000e+00,0.000000000000000000e+00,0.000000000000000000e+00,0.000000000000000000e+00,0.000000000000000000e+00,0.000000000000000000e+00,0.000000000000000000e+00,0.000000000000000000e+00,0.000000000000000000e+00,0.000000000000000000e+00,0.000000000000000000e+00,0.000000000000000000e+00,0.000000000000000000e+00,0.000000000000000000e+00,0.000000000000000000e+00,0.000000000000000000e+00,0.000000000000000000e+00,0.000000000000000000e+00,0.000000000000000000e+00,0.000000000000000000e+00,0.000000000000000000e+00,0.000000000000000000e+00,0.000000000000000000e+00,0.000000000000000000e+00,0.000000000000000000e+00,0.000000000000000000e+00,0.000000000000000000e+00,0.000000000000000000e+00,0.000000000000000000e+00,0.000000000000000000e+00,0.000000000000000000e+00,0.000000000000000000e+00,0.000000000000000000e+00,0.000000000000000000e+00,0.000000000000000000e+00,0.000000000000000000e+00,0.000000000000000000e+00,0.000000000000000000e+00,0.000000000000000000e+00,0.000000000000000000e+00,0.000000000000000000e+00,0.000000000000000000e+00,0.000000000000000000e+00,0.000000000000000000e+00,0.000000000000000000e+00,0.000000000000000000e+00,0.000000000000000000e+00,0.000000000000000000e+00,0.000000000000000000e+00,0.000000000000000000e+00,0.000000000000000000e+00,0.000000000000000000e+00,0.000000000000000000e+00,0.000000000000000000e+00,0.000000000000000000e+00,0.000000000000000000e+00,0.000000000000000000e+00,0.000000000000000000e+00,0.000000000000000000e+00,0.000000000000000000e+00,0.000000000000000000e+00,0.000000000000000000e+00,0.000000000000000000e+00
1.206724419817752775e-02,1.258584783207755166e-02,1.310445146597757730e-02,1.362305509987760122e-02,1.414165873377762513e-02,1.466026236767764904e-02,1.517886600157767468e-02,1.569746963547770033e-02,1.621607326937772250e-02,1.673467690327774815e-02,1.725328053717777727e-02,1.777188417107779597e-02,1.671707645794716715e-02,1.566226874481654180e-02,1.460746103168591124e-02,1.355265331855528242e-02,1.249784560542465360e-02,1.144303789229402478e-02,1.038823017916339422e-02,9.333422466032767137e-03,8.278614752902138316e-03,7.223807039771508627e-03,6.168999326640882408e-03,5.608181206037165037e-03,5.047363085433450268e-03,4.486544964829732897e-03,3.925726844226015526e-03,3.364908723622299022e-03,2.804090603018581651e-03,2.243272482414864280e-03,1.682454361811147343e-03,1.121636241207430405e-03,5.608181206037128174e-04,0.000000000000000000e+00,0.000000000000000000e+00,0.000000000000000000e+00,0.000000000000000000e+00,0.000000000000000000e+00,0.000000000000000000e+00,0.000000000000000000e+00,0.000000000000000000e+00,0.000000000000000000e+00,0.000000000000000000e+00,0.000000000000000000e+00,0.000000000000000000e+00,0.000000000000000000e+00,0.000000000000000000e+00,0.000000000000000000e+00,0.000000000000000000e+00,0.000000000000000000e+00,0.000000000000000000e+00,0.000000000000000000e+00,0.000000000000000000e+00,0.000000000000000000e+00,0.000000000000000000e+00,0.000000000000000000e+00,0.000000000000000000e+00,0.000000000000000000e+00,0.000000000000000000e+00,0.000000000000000000e+00,0.000000000000000000e+00,0.000000000000000000e+00,0.000000000000000000e+00,0.000000000000000000e+00,0.000000000000000000e+00,0.000000000000000000e+00,0.000000000000000000e+00,0.000000000000000000e+00,0.000000000000000000e+00,0.000000000000000000e+00,0.000000000000000000e+00,0.000000000000000000e+00,0.000000000000000000e+00,0.000000000000000000e+00,0.000000000000000000e+00,0.000000000000000000e+00,0.000000000000000000e+00,0.000000000000000000e+00,0.000000000000000000e+00,0.000000000000000000e+00,0.000000000000000000e+00,0.000000000000000000e+00,0.000000000000000000e+00,0.000000000000000000e+00,0.000000000000000000e+00,0.000000000000000000e+00,0.000000000000000000e+00,0.000000000000000000e+00,0.000000000000000000e+00,0.000000000000000000e+00,0.000000000000000000e+00,0.000000000000000000e+00,0.000000000000000000e+00,0.000000000000000000e+00,0.000000000000000000e+00,0.000000000000000000e+00,0.000000000000000000e+00,0.000000000000000000e+00,0.000000000000000000e+00,0.000000000000000000e+00
1.206724419817752775e-02,1.258235884544867816e-02,1.309747349271983378e-02,1.361258813999098247e-02,1.412770278726213809e-02,1.464281743453329024e-02,1.515793208180444065e-02,1.567304672907559454e-02,1.618816137634674843e-02,1.670327602361790231e-02,1.721839067088905273e-02,1.773350531816020315e-02,1.666970957598480629e-02,1.560591383380940250e-02,1.454211809163400218e-02,1.347832234945860012e-02,1.241452660728320154e-02,1.135073086510779948e-02,1.028693512293239916e-02,9.223139380756998837e-03,8.159343638581596780e-03,7.095547896406196459e-03,6.031752154230797872e-03,5.483411049300725496e-03,4.935069944370654854e-03,4.386728839440580743e-03,3.838387734510507500e-03,3.290046629580434690e-03,2.741705524650361013e-03,2.193364419720288203e-03,1.645023314790215394e-03,1.096682209860142584e-03,5.483411049300689066e-04,0.000000000000000000e+00,0.000000000000000000e+00,0.000000000000000000e+00,0.000000000000000000e+00,0.000000000000000000e+00,0.000000000000000000e+00,0.000000000000000000e+00,0.000000000000000000e+00,0.000000000000000000e+00,0.000000000000000000e+00,0.000000000000000000e+00,0.000000000000000000e+00,0.000000000000000000e+00,0.000000000000000000e+00,0.000000000000000000e+00,0.000000000000000000e+00,0.000000000000000000e+00,0.000000000000000000e+00,0.000000000000000000e+00,0.000000000000000000e+00,0.000000000000000000e+00,0.000000000000000000e+00,0.000000000000000000e+00,0.000000000000000000e+00,0.000000000000000000e+00,0.000000000000000000e+00,0.000000000000000000e+00,0.000000000000000000e+00,0.000000000000000000e+00,0.000000000000000000e+00,0.000000000000000000e+00,0.000000000000000000e+00,0.000000000000000000e+00,0.000000000000000000e+00,0.000000000000000000e+00,0.000000000000000000e+00,0.000000000000000000e+00,0.000000000000000000e+00,0.000000000000000000e+00,0.000000000000000000e+00,0.000000000000000000e+00,0.000000000000000000e+00,0.000000000000000000e+00,0.000000000000000000e+00,0.000000000000000000e+00,0.000000000000000000e+00,0.000000000000000000e+00,0.000000000000000000e+00,0.000000000000000000e+00,0.000000000000000000e+00,0.000000000000000000e+00,0.000000000000000000e+00,0.000000000000000000e+00,0.000000000000000000e+00,0.000000000000000000e+00,0.000000000000000000e+00,0.000000000000000000e+00,0.000000000000000000e+00,0.000000000000000000e+00,0.000000000000000000e+00,0.000000000000000000e+00,0.000000000000000000e+00,0.000000000000000000e+00,0.000000000000000000e+00,0.000000000000000000e+00,0.000000000000000000e+00,0.000000000000000000e+00
1.206724419817752775e-02,1.257886985881980640e-02,1.309049551946208680e-02,1.360212118010436719e-02,1.411374684074664931e-02,1.462537250138893144e-02,1.513699816203121010e-02,1.564862382267348875e-02,1.616024948331577088e-02,1.667187514395804954e-02,1.718350080460033166e-02,1.769512646524261032e-02,1.662234269402243850e-02,1.554955892280226668e-02,1.447677515158209485e-02,1.340399138036192130e-02,1.233120760914174947e-02,1.125842383792157592e-02,1.018564006670140236e-02,9.112856295481232272e-03,8.040072524261058715e-03,6.967288753040886892e-03,5.894504981820715070e-03,5.358640892564286821e-03,4.822776803307860308e-03,4.286912714051429457e-03,3.751048624795000775e-03,3.215184535538571659e-03,2.679320446282142110e-03,2.143456357025712994e-03,1.607592267769283878e-03,1.071728178512854762e-03,5.358640892564252127e-04,0.000000000000000000e+00,0.000000000000000000e+00,0.000000000000000000e+00,0.000000000000000000e+00,0.000000000000000000e+00,0.000000000000000000e+00,0.000000000000000000e+00,0.000000000000000000e+00,0.000000000000000000e+00,0.000000000000000000e+00,0.000000000000000000e+00,0.000000000000000000e+00,0.000000000000000000e+00,0.000000000000000000e+00,0.000000000000000000e+00,0.000000000000000000e+00,0.000000000000000000e+00,0.000000000000000000e+00,0.000000000000000000e+00,0.000000000000000000e+00,0.000000000000000000e+00,0.000000000000000000e+00,0.000000000000000000e+00,0.000000000000000000e+00,0.000000000000000000e+00,0.000000000000000000e+00,0.000000000000000000e+00,0.000000000000000000e+00,0.000000000000000000e+00,0.000000000000000000e+00,0.000000000000000000e+00,0.000000000000000000e+00,0.000000000000000000e+00,0.000000000000000000e+00,0.000000000000000000e+00,0.000000000000000000e+00,0.000000000000000000e+00,0.000000000000000000e+00,0.000000000000000000e+00,0.000000000000000000e+00,0.000000000000000000e+00,0.000000000000000000e+00,0.000000000000000000e+00,0.000000000000000000e+00,0.000000000000000000e+00,0.000000000000000000e+00,0.000000000000000000e+00,0.000000000000000000e+00,0.000000000000000000e+00,0.000000000000000000e+00,0.000000000000000000e+00,0.000000000000000000e+00,0.000000000000000000e+00,0.000000000000000000e+00,0.000000000000000000e+00,0.000000000000000000e+00,0.000000000000000000e+00,0.000000000000000000e+00,0.000000000000000000e+00,0.000000000000000000e+00,0.000000000000000000e+00,0.000000000000000000e+00,0.000000000000000000e+00,0.000000000000000000e+00,0.000000000000000000e+00,0.000000000000000000e+00,0.000000000000000000e+00
1.206724419817752775e-02,1.257538087219093464e-02,1.308351754620434501e-02,1.359165422021775364e-02,1.409979089423115881e-02,1.460792756824456917e-02,1.511606424225797954e-02,1.562420091627138470e-02,1.613233759028479680e-02,1.664047426429820370e-02,1.714861093831161060e-02,1.765674761232501749e-02,1.657497581206007764e-02,1.549320401179512911e-02,1.441143221153018579e-02,1.332966041126524247e-02,1.224788861100029741e-02,1.116611681073535409e-02,1.008434501047040903e-02,9.002573210205463972e-03,7.920801409940520649e-03,6.839029609675575591e-03,5.757257809410634003e-03,5.233870735827848147e-03,4.710483662245064894e-03,4.187096588662279038e-03,3.663709515079494050e-03,3.140322441496708628e-03,2.616935367913923206e-03,2.093548294331137784e-03,1.570161220748352363e-03,1.046774147165567374e-03,5.233870735827814103e-04,0.000000000000000000e+00,0.000000000000000000e+00,0.000000000000000000e+00,0.000000000000000000e+00,0.000000000000000000e+00,0.000000000000000000e+00,0.000000000000000000e+00,0.000000000000000000e+00,0.000000000000000000e+00,0.000000000000000000e+00,0.000000000000000000e+00,0.000000000000000000e+00,0.000000000000000000e+00,0.000000000000000000e+00,0.000000000000000000e+00,0.000000000000000000e+00,0.000000000000000000e+00,0.000000000000000000e+00,0.000000000000000000e+00,0.000000000000000000e+00,0.000000000000000000e+00,0.000000000000000000e+00,0.000000000000000000e+00,0.000000000000000000e+00,0.000000000000000000e+00,0.000000000000000000e+00,0.000000000000000000e+00,0.000000000000000000e+00,0.000000000000000000e+00,0.000000000000000000e+00,0.000000000000000000e+00,0.000000000000000000e+00,0.000000000000000000e+00,0.000000000000000000e+00,0.000000000000000000e+00,0.000000000000000000e+00,0.000000000000000000e+00,0.000000000000000000e+00,0.000000000000000000e+00,0.000000000000000000e+00,0.000000000000000000e+00,0.000000000000000000e+00,0.000000000000000000e+00,0.000000000000000000e+00,0.000000000000000000e+00,0.000000000000000000e+00,0.000000000000000000e+00,0.000000000000000000e+00,0.000000000000000000e+00,0.000000000000000000e+00,0.000000000000000000e+00,0.000000000000000000e+00,0.000000000000000000e+00,0.000000000000000000e+00,0.000000000000000000e+00,0.000000000000000000e+00,0.000000000000000000e+00,0.000000000000000000e+00,0.000000000000000000e+00,0.000000000000000000e+00,0.000000000000000000e+00,0.000000000000000000e+00,0.000000000000000000e+00,0.000000000000000000e+00,0.000000000000000000e+00,0.000000000000000000e+00,0.000000000000000000e+00
1.206724419817752775e-02,1.257189188556206288e-02,1.307653957294659976e-02,1.358118726033113663e-02,1.408583494771567350e-02,1.459048263510021037e-02,1.509513032248474551e-02,1.559977800986928238e-02,1.610442569725381926e-02,1.660907338463835439e-02,1.711372107202289300e-02,1.761836875940742120e-02,1.652760893009771331e-02,1.543684910078799502e-02,1.434608927147828020e-02,1.325532944216856190e-02,1.216456961285884535e-02,1.107380978354912879e-02,9.983049954239413964e-03,8.892290124929695672e-03,7.801530295619979113e-03,6.710770466310263423e-03,5.620010637000549467e-03,5.109100579091408606e-03,4.598190521182268613e-03,4.087280463273126885e-03,3.576370405363986024e-03,3.065460347454844730e-03,2.554550289545703002e-03,2.043640231636561708e-03,1.532730173727420413e-03,1.021820115818279336e-03,5.109100579091373912e-04,0.000000000000000000e+00,0.000000000000000000e+00,0.000000000000000000e+00,0.000000000000000000e+00,0.000000000000000000e+00,0.000000000000000000e+00,0.000000000000000000e+00,0.000000000000000000e+00,0.000000000000000000e+00,0.000000000000000000e+00,0.000000000000000000e+00,0.000000000000000000e+00,0.000000000000000000e+00,0.000000000000000000e+00,0.000000000000000000e+00,0.000000000000000000e+00,0.000000000000000000e+00,0.000000000000000000e+00,0.000000000000000000e+00,0.000000000000000000e+00,0.000000000000000000e+00,0.000000000000000000e+00,0.000000000000000000e+00,0.000000000000000000e+00,0.000000000000000000e+00,0.000000000000000000e+00,0.000000000000000000e+00,0.000000000000000000e+00,0.000000000000000000e+00,0.000000000000000000e+00,0.000000000000000000e+00,0.000000000000000000e+00,0.000000000000000000e+00,0.000000000000000000e+00,0.000000000000000000e+00,0.000000000000000000e+00,0.000000000000000000e+00,0.000000000000000000e+00,0.000000000000000000e+00,0.000000000000000000e+00,0.000000000000000000e+00,0.000000000000000000e+00,0.000000000000000000e+00,0.000000000000000000e+00,0.000000000000000000e+00,0.000000000000000000e+00,0.000000000000000000e+00,0.000000000000000000e+00,0.000000000000000000e+00,0.000000000000000000e+00,0.000000000000000000e+00,0.000000000000000000e+00,0.000000000000000000e+00,0.000000000000000000e+00,0.000000000000000000e+00,0.000000000000000000e+00,0.000000000000000000e+00,0.000000000000000000e+00,0.000000000000000000e+00,0.000000000000000000e+00,0.000000000000000000e+00,0.000000000000000000e+00,0.000000000000000000e+00,0.000000000000000000e+00,0.000000000000000000e+00,0.000000000000000000e+00,0.000000000000000000e+00
1.206724419817752775e-02,1.256840289893319113e-02,1.306956159968885450e-02,1.357072030044452135e-02,1.407187900120018473e-02,1.457303770195584984e-02,1.507419640271151322e-02,1.557535510346717833e-02,1.607651380422284171e-02,1.657767250497850509e-02,1.707883120573417193e-02,1.757998990648983184e-02,1.648024204813534552e-02,1.538049418978085919e-02,1.428074633142637113e-02,1.318099847307188308e-02,1.208125061471739328e-02,1.098150275636290522e-02,9.881754898008417165e-03,8.782007039653929106e-03,7.682259181299441048e-03,6.582511322944952989e-03,5.482763464590468400e-03,4.984330422354969932e-03,4.485897380119474066e-03,3.987464337883976466e-03,3.489031295648478866e-03,2.990598253412981699e-03,2.492165211177483665e-03,1.993732168941986065e-03,1.495299126706489115e-03,9.968660844709917312e-04,4.984330422354936972e-04,0.000000000000000000e+00,0.000000000000000000e+00,0.000000000000000000e+00,0.000000000000000000e+00,0.000000000000000000e+00,0.000000000000000000e+00,0.000000000000000000e+00,0.000000000000000000e+00,0.000000000000000000e+00,0.000000000000000000e+00,0.000000000000000000e+00,0.000000000000000000e+00,0.000000000000000000e+00,0.000000000000000000e+00,0.000000000000000000e+00,0.000000000000000000e+00,0.000000000000000000e+00,0.000000000000000000e+00,0.000000000000000000e+00,0.000000000000000000e+00,0.000000000000000000e+00,0.000000000000000000e+00,0.000000000000000000e+00,0.000000000000000000e+00,0.000000000000000000e+00,0.000000000000000000e+00,0.000000000000000000e+00,0.000000000000000000e+00,0.000000000000000000e+00,0.000000000000000000e+00,0.000000000000000000e+00,0.000000000000000000e+00,0.000000000000000000e+00,0.000000000000000000e+00,0.000000000000000000e+00,0.000000000000000000e+00,0.000000000000000000e+00,0.000000000000000000e+00,0.000000000000000000e+00,0.000000000000000000e+00,0.000000000000000000e+00,0.000000000000000000e+00,0.000000000000000000e+00,0.000000000000000000e+00,0.000000000000000000e+00,0.000000000000000000e+00,0.000000000000000000e+00,0.000000000000000000e+00,0.000000000000000000e+00,0.000000000000000000e+00,0.000000000000000000e+00,0.000000000000000000e+00,0.000000000000000000e+00,0.000000000000000000e+00,0.000000000000000000e+00,0.000000000000000000e+00,0.000000000000000000e+00,0.000000000000000000e+00,0.000000000000000000e+00,0.000000000000000000e+00,0.000000000000000000e+00,0.000000000000000000e+00,0.000000000000000000e+00,0.000000000000000000e+00,0.000000000000000000e+00,0.000000000000000000e+00,0.000000000000000000e+00
1.206724419817752775e-02,1.256491391230432110e-02,1.306258362643111098e-02,1.356025334055790260e-02,1.405792305468469769e-02,1.455559276881148931e-02,1.505326248293828093e-02,1.555093219706507254e-02,1.604860191119186763e-02,1.654627162531865925e-02,1.704394133944545087e-02,1.754161105357223902e-02,1.643287516617298119e-02,1.532413927877372163e-02,1.421540339137446034e-02,1.310666750397520078e-02,1.199793161657594122e-02,1.088919572917668166e-02,9.780459841777422100e-03,8.671723954378162541e-03,7.562988066978902982e-03,6.454252179579642555e-03,5.345516292180385598e-03,4.859560265618531258e-03,4.373604239056680387e-03,3.887648212494825613e-03,3.401692185932972141e-03,2.915736159371118234e-03,2.429780132809264328e-03,1.943824106247411072e-03,1.457868079685557816e-03,9.719120531237041265e-04,4.859560265618499491e-04,0.000000000000000000e+00,0.000000000000000000e+00,0.000000000000000000e+00,0.000000000000000000e+00,0.000000000000000000e+00,0.000000000000000000e+00,0.000000000000000000e+00,0.000000000000000000e+00,0.000000000000000000e+00,0.000000000000000000e+00,0.000000000000000000e+00,0.000000000000000000e+00,0.000000000000000000e+00,0.000000000000000000e+00,0.000000000000000000e+00,0.000000000000000000e+00,0.000000000000000000e+00,0.000000000000000000e+00,0.000000000000000000e+00,0.000000000000000000e+00,0.000000000000000000e+00,0.000000000000000000e+00,0.000000000000000000e+00,0.000000000000000000e+00,0.000000000000000000e+00,0.000000000000000000e+00,0.000000000000000000e+00,0.000000000000000000e+00,0.000000000000000000e+00,0.000000000000000000e+00,0.000000000000000000e+00,0.000000000000000000e+00,0.000000000000000000e+00,0.000000000000000000e+00,0.000000000000000000e+00,0.000000000000000000e+00,0.000000000000000000e+00,0.000000000000000000e+00,0.000000000000000000e+00,0.000000000000000000e+00,0.000000000000000000e+00,0.000000000000000000e+00,0.000000000000000000e+00,0.000000000000000000e+00,0.000000000000000000e+00,0.000000000000000000e+00,0.000000000000000000e+00,0.000000000000000000e+00,0.000000000000000000e+00,0.000000000000000000e+00,0.000000000000000000e+00,0.000000000000000000e+00,0.000000000000000000e+00,0.000000000000000000e+00,0.000000000000000000e+00,0.000000000000000000e+00,0.000000000000000000e+00,0.000000000000000000e+00,0.000000000000000000e+00,0.000000000000000000e+00,0.000000000000000000e+00,0.000000000000000000e+00,0.000000000000000000e+00,0.000000000000000000e+00,0.000000000000000000e+00,0.000000000000000000e+00,0.000000000000000000e+00
1.206724419817752775e-02,1.256142492567544761e-02,1.305560565317336746e-02,1.354978638067128732e-02,1.404396710816920718e-02,1.453814783566713051e-02,1.503232856316504690e-02,1.552650929066297023e-02,1.602069001816089008e-02,1.651487074565880994e-02,1.700905147315672980e-02,1.750323220065464619e-02,1.638550828421061686e-02,1.526778436776658580e-02,1.415006045132255474e-02,1.303233653487852368e-02,1.191461261843449089e-02,1.079688870199045983e-02,9.679164785546427036e-03,8.561440869102395976e-03,7.443716952658363181e-03,6.325993036214332121e-03,5.208269119770302796e-03,4.734790108882093451e-03,4.261311097993884973e-03,3.787832087105674761e-03,3.314353076217465416e-03,2.840874065329255637e-03,2.367395054441045425e-03,1.893916043552835646e-03,1.420437032664626084e-03,9.469580217764164134e-04,4.734790108882062009e-04,0.000000000000000000e+00,0.000000000000000000e+00,0.000000000000000000e+00,0.000000000000000000e+00,0.000000000000000000e+00,0.000000000000000000e+00,0.000000000000000000e+00,0.000000000000000000e+00,0.000000000000000000e+00,0.000000000000000000e+00,0.000000000000000000e+00,0.000000000000000000e+00,0.000000000000000000e+00,0.000000000000000000e+00,0.000000000000000000e+00,0.000000000000000000e+00,0.000000000000000000e+00,0.000000000000000000e+00,0.000000000000000000e+00,0.000000000000000000e+00,0.000000000000000000e+00,0.000000000000000000e+00,0.000000000000000000e+00,0.000000000000000000e+00,0.000000000000000000e+00,0.000000000000000000e+00,0.000000000000000000e+00,0.000000000000000000e+00,0.000000000000000000e+00,0.000000000000000000e+00,0.000000000000000000e+00,0.000000000000000000e+00,0.000000000000000000e+00,0.000000000000000000e+00,0.000000000000000000e+00,0.000000000000000000e+00,0.000000000000000000e+00,0.000000000000000000e+00,0.000000000000000000e+00,0.000000000000000000e+00,0.000000000000000000e+00,0.000000000000000000e+00,0.000000000000000000e+00,0.000000000000000000e+00,0.000000000000000000e+00,0.000000000000000000e+00,0.000000000000000000e+00,0.000000000000000000e+00,0.000000000000000000e+00,0.000000000000000000e+00,0.000000000000000000e+00,0.000000000000000000e+00,0.000000000000000000e+00,0.000000000000000000e+00,0.000000000000000000e+00,0.000000000000000000e+00,0.000000000000000000e+00,0.000000000000000000e+00,0.000000000000000000e+00,0.000000000000000000e+00,0.000000000000000000e+00,0.000000000000000000e+00,0.000000000000000000e+00,0.000000000000000000e+00,0.000000000000000000e+00,0.000000000000000000e+00,0.000000000000000000e+00
