8.233543194892529220e-20,7.395699780495943174e-20,6.557856366099358332e-20,5.720012951702773489e-20,4.882169537306187443e-20,4.044326122909601999e-20,3.206482708513017758e-20,2.368639294116432013e-20,1.530795879719846267e-20,6.929524653232605222e-21,-1.448909490733250726e-21,-9.827343634699099151e-21,-1.147613700994735211e-20,-1.312493038519560958e-20,-1.477372376044386706e-20,-1.642251713569212453e-20,-1.807131051094038200e-20,-1.972010388618863948e-20,-2.136889726143689394e-20,-2.301769063668514841e-20,-2.466648401193340889e-20,-2.631527738718166335e-20,-2.796407076242992083e-20,-2.983605578475192905e-20,-3.170804080707391923e-20,-3.358002582939592144e-20,-3.545201085171792967e-20,-3.732399587403993188e-20,-3.919598089636193409e-20,-4.106796591868393630e-20,-4.293995094100593851e-20,-4.481193596332794072e-20,-4.668392098564994293e-20,-4.855590600797192106e-20,-4.631901295313656971e-20,-4.408211989830121836e-20,-4.184522684346586700e-20,-3.960833378863052768e-20,-3.737144073379517031e-20,-3.513454767895982498e-20,-3.289765462412447362e-20,-3.066076156928912829e-20,-2.842386851445378295e-20,-2.618697545961842558e-20,-2.395008240478308325e-20,-2.217673865981376191e-20,-2.040339491484443756e-20,-1.863005116987511320e-20,-1.685670742490580089e-20,-1.508336367993647954e-20,-1.331001993496715669e-20,-1.153667618999783234e-20,-9.763332445028509493e-21,-7.989988700059185140e-21,-6.216644955089863796e-21,-4.443301210120539443e-21,-4.385041356220938934e-21,-4.326781502321338425e-21,-4.268521648421738668e-21,-4.210261794522138911e-21,-4.152001940622538402e-21,-4.093742086722937893e-21,-4.035482232823337384e-21,-3.977222378923737628e-21,-3.918962525024137119e-21,-3.860702671124537362e-21,-3.802442817224932339e-21,-3.456766197477211080e-21,-3.111089577729489446e-21,-2.765412957981767811e-21,-2.419736338234046553e-21,-2.074059718486324918e-21,-1.728383098738602907e-21,-1.382706478990881461e-21,-1.037029859243160014e-21,-6.913532394954383793e-22,-3.456766197477166506e-22,0.000000000000000000e+00,0.000000000000000000e+00,0.000000000000000000e+00,0.000000000000000000e+00,0.000000000000000000e+00,0.000000000000000000e+00,0.000000000000000000e+00,0.000000000000000000e+00,0.000000000000000000e+00,0.000000000000000000e+00,0.000000000000000000e+00,0.000000000000000000e+00,0.000000000000000000e+00,0.000000000000000000e+00,0.000000000000000000e+00,0.000000000000000000e+00,0.000000000000000000e+00,0.000000000000000000e+00,0.000000000000000000e+00,0.000000000000000000e+00,0.000000000000000000e+00,0.000000000000000000e+00,0.000000000000000000e+00
8.233543194892529220e-20,2.253970762297475765e-08,4.507941524586717443e-08,6.761912286875959121e-08,9.015883049165201461e-08,1.126985381145444512e-07,1.352382457374368614e-07,1.577779533603292848e-07,1.803176609832217082e-07,2.028573686061141581e-07,2.253970762290065815e-07,2.479367838518994813e-07,5.455227824824008911e-07,8.431087811129027245e-07,1.140694779743404558e-06,1.438280778373906391e-06,1.735866777004408225e-06,2.033452775634910058e-06,2.331038774265412315e-06,2.628624772895913725e-06,2.926210771526415981e-06,3.223796770156917391e-06,3.521382768787419648e-06,3.865249217760471246e-06,4.209115666733521997e-06,4.552982115706572749e-06,4.896848564679624347e-06,5.240715013652675945e-06,5.584581462625727543e-06,5.928447911598778294e-06,6.272314360571829892e-06,6.616180809544880644e-06,6.960047258517933089e-06,7.303913707490983840e-06,7.515222760258262077e-06,7.726531813025537773e-06,7.937840865792816010e-06,8.149149918560092554e-06,8.360458971327370791e-06,8.571768024094649028e-06,8.783077076861925571e-06,8.994386129629203808e-06,9.205695182396480351e-06,9.417004235163756894e-06,9.628313287931031744e-06,9.541582957225056818e-06,9.454852626519080199e-06,9.368122295813103580e-06,9.281391965107128655e-06,9.194661634401152036e-06,9.107931303695175417e-06,9.021200972989200492e-06,8.934470642283223873e-06,8.847740311577248948e-06,8.761009980871272329e-06,8.674279650165295710e-06,8.114085993260954191e-06,7.553892336356610132e-06,6.993698679452267766e-06,6.433505022547926248e-06,5.873311365643583035e-06,5.313117708739241516e-06,4.752924051834899998e-06,4.192730394930556785e-06,3.632536738026214420e-06,3.072343081121872054e-06,2.512149424217525453e-06,1.682635099504101012e-06,8.531207747906750880e-07,2.360645007725022297e-08,-8.059078746361750655e-07,-1.635422199349600778e-06,-2.464936524063025854e-06,-3.294450848776451778e-06,-4.123965173489876008e-06,-4.953479498203302355e-06,-5.782993822916727008e-06,-6.612508147630131333e-06,-6.011371043300119701e-06,-5.410233938970106376e-06,-4.809096834640093898e-06,-4.207959730310081419e-06,-3.606822625980068094e-06,-3.005685521650055192e-06,-2.404548417320042290e-06,-1.803411312990030024e-06,-1.202274208660017122e-06,-6.011371043300041139e-07,0.000000000000000000e+00,0.000000000000000000e+00,0.000000000000000000e+00,0.000000000000000000e+00,0.000000000000000000e+00,0.000000000000000000e+00,0.000000000000000000e+00,0.000000000000000000e+00,0.000000000000000000e+00,0.000000000000000000e+00,0.000000000000000000e+00,0.000000000000000000e+00
8.233543194892529220e-20,4.507941524587540653e-08,9.015883049166847881e-08,1.352382457374615048e-07,1.803176609832546101e-07,2.253970762290476890e-07,2.704764914748406885e-07,3.155559067206337410e-07,3.606353219664268993e-07,4.057147372122200046e-07,4.507941524580130041e-07,4.958735677038071153e-07,1.091045564964809406e-06,1.686217562225812649e-06,2.281389559486815892e-06,2.876561556747819135e-06,3.471733554008822378e-06,4.066905551269825198e-06,4.662077548530828865e-06,5.257249545791832531e-06,5.852421543052835351e-06,6.447593540313838171e-06,7.042765537574842684e-06,7.730498435520944187e-06,8.418231333467043995e-06,9.105964231413147191e-06,9.793697129359250388e-06,1.048143002730535189e-05,1.116916292525145339e-05,1.185689582319755659e-05,1.254462872114365978e-05,1.323236161908976298e-05,1.392009451703586448e-05,1.460782741498196599e-05,1.503044552051651568e-05,1.545306362605106538e-05,1.587568173158561847e-05,1.629829983712017155e-05,1.672091794265471786e-05,1.714353604818927095e-05,1.756615415372382065e-05,1.798877225925837035e-05,1.841139036479292343e-05,1.883400847032747313e-05,1.925662657586201944e-05,1.908316591445006959e-05,1.890970525303811296e-05,1.873624459162615973e-05,1.856278393021420988e-05,1.838932326880225325e-05,1.821586260739030340e-05,1.804240194597835016e-05,1.786894128456639692e-05,1.769548062315444369e-05,1.752201996174248706e-05,1.734855930033053382e-05,1.622817198652185417e-05,1.510778467271317283e-05,1.398739735890449149e-05,1.286701004509581184e-05,1.174662273128713049e-05,1.062623541747844915e-05,9.505848103669769502e-06,8.385460789861088159e-06,7.265073476052406816e-06,6.144686162243725473e-06,5.024298848435037354e-06,3.365270199008193130e-06,1.706241549581347635e-06,4.721290015450256352e-08,-1.611815749272341661e-06,-3.270844398699187156e-06,-4.929873048126033074e-06,-6.588901697552878145e-06,-8.247930346979723216e-06,-9.906958996406567441e-06,-1.156598764583341336e-05,-1.322501629526021693e-05,-1.202274208660019705e-05,-1.082046787794017548e-05,-9.618193669280153914e-06,-8.415919460620132345e-06,-7.213645251960110777e-06,-6.011371043300089208e-06,-4.809096834640067640e-06,-3.606822625980047342e-06,-2.404548417320025773e-06,-1.202274208660003993e-06,0.000000000000000000e+00,0.000000000000000000e+00,0.000000000000000000e+00,0.000000000000000000e+00,0.000000000000000000e+00,0.000000000000000000e+00,0.000000000000000000e+00,0.000000000000000000e+00,0.000000000000000000e+00,0.000000000000000000e+00,0.000000000000000000e+00,0.000000000000000000e+00
8.233543194892529220e-20,6.761912286877620100e-08,1.352382457374700810e-07,2.028573686061639477e-07,2.704764914748578409e-07,3.380956143435517077e-07,4.057147372122455215e-07,4.733338600809394412e-07,5.409529829496333079e-07,6.085721058183271217e-07,6.761912286870210414e-07,7.438103515557163375e-07,1.636568347447221732e-06,2.529326343338728502e-06,3.422084339230235273e-06,4.314842335121742890e-06,5.207600331013248814e-06,6.100358326904755585e-06,6.993116322796262355e-06,7.885874318687769973e-06,8.778632314579276743e-06,9.671390310470783514e-06,1.056414830636228859e-05,1.159574765328144677e-05,1.262734700020059987e-05,1.365894634711975467e-05,1.469054569403890946e-05,1.572214504095806426e-05,1.675374438787722244e-05,1.778534373479637723e-05,1.881694308171553542e-05,1.984854242863469021e-05,2.088014177555384162e-05,2.191174112247299980e-05,2.254566828077482943e-05,2.317959543907664890e-05,2.381352259737847514e-05,2.444744975568030477e-05,2.508137691398212762e-05,2.571530407228395386e-05,2.634923123058578010e-05,2.698315838888760634e-05,2.761708554718943258e-05,2.825101270549125882e-05,2.888493986379308168e-05,2.862474887167514674e-05,2.836455787955721858e-05,2.810436688743928702e-05,2.784417589532136225e-05,2.758398490320342392e-05,2.732379391108549576e-05,2.706360291896756082e-05,2.680341192684963266e-05,2.654322093473170110e-05,2.628302994261376616e-05,2.602283895049583800e-05,2.434225797978281514e-05,2.266167700906978889e-05,2.098109603835676603e-05,1.930051506764373978e-05,1.761993409693072031e-05,1.593935312621769406e-05,1.425877215550467119e-05,1.257819118479165003e-05,1.089761021407862547e-05,9.217029243365602609e-06,7.536448272652567042e-06,5.047905298512297318e-06,2.559362324372026323e-06,7.081935023175617462e-08,-2.417723623908515244e-06,-4.906266598048785815e-06,-7.394809572189058081e-06,-9.883352546329328653e-06,-1.237189552046959668e-05,-1.486043849460987149e-05,-1.734898146875013783e-05,-1.983752444289034656e-05,-1.803411312990031845e-05,-1.623070181691028355e-05,-1.442729050392024866e-05,-1.262387919093021546e-05,-1.082046787794018056e-05,-9.017056564950145671e-06,-7.213645251960110777e-06,-5.410233938970078424e-06,-3.606822625980043106e-06,-1.803411312990008212e-06,0.000000000000000000e+00,0.000000000000000000e+00,0.000000000000000000e+00,0.000000000000000000e+00,0.000000000000000000e+00,0.000000000000000000e+00,0.000000000000000000e+00,0.000000000000000000e+00,0.000000000000000000e+00,0.000000000000000000e+00,0.000000000000000000e+00,0.000000000000000000e+00
8.233543194892529220e-20,9.015883049167685650e-08,1.803176609832713655e-07,2.704764914748658348e-07,3.606353219664604100e-07,4.507941524580549322e-07,5.409529829496492957e-07,6.311118134412437650e-07,7.212706439328384460e-07,8.114294744244330212e-07,9.015883049160274905e-07,9.917471354076239715e-07,2.182091129929630246e-06,3.372435124451638427e-06,4.562779118973646183e-06,5.753123113495654364e-06,6.943467108017662544e-06,8.133811102539670725e-06,9.324155097061679752e-06,1.051449909158368709e-05,1.170484308610569611e-05,1.289518708062770345e-05,1.408553107514971247e-05,1.546099687104191887e-05,1.683646266693412187e-05,1.821192846282632826e-05,1.958739425871853466e-05,2.096286005461074105e-05,2.233832585050294744e-05,2.371379164639515722e-05,2.508925744228736023e-05,2.646472323817957001e-05,2.784018903407177301e-05,2.921565482996397941e-05,3.006089104103307880e-05,3.090612725210217820e-05,3.175136346317127759e-05,3.259659967424037699e-05,3.344183588530947639e-05,3.428707209637857578e-05,3.513230830744767518e-05,3.597754451851677458e-05,3.682278072958587397e-05,3.766801694065497337e-05,3.851325315172406599e-05,3.816633182890015951e-05,3.781941050607624626e-05,3.747248918325234656e-05,3.712556786042844008e-05,3.677864653760452683e-05,3.643172521478062035e-05,3.608480389195670710e-05,3.573788256913280740e-05,3.539096124630889415e-05,3.504403992348498090e-05,3.469711860066107442e-05,3.245634397304371512e-05,3.021556934542634905e-05,2.797479471780898975e-05,2.573402009019163045e-05,2.349324546257426777e-05,2.125247083495690508e-05,1.901169620733953900e-05,1.677092157972217971e-05,1.453014695210481871e-05,1.228937232448745433e-05,1.004859769687007979e-05,6.730540398016389647e-06,3.412483099162698658e-06,9.442580030900766814e-08,-3.223631498544680780e-06,-6.541688797398372617e-06,-9.859746096252064454e-06,-1.317780339510575460e-05,-1.649586069395944643e-05,-1.981391799281313488e-05,-2.313197529166682672e-05,-2.645003259052043385e-05,-2.404548417320039410e-05,-2.164093575588035097e-05,-1.923638733856030783e-05,-1.683183892124026469e-05,-1.442729050392022155e-05,-1.202274208660017842e-05,-9.618193669280135279e-06,-7.213645251960094683e-06,-4.809096834640051546e-06,-2.404548417320007985e-06,0.000000000000000000e+00,0.000000000000000000e+00,0.000000000000000000e+00,0.000000000000000000e+00,0.000000000000000000e+00,0.000000000000000000e+00,0.000000000000000000e+00,0.000000000000000000e+00,0.000000000000000000e+00,0.000000000000000000e+00,0.000000000000000000e+00,0.000000000000000000e+00
8.233543194892529220e-20,1.126985381145776311e-07,2.253970762290729147e-07,3.380956143435681719e-07,4.507941524580635085e-07,5.634926905725588450e-07,6.761912286870540757e-07,7.888897668015494123e-07,9.015883049160446430e-07,1.014286843030539980e-06,1.126985381145035316e-06,1.239683919259533194e-06,2.727613912412042149e-06,4.215543905564553433e-06,5.703473898717065564e-06,7.191403891869576849e-06,8.679333885022088980e-06,1.016726387817460026e-05,1.165519387132711324e-05,1.314312386447962283e-05,1.463105385763213412e-05,1.611898385078464879e-05,1.760691384393715499e-05,1.932624608880241637e-05,2.104557833366767436e-05,2.276491057853293235e-05,2.448424282339819034e-05,2.620357506826345511e-05,2.792290731312870971e-05,2.964223955799397109e-05,3.136157180285923247e-05,3.308090404772449385e-05,3.480023629258974845e-05,3.651956853745500983e-05,3.757611380129137561e-05,3.863265906512776171e-05,3.968920432896412749e-05,4.074574959280051359e-05,4.180229485663687936e-05,4.285884012047325869e-05,4.391538538430962447e-05,4.497193064814600379e-05,4.602847591198238312e-05,4.708502117581874890e-05,4.814156643965512145e-05,4.770791478612523666e-05,4.727426313259535187e-05,4.684061147906546708e-05,4.640695982553558229e-05,4.597330817200568395e-05,4.553965651847580593e-05,4.510600486494592115e-05,4.467235321141602958e-05,4.423870155788614479e-05,4.380504990435626000e-05,4.337139825082637521e-05,4.057042996630466592e-05,3.776946168178296341e-05,3.496849339726125413e-05,3.216752511273955839e-05,2.936655682821785588e-05,2.656558854369614660e-05,2.376462025917444408e-05,2.096365197465274157e-05,1.816268369013103229e-05,1.536171540560932978e-05,1.256074712108760694e-05,8.413175497520492988e-06,4.265603873953376499e-06,1.180322503862617028e-07,-4.029539373180855634e-06,-8.177110996747969583e-06,-1.232468262031508692e-05,-1.647225424388220426e-05,-2.061982586744931482e-05,-2.476739749101643215e-05,-2.891496911458354949e-05,-3.306254073815056180e-05,-3.005685521650051042e-05,-2.705116969485045226e-05,-2.404548417320039749e-05,-2.103979865155034611e-05,-1.803411312990028795e-05,-1.502842760825023318e-05,-1.202274208660017672e-05,-9.017056564950123648e-06,-6.011371043300068032e-06,-3.005685521650012417e-06,0.000000000000000000e+00,0.000000000000000000e+00,0.000000000000000000e+00,0.000000000000000000e+00,0.000000000000000000e+00,0.000000000000000000e+00,0.000000000000000000e+00,0.000000000000000000e+00,0.000000000000000000e+00,0.000000000000000000e+00,0.000000000000000000e+00,0.000000000000000000e+00
8.233543194892529220e-20,1.352382457374782866e-07,2.704764914748742522e-07,4.057147372122701384e-07,5.409529829496662363e-07,6.761912286870621225e-07,8.114294744244579028e-07,9.466677201618540008e-07,1.081905965899250099e-06,1.217144211636645773e-06,1.352382457374041871e-06,1.487620703111440934e-06,3.273136694894451087e-06,5.058652686677463781e-06,6.844168678460477322e-06,8.629684670243489169e-06,1.041520066202650271e-05,1.220071665380951625e-05,1.398623264559252810e-05,1.577174863737554333e-05,1.755726462915855349e-05,1.934278062094157042e-05,2.112829661272458057e-05,2.319149530656289355e-05,2.525469400040119975e-05,2.731789269423950595e-05,2.938109138807781893e-05,3.144429008191613529e-05,3.350748877575444488e-05,3.557068746959275447e-05,3.763388616343106406e-05,3.969708485726937365e-05,4.176028355110769001e-05,4.382348224494599283e-05,4.509133656154964531e-05,4.635919087815328424e-05,4.762704519475693672e-05,4.889489951136058920e-05,5.016275382796422813e-05,5.143060814456788061e-05,5.269846246117153310e-05,5.396631677777517880e-05,5.523417109437882451e-05,5.650202541098247699e-05,5.776987972758611592e-05,5.724949774335025960e-05,5.672911575911438972e-05,5.620873377487851984e-05,5.568835179064266351e-05,5.516796980640679363e-05,5.464758782217093731e-05,5.412720583793506743e-05,5.360682385369920432e-05,5.308644186946334122e-05,5.256605988522747812e-05,5.204567790099161502e-05,4.868451595956557607e-05,4.532335401813953035e-05,4.196219207671348462e-05,3.860103013528744568e-05,3.523986819386140673e-05,3.187870625243536101e-05,2.851754431100932206e-05,2.515638236958327634e-05,2.179522042815723061e-05,1.843405848673118489e-05,1.507289654530511884e-05,1.009581059702458617e-05,5.118724648744048410e-06,1.416387004635140433e-07,-4.835447247817022018e-06,-9.812533196097558078e-06,-1.478961914437809583e-05,-1.976670509265863020e-05,-2.474379104093916287e-05,-2.972087698921970232e-05,-3.469796293750024177e-05,-3.967504888578064569e-05,-3.606822625980058946e-05,-3.246140363382052645e-05,-2.885458100784046005e-05,-2.524775838186039704e-05,-2.164093575588033402e-05,-1.803411312990026762e-05,-1.442729050392020292e-05,-1.082046787794014330e-05,-7.213645251960077743e-06,-3.606822625980012190e-06,0.000000000000000000e+00,0.000000000000000000e+00,0.000000000000000000e+00,0.000000000000000000e+00,0.000000000000000000e+00,0.000000000000000000e+00,0.000000000000000000e+00,0.000000000000000000e+00,0.000000000000000000e+00,0.000000000000000000e+00,0.000000000000000000e+00,0.000000000000000000e+00
8.233543194892529220e-20,1.577779533603790480e-07,3.155559067206757750e-07,4.733338600809724755e-07,6.311118134412692818e-07,7.888897668015661412e-07,9.466677201618625770e-07,1.104445673522159542e-06,1.262223626882456190e-06,1.420001580242753261e-06,1.577779533603049908e-06,1.735557486963350156e-06,3.818659477376863413e-06,5.901761467790379211e-06,7.984863458203896703e-06,1.006796544861741250e-05,1.215106743903092830e-05,1.423416942944444579e-05,1.631727141985796328e-05,1.840037341027147739e-05,2.048347540068499488e-05,2.256657739109851237e-05,2.464967938151202986e-05,2.705674452432339105e-05,2.946380966713474885e-05,3.187087480994611343e-05,3.427793995275747800e-05,3.668500509556884258e-05,3.909207023838020038e-05,4.149913538119157173e-05,4.390620052400293630e-05,4.631326566681429410e-05,4.872033080962566545e-05,5.112739595243700970e-05,5.260655932180794889e-05,5.408572269117886775e-05,5.556488606054980016e-05,5.704404942992071903e-05,5.852321279929163789e-05,6.000237616866256352e-05,6.148153953803348916e-05,6.296070290740440802e-05,6.443986627677532688e-05,6.591902964614625930e-05,6.739819301551716461e-05,6.679108070057532319e-05,6.618396838563348177e-05,6.557685607069164036e-05,6.496974375574979894e-05,6.436263144080794397e-05,6.375551912586612966e-05,6.314840681092427470e-05,6.254129449598243328e-05,6.193418218104060542e-05,6.132706986609875045e-05,6.071995755115691581e-05,5.679860195282652687e-05,5.287724635449614471e-05,4.895589075616574900e-05,4.503453515783537362e-05,4.111317955950498468e-05,3.719182396117460252e-05,3.327046836284422036e-05,2.934911276451383482e-05,2.542775716618344249e-05,2.150640156785306033e-05,1.758504596952265107e-05,1.177844569652868951e-05,5.971845423534726251e-06,1.652451505407646898e-07,-5.641355122453196871e-06,-1.144795539544715504e-05,-1.725455566844111830e-05,-2.306115594143507986e-05,-2.886775621442903465e-05,-3.467435648742300298e-05,-4.048095676041696454e-05,-4.628755703341077703e-05,-4.207959730310070577e-05,-3.787163757279062774e-05,-3.366367784248054971e-05,-2.945571811217047507e-05,-2.524775838186039704e-05,-2.103979865155032239e-05,-1.683183892124024436e-05,-1.262387919093017141e-05,-8.415919460620093382e-06,-4.207959730310016198e-06,0.000000000000000000e+00,0.000000000000000000e+00,0.000000000000000000e+00,0.000000000000000000e+00,0.000000000000000000e+00,0.000000000000000000e+00,0.000000000000000000e+00,0.000000000000000000e+00,0.000000000000000000e+00,0.000000000000000000e+00,0.000000000000000000e+00,0.000000000000000000e+00
8.233543194892529220e-20,1.803176609832797564e-07,3.606353219664771389e-07,5.409529829496744949e-07,7.212706439328720097e-07,9.015883049160694187e-07,1.081905965899266616e-06,1.262223626882463813e-06,1.442541287865661645e-06,1.622858948848859054e-06,1.803176609832056463e-06,1.983494270815258107e-06,4.364182259859271504e-06,6.744870248903289559e-06,9.125558237947307613e-06,1.150624622699132567e-05,1.388693421603534372e-05,1.626762220507936178e-05,1.864831019412337983e-05,2.102899818316739789e-05,2.340968617221141594e-05,2.579037416125543061e-05,2.817106215029945544e-05,3.092199374208387161e-05,3.367292533386827085e-05,3.642385692565268363e-05,3.917478851743710997e-05,4.192572010922152276e-05,4.467665170100593554e-05,4.742758329279035510e-05,5.017851488457476789e-05,5.292944647635918745e-05,5.568037806814359346e-05,5.843130965992800624e-05,6.012178208206619826e-05,6.181225450420439705e-05,6.350272692634259585e-05,6.519319934848079464e-05,6.688367177061899343e-05,6.857414419275719222e-05,7.026461661489539102e-05,7.195508903703358981e-05,7.364556145917177505e-05,7.533603388130997384e-05,7.702650630344815908e-05,7.633266365780034613e-05,7.563882101215251962e-05,7.494497836650469312e-05,7.425113572085689372e-05,7.355729307520906721e-05,7.286345042956125426e-05,7.216960778391342775e-05,7.147576513826561480e-05,7.078192249261780185e-05,7.008807984696996179e-05,6.939423720132214884e-05,6.491268794608743024e-05,6.043113869085270487e-05,5.594958943561797950e-05,5.146804018038326090e-05,4.698649092514853553e-05,4.250494166991381016e-05,3.802339241467909156e-05,3.354184315944436619e-05,2.906029390420964082e-05,2.457874464897491545e-05,2.009719539374016297e-05,1.346108079603278268e-05,6.824966198325400704e-06,1.888516006180187244e-07,-6.447262997089358173e-06,-1.308337759479674185e-05,-1.971949219250412552e-05,-2.635560679021150919e-05,-3.299172138791888609e-05,-3.962783598562626976e-05,-4.626395058333365344e-05,-5.290006518104086770e-05,-4.809096834640078820e-05,-4.328187151176070193e-05,-3.847277467712061566e-05,-3.366367784248052938e-05,-2.885458100784044311e-05,-2.404548417320035683e-05,-1.923638733856027056e-05,-1.442729050392018937e-05,-9.618193669280103092e-06,-4.809096834640015971e-06,0.000000000000000000e+00,0.000000000000000000e+00,0.000000000000000000e+00,0.000000000000000000e+00,0.000000000000000000e+00,0.000000000000000000e+00,0.000000000000000000e+00,0.000000000000000000e+00,0.000000000000000000e+00,0.000000000000000000e+00,0.000000000000000000e+00,0.000000000000000000e+00
8.233543194892529220e-20,2.028573686061805178e-07,4.057147372122786617e-07,6.085721058183768849e-07,8.114294744244750552e-07,1.014286843030573226e-06,1.217144211636671396e-06,1.420001580242769566e-06,1.622858948848867737e-06,1.825716317454966119e-06,2.028573686061064289e-06,2.231431054667167330e-06,4.909705042341683830e-06,7.587979030016204989e-06,1.026625301769072530e-05,1.294452700536524731e-05,1.562280099303976931e-05,1.830107498071429132e-05,2.097934896838880994e-05,2.365762295606333194e-05,2.633589694373785056e-05,2.901417093141237595e-05,3.169244491908689796e-05,3.478724295984437251e-05,3.788204100060182673e-05,4.097683904135929450e-05,4.407163708211676227e-05,4.716643512287423004e-05,5.026123316363170459e-05,5.335603120438916558e-05,5.645082924514663336e-05,5.954562728590410113e-05,6.264042532666156890e-05,6.573522336741902312e-05,6.763700484232450184e-05,6.953878631722998057e-05,7.144056779213544574e-05,7.334234926704092446e-05,7.524413074194638963e-05,7.714591221685186836e-05,7.904769369175734708e-05,8.094947516666281225e-05,8.285125664156829097e-05,8.475303811647375615e-05,8.665481959137922132e-05,8.587424661502542327e-05,8.509367363867162523e-05,8.431310066231781364e-05,8.353252768596402915e-05,8.275195470961024466e-05,8.197138173325643306e-05,8.119080875690264858e-05,8.041023578054883698e-05,7.962966280419505249e-05,7.884908982784125445e-05,7.806851685148745641e-05,7.302677393934838782e-05,6.798503102720930568e-05,6.294328811507025065e-05,5.790154520293119562e-05,5.285980229079212026e-05,4.781805937865305167e-05,4.277631646651399664e-05,3.773457355437492128e-05,3.269283064223585270e-05,2.765108773009679089e-05,2.260934481795769181e-05,1.514371589553688772e-05,7.678086973116078544e-06,2.124580506952744531e-07,-7.253170871725531332e-06,-1.471879979414633542e-05,-2.218442871656714629e-05,-2.965005763898795885e-05,-3.711568656140875109e-05,-4.458131548382957042e-05,-5.204694440625037621e-05,-5.951257332867099226e-05,-5.410233938970090452e-05,-4.869210545073080322e-05,-4.328187151176070871e-05,-3.787163757279061419e-05,-3.246140363382051290e-05,-2.705116969485041160e-05,-2.164093575588031370e-05,-1.623070181691021918e-05,-1.082046787794011958e-05,-5.410233938970019979e-06,0.000000000000000000e+00,0.000000000000000000e+00,0.000000000000000000e+00,0.000000000000000000e+00,0.000000000000000000e+00,0.000000000000000000e+00,0.000000000000000000e+00,0.000000000000000000e+00,0.000000000000000000e+00,0.000000000000000000e+00,0.000000000000000000e+00,0.000000000000000000e+00
8.233543194892529220e-20,2.253970762290811733e-07,4.507941524580799727e-07,6.761912286870787455e-07,9.015883049160776772e-07,1.126985381145076397e-06,1.352382457374075117e-06,1.577779533603074261e-06,1.803176609832072981e-06,2.028573686061072336e-06,2.253970762290070632e-06,2.479367838519074858e-06,5.455227824824091921e-06,8.431087811129115336e-06,1.140694779743413790e-05,1.438280778373916047e-05,1.735866777004418135e-05,2.033452775634920730e-05,2.331038774265423326e-05,2.628624772895925244e-05,2.926210771526427501e-05,3.223796770156929758e-05,3.521382768787432354e-05,3.865249217760484629e-05,4.209115666733535550e-05,4.552982115706587826e-05,4.896848564679639424e-05,5.240715013652691022e-05,5.584581462625743298e-05,5.928447911598794218e-05,6.272314360571846494e-05,6.616180809544898770e-05,6.960047258517951046e-05,7.303913707491003322e-05,7.515222760258277832e-05,7.726531813025550987e-05,7.937840865792825497e-05,8.149149918560100007e-05,8.360458971327374518e-05,8.571768024094650383e-05,8.783077076861924893e-05,8.994386129629200759e-05,9.205695182396472559e-05,9.417004235163748424e-05,9.628313287931021579e-05,9.541582957225043266e-05,9.454852626519064953e-05,9.368122295813087995e-05,9.281391965107111037e-05,9.194661634401134079e-05,9.107931303695157121e-05,9.021200972989178808e-05,8.934470642283200495e-05,8.847740311577223537e-05,8.761009980871246579e-05,8.674279650165269621e-05,8.114085993260929119e-05,7.553892336356588617e-05,6.993698679452248115e-05,6.433505022547907613e-05,5.873311365643567111e-05,5.313117708739226609e-05,4.752924051834886106e-05,4.192730394930545604e-05,3.632536738026205102e-05,3.072343081121864600e-05,2.512149424217520371e-05,1.682635099504097920e-05,8.531207747906751303e-06,2.360645007725234055e-07,-8.059078746361697716e-06,-1.635422199349592561e-05,-2.464936524063015690e-05,-3.294450848776438818e-05,-4.123965173489860253e-05,-4.953479498203283720e-05,-5.782993822916706510e-05,-6.612508147630108293e-05,-6.011371043300098017e-05,-5.410233938970087741e-05,-4.809096834640076110e-05,-4.207959730310066512e-05,-3.606822625980055558e-05,-3.005685521650044943e-05,-2.404548417320033989e-05,-1.803411312990023713e-05,-1.202274208660012929e-05,-6.011371043300020599e-06,0.000000000000000000e+00,0.000000000000000000e+00,0.000000000000000000e+00,0.000000000000000000e+00,0.000000000000000000e+00,0.000000000000000000e+00,0.000000000000000000e+00,0.000000000000000000e+00,0.000000000000000000e+00,0.000000000000000000e+00,0.000000000000000000e+00,0.000000000000000000e+00
8.233543194892529220e-20,2.479367838519819612e-07,4.958735677038815484e-07,7.438103515557811356e-07,9.917471354076807228e-07,1.239683919259580628e-06,1.487620703111479897e-06,1.735557486963379590e-06,1.983494270815279283e-06,2.231431054667178765e-06,2.479367838519079093e-06,2.727304622370984080e-06,6.000750607306504247e-06,9.274196592242030766e-06,1.254764257717755729e-05,1.582108856211308381e-05,1.909453454704861032e-05,2.236798053198413684e-05,2.564142651691965998e-05,2.891487250185518988e-05,3.218831848679071640e-05,3.546176447172624292e-05,3.873521045666176944e-05,4.251774139536534041e-05,4.630027233406890460e-05,5.008280327277247557e-05,5.386533421147604654e-05,5.764786515017961751e-05,6.143039608888319525e-05,6.521292702758677300e-05,6.899545796629033719e-05,7.277798890499391493e-05,7.656051984369747912e-05,8.034305078240104332e-05,8.266745036284106835e-05,8.499184994328109338e-05,8.731624952372111842e-05,8.964064910416114345e-05,9.196504868460114138e-05,9.428944826504116641e-05,9.661384784548119145e-05,9.893824742592121648e-05,1.012626470063612280e-04,1.035870465868012665e-04,1.059114461672412645e-04,1.049574125294755098e-04,1.040033788917097551e-04,1.030493452539440005e-04,1.020953116161782458e-04,1.011412779784124911e-04,1.001872443406467500e-04,9.923321070288100890e-05,9.827917706511525423e-05,9.732514342734949957e-05,9.637110978958373134e-05,9.541707615181799023e-05,8.925494592587024877e-05,8.309281569992249376e-05,7.693068547397473875e-05,7.076855524802701085e-05,6.460642502207925584e-05,5.844429479613150083e-05,5.228216457018376614e-05,4.612003434423601791e-05,3.995790411828826290e-05,3.379577389234052144e-05,2.763364366639273255e-05,1.850898609454508254e-05,9.384328522697429144e-06,2.596709508497791342e-07,-8.864986620997874264e-06,-1.798964419284552089e-05,-2.711430176469318106e-05,-3.623895933654083107e-05,-4.536361690838848108e-05,-5.448827448023613109e-05,-6.361293205208378787e-05,-7.273758962393121427e-05,-6.612508147630109649e-05,-5.951257332867097871e-05,-5.290006518104085415e-05,-4.628755703341074315e-05,-3.967504888578062537e-05,-3.306254073815050081e-05,-2.645003259052037964e-05,-1.983752444289026525e-05,-1.322501629526014577e-05,-6.612508147630024607e-06,0.000000000000000000e+00,0.000000000000000000e+00,0.000000000000000000e+00,0.000000000000000000e+00,0.000000000000000000e+00,0.000000000000000000e+00,0.000000000000000000e+00,0.000000000000000000e+00,0.000000000000000000e+00,0.000000000000000000e+00,0.000000000000000000e+00,0.000000000000000000e+00
8.233543194892529220e-20,2.343803959368246222e-07,4.687607918735668705e-07,7.031411878103091982e-07,9.375215837470514729e-07,1.171901979683793854e-06,1.406282375620536022e-06,1.640662771557278191e-06,1.875043167494020572e-06,2.109423563430762952e-06,2.343803959367505545e-06,2.578184355304253643e-06,5.994891546052696056e-06,9.411598736801146092e-06,1.282830592754959443e-05,1.624501311829804108e-05,1.966172030904649281e-05,2.307842749979494116e-05,2.649513469054338950e-05,2.991184188129183784e-05,3.332854907204028618e-05,3.674525626278873452e-05,4.016196345353718287e-05,4.425932485402949080e-05,4.835668625452177162e-05,5.245404765501406600e-05,5.655140905550636715e-05,6.064877045599866153e-05,6.474613185649095591e-05,6.884349325698326384e-05,7.294085465747555822e-05,7.703821605796786615e-05,8.113557745846016053e-05,8.523293885895245490e-05,8.794593964869416641e-05,9.065894043843591857e-05,9.337194122817763008e-05,9.608494201791936869e-05,9.879794280766109374e-05,1.015109435974028324e-04,1.042239443871445574e-04,1.069369451768862825e-04,1.096499459666280211e-04,1.123629467563697461e-04,1.150759475461114712e-04,1.145134868771340882e-04,1.139510262081567458e-04,1.133885655391793493e-04,1.128261048702020069e-04,1.122636442012246239e-04,1.117011835322472680e-04,1.111387228632699121e-04,1.105762621942925426e-04,1.100138015253151731e-04,1.094513408563378172e-04,1.088888801873604478e-04,1.031199256049047610e-04,9.735097102244907429e-05,9.158201643999338757e-05,8.581306185753771439e-05,8.004410727508202766e-05,7.427515269262634093e-05,6.850619811017066775e-05,6.273724352771499458e-05,5.696828894525930785e-05,5.119933436280362790e-05,4.543037978034789373e-05,3.627687046540356358e-05,2.712336115045924358e-05,1.796985183551491342e-05,8.816342520570586653e-06,-3.371667943737435055e-07,-9.490676109318068582e-06,-1.864418542426240382e-05,-2.779769473920672720e-05,-3.695120405415105059e-05,-4.610471336909538752e-05,-5.525822268403950762e-05,-5.044423972137508161e-05,-4.563025675871063529e-05,-4.081627379604620929e-05,-3.600229083338177651e-05,-3.118830787071733696e-05,-2.637432490805290757e-05,-2.156034194538846801e-05,-1.674635898272403524e-05,-1.193237602005959907e-05,-7.118393057395163756e-06,-2.304410094730805094e-06,-2.866968322318136579e-06,-3.429526549905467640e-06,-3.992084777492799124e-06,-4.554643005080129762e-06,-5.117201232667461246e-06,-5.679759460254791883e-06,-6.242317687842123368e-06,-6.804875915429446382e-06,-7.367434143016778714e-06,-7.929992370604109351e-06,-8.492550598191440835e-06
8.233543194892529220e-20,2.208240080216672303e-07,4.416480160432520867e-07,6.624720240648369431e-07,8.832960320864219054e-07,1.104120040108006656e-06,1.324944048129591512e-06,1.545768056151176369e-06,1.766592064172761437e-06,1.987416072194346293e-06,2.208240080215931150e-06,2.429064088237522359e-06,5.989032484798887018e-06,9.549000881360259724e-06,1.310896927792163158e-05,1.666893767448300175e-05,2.022890607104437530e-05,2.378887446760574885e-05,2.734884286416711902e-05,3.090881126072849257e-05,3.446877965728986274e-05,3.802874805385123290e-05,4.158871645041260307e-05,4.600090831269363441e-05,5.041310017497465219e-05,5.482529203725566998e-05,5.923748389953670810e-05,6.364967576181773266e-05,6.806186762409875723e-05,7.247405948637978179e-05,7.688625134866079280e-05,8.129844321094181737e-05,8.571063507322286903e-05,9.012282693550386649e-05,9.322442893454731868e-05,9.632603093359075731e-05,9.942763293263420950e-05,1.025292349316776481e-04,1.056308369307211003e-04,1.087324389297645390e-04,1.118340409288079776e-04,1.149356429278514162e-04,1.180372449268948684e-04,1.211388469259383206e-04,1.242404489249817321e-04,1.240695612247927750e-04,1.238986735246037636e-04,1.237277858244148065e-04,1.235568981242258222e-04,1.233860104240368379e-04,1.232151227238478808e-04,1.230442350236588965e-04,1.228733473234699123e-04,1.227024596232809280e-04,1.225315719230919709e-04,1.223606842229029866e-04,1.169849052839393817e-04,1.116091263449757497e-04,1.062333474060121312e-04,1.008575684670485399e-04,9.548178952808492146e-05,9.010601058912130301e-05,8.473023165015769811e-05,7.935445271119407967e-05,7.397867377223046122e-05,6.860289483326685632e-05,6.322711589430317011e-05,5.404475483626218691e-05,4.486239377822117660e-05,3.568003272018017307e-05,2.649767166213917632e-05,1.731531060409816940e-05,8.132949546057167563e-06,-1.049411511983846132e-06,-1.023177257002484458e-05,-1.941413362806584811e-05,-2.859649468610685842e-05,-3.777885574414768577e-05,-3.476339796644895155e-05,-3.174794018875020377e-05,-2.873248241105147972e-05,-2.571702463335273194e-05,-2.270156685565400111e-05,-1.968610907795526012e-05,-1.667065130025651912e-05,-1.365519352255778659e-05,-1.063973574485904390e-05,-7.624277967160306293e-06,-4.608820189461626282e-06,-5.733936644636292639e-06,-6.859053099810959844e-06,-7.984169554985625353e-06,-9.109286010160291711e-06,-1.023440246533495807e-05,-1.135951892050962442e-05,-1.248463537568429078e-05,-1.360975183085894020e-05,-1.473486828603360655e-05,-1.585998474120827291e-05,-1.698510119638293927e-05
8.233543194892529220e-20,2.072676201065098120e-07,4.145352402129372501e-07,6.218028603193647940e-07,8.290704804257922320e-07,1.036338100532219882e-06,1.243605720638647002e-06,1.450873340745074546e-06,1.658140960851502090e-06,1.865408580957929846e-06,2.072676201064357178e-06,2.279943821170791075e-06,5.983173423545079674e-06,9.686403025919375050e-06,1.338963262829367043e-05,1.709286223066796580e-05,2.079609183304225779e-05,2.449932143541655655e-05,2.820255103779085193e-05,3.190578064016514053e-05,3.560901024253943929e-05,3.931223984491373806e-05,4.301546944728803682e-05,4.774249177135779157e-05,5.246951409542753277e-05,5.719653641949728074e-05,6.192355874356703549e-05,6.665058106763679024e-05,7.137760339170654499e-05,7.610462571577629974e-05,8.083164803984606804e-05,8.555867036391580924e-05,9.028569268798556399e-05,9.501271501205533229e-05,9.850291822040048450e-05,1.019931214287456367e-04,1.054833246370907889e-04,1.089735278454359547e-04,1.124637310537810933e-04,1.159539342621262320e-04,1.194441374704713842e-04,1.229343406788165906e-04,1.264245438871617157e-04,1.299147470955068679e-04,1.334049503038520473e-04,1.336256355724514211e-04,1.338463208410508221e-04,1.340670061096502501e-04,1.342876913782496510e-04,1.345083766468490791e-04,1.347290619154484800e-04,1.349497471840478810e-04,1.351704324526473090e-04,1.353911177212467100e-04,1.356118029898461109e-04,1.358324882584455390e-04,1.308498849629740159e-04,1.258672816675024387e-04,1.208846783720308885e-04,1.159020750765593519e-04,1.109194717810878017e-04,1.059368684856162651e-04,1.009542651901447285e-04,9.597166189467316475e-05,9.098905859920161459e-05,8.600645530373007797e-05,8.102385200825847360e-05,7.181263920712081025e-05,6.260142640598310624e-05,5.339021360484542933e-05,4.417900080370775243e-05,3.496778800257007553e-05,2.575657520143239185e-05,1.654536240029469800e-05,7.334149599157024490e-06,-1.877063201980662578e-06,-1.108827600311834287e-05,-2.029948880425586731e-05,-1.908255621152283164e-05,-1.786562361878978243e-05,-1.664869102605673998e-05,-1.543175843332370771e-05,-1.421482584059065680e-05,-1.299789324785761605e-05,-1.178096065512457361e-05,-1.056402806239153286e-05,-9.347095469658490424e-06,-8.130162876925449677e-06,-6.913230284192446200e-06,-8.600904966954449124e-06,-1.028857964971645035e-05,-1.197625433247844989e-05,-1.366392901524045281e-05,-1.535160369800245235e-05,-1.703927838076445527e-05,-1.872695306352645820e-05,-2.041462774628843401e-05,-2.210230242905043694e-05,-2.378997711181243647e-05,-2.547765179457443940e-05
8.233543194892529220e-20,1.937112321913524995e-07,3.874224643826226251e-07,5.811336965738927507e-07,7.748449287651630881e-07,9.685561609564333195e-07,1.162267393147703127e-06,1.355978625338973359e-06,1.549689857530243590e-06,1.743401089721513822e-06,1.937112321912784053e-06,2.130823554104060214e-06,5.977314362291271483e-06,9.823805170478488682e-06,1.367029597866570588e-05,1.751678678685292308e-05,2.136327759504014028e-05,2.520976840322736086e-05,2.905625921141457467e-05,3.290275001960179526e-05,3.674924082778900907e-05,4.059573163597622966e-05,4.444222244416344347e-05,4.948407523002192840e-05,5.452592801588040656e-05,5.956778080173887795e-05,6.460963358759734933e-05,6.965148637345583427e-05,7.469333915931431920e-05,7.973519194517280414e-05,8.477704473103127552e-05,8.981889751688974691e-05,9.486075030274824539e-05,9.990260308860671678e-05,1.037814075062535961e-04,1.076602119239004348e-04,1.115390163415473141e-04,1.154178207591941799e-04,1.192966251768410457e-04,1.231754295944879115e-04,1.270542340121347908e-04,1.309330384297816431e-04,1.348118428474284953e-04,1.386906472650753746e-04,1.425694516827221998e-04,1.431817099201100130e-04,1.437939681574978263e-04,1.444062263948856124e-04,1.450184846322734257e-04,1.456307428696611847e-04,1.462430011070490251e-04,1.468552593444368112e-04,1.474675175818245974e-04,1.480797758192123835e-04,1.486920340566001968e-04,1.493042922939879830e-04,1.447148646420085146e-04,1.401254369900290192e-04,1.355360093380495509e-04,1.309465816860700825e-04,1.263571540340905871e-04,1.217677263821111052e-04,1.171782987301316369e-04,1.125888710781521550e-04,1.079994434261726731e-04,1.034100157741931912e-04,9.882058812221364156e-05,8.958052357797929128e-05,8.034045903374492745e-05,7.110039448951055007e-05,6.186032994527621335e-05,5.262026540104184952e-05,4.338020085680749924e-05,3.414013631257314219e-05,2.490007176833878175e-05,1.566000722410442131e-05,6.419942679870057484e-06,-2.820121864364169125e-06,-3.401714456596807453e-06,-3.983307048829445781e-06,-4.564899641062098508e-06,-5.146492233294733448e-06,-5.728084825527378552e-06,-6.309677417760016880e-06,-6.891270009992659443e-06,-7.472862602225303700e-06,-8.054455194457943722e-06,-8.636047786690586285e-06,-9.217640378923252565e-06,-1.146787328927258528e-05,-1.371810619962191969e-05,-1.596833910997125071e-05,-1.821857202032058342e-05,-2.046880493066991614e-05,-2.271903784101924885e-05,-2.496927075136858156e-05,-2.721950366171788040e-05,-2.946973657206721311e-05,-3.171996948241654582e-05,-3.397020239276587854e-05
8.233543194892529220e-20,1.801548442761951871e-07,3.603096885523080002e-07,5.404645328284207074e-07,7.206193771045337323e-07,9.007742213806465455e-07,1.080929065656759253e-06,1.261083909932872172e-06,1.441238754208985091e-06,1.621393598485098010e-06,1.801548442761210717e-06,1.981703287037330200e-06,5.971455301037463292e-06,9.961207315037602314e-06,1.395095932903774303e-05,1.794071134303788036e-05,2.193046335703802277e-05,2.592021537103816517e-05,2.990996738503830081e-05,3.389971939903843644e-05,3.788947141303858563e-05,4.187922342703872126e-05,4.586897544103886367e-05,5.122565868868606524e-05,5.658234193633326003e-05,6.193902518398047515e-05,6.729570843162766317e-05,7.265239167927487829e-05,7.800907492692209341e-05,8.336575817456929498e-05,8.872244142221651011e-05,9.407912466986371168e-05,9.943580791751091324e-05,1.047924911651581148e-04,1.090598967921066806e-04,1.133273024190552735e-04,1.175947080460038394e-04,1.218621136729524052e-04,1.261295192999009845e-04,1.303969249268495639e-04,1.346643305537981433e-04,1.389317361807467226e-04,1.431991418076953020e-04,1.474665474346438542e-04,1.517339530615924336e-04,1.527377842677686321e-04,1.537416154739447763e-04,1.547454466801209748e-04,1.557492778862971461e-04,1.567531090924733175e-04,1.577569402986495159e-04,1.587607715048257144e-04,1.597646027110018858e-04,1.607684339171780571e-04,1.617722651233542827e-04,1.627760963295304540e-04,1.585798443210430404e-04,1.543835923125555726e-04,1.501873403040681861e-04,1.459910882955807996e-04,1.417948362870933860e-04,1.375985842786059453e-04,1.334023322701185588e-04,1.292060802616311181e-04,1.250098282531437316e-04,1.208135762446563044e-04,1.166173242361687960e-04,1.073484079488377859e-04,9.807949166150676222e-05,8.881057537417572502e-05,7.954165908684468782e-05,7.027274279951363706e-05,6.100382651218260664e-05,5.173491022485157621e-05,4.246599393752053901e-05,3.319707765018950181e-05,2.392816136285847139e-05,1.465924507552753414e-05,1.227912729832921504e-05,9.899009521130887476e-06,7.518891743932554827e-06,5.138773966734230648e-06,2.758656189535903929e-06,3.785384123375805973e-07,-2.001579364860752052e-06,-4.381697142059072842e-06,-6.761814919257400409e-06,-9.141932696455727975e-06,-1.152205047365405724e-05,-1.433484161159072313e-05,-1.714763274952738563e-05,-1.996042388746404814e-05,-2.277321502540071742e-05,-2.558600616333737992e-05,-2.839879730127404243e-05,-3.121158843921070493e-05,-3.402437957714733355e-05,-3.683717071508399606e-05,-3.964996185302065856e-05,-4.246275299095732107e-05
8.233543194892529220e-20,1.665984563610377687e-07,3.331969127219932165e-07,4.997953690829485583e-07,6.663938254439040590e-07,8.329922818048595596e-07,9.995907381658147426e-07,1.166189194526770349e-06,1.332787650887725744e-06,1.499386107248681351e-06,1.665984563609636745e-06,1.832583019970599128e-06,5.965596239783655102e-06,1.009860945959671933e-05,1.423162267940978018e-05,1.836463589922284441e-05,2.249764911903590525e-05,2.663066233884896949e-05,3.076367555866203372e-05,3.489668877847509795e-05,3.902970199828816218e-05,4.316271521810121964e-05,4.729572843791428387e-05,5.296724214735022918e-05,5.863875585678614060e-05,6.431026956622207236e-05,6.998178327565800412e-05,7.565329698509394942e-05,8.132481069452988118e-05,8.699632440396581293e-05,9.266783811340175824e-05,9.833935182283767644e-05,1.040108655322736218e-04,1.096823792417095400e-04,1.143383860779598329e-04,1.189943929142101258e-04,1.236503997504604052e-04,1.283064065867107117e-04,1.329624134229609640e-04,1.376184202592112705e-04,1.422744270954615499e-04,1.469304339317118293e-04,1.515864407679621358e-04,1.562424476042124422e-04,1.608984544404626674e-04,1.622938586154272782e-04,1.636892627903918619e-04,1.650846669653563913e-04,1.664800711403209750e-04,1.678754753152855315e-04,1.692708794902501152e-04,1.706662836652146718e-04,1.720616878401792825e-04,1.734570920151438391e-04,1.748524961901084228e-04,1.762479003650729793e-04,1.724448240000776475e-04,1.686417476350822616e-04,1.648386712700869298e-04,1.610355949050915980e-04,1.572325185400962663e-04,1.534294421751009074e-04,1.496263658101055485e-04,1.458232894451102167e-04,1.420202130801148579e-04,1.382171367151195261e-04,1.344140603501240588e-04,1.251162923196964024e-04,1.158185242892686783e-04,1.065207562588409542e-04,9.722298822841324360e-05,8.792522019798554658e-05,7.862745216755782245e-05,6.932968413713011188e-05,6.003191610670240808e-05,5.073414807627469074e-05,4.143638004584698016e-05,3.213861201541933735e-05,2.795996905325533156e-05,2.378132609109130544e-05,1.960268312892727254e-05,1.542404016676325658e-05,1.124539720459924062e-05,7.066754242435218732e-06,2.888111280271190068e-06,-1.290531681892822502e-06,-5.469174644056848625e-06,-9.647817606220869665e-06,-1.382646056838487546e-05,-1.720180993390887792e-05,-2.057715929943287699e-05,-2.395250866495687267e-05,-2.732785803048087513e-05,-3.070320739600487081e-05,-3.407855676152886989e-05,-3.745390612705286896e-05,-4.082925549257682059e-05,-4.420460485810081966e-05,-4.757995422362481874e-05,-5.095530358914881103e-05
8.233543194892529220e-20,1.530420684458804033e-07,3.060841368916784327e-07,4.591262053374764092e-07,6.121682737832744915e-07,7.652103422290727855e-07,9.182524106748704444e-07,1.071294479120668738e-06,1.224336547566466821e-06,1.377378616012264691e-06,1.530420684458063197e-06,1.683462752903868267e-06,5.959737178529846911e-06,1.023601160415583297e-05,1.451228602978181733e-05,1.878856045540780169e-05,2.306483488103379113e-05,2.734110930665977380e-05,3.161738373228576663e-05,3.589365815791174591e-05,4.016993258353773196e-05,4.444620700916371802e-05,4.872248143478970407e-05,5.470882560601437279e-05,6.069516977723901440e-05,6.668151394846366957e-05,7.266785811968833151e-05,7.865420229091300700e-05,8.464054646213766894e-05,9.062689063336231733e-05,9.661323480458697927e-05,1.025995789758116412e-04,1.085859231470363167e-04,1.145722673182609651e-04,1.196168753638129716e-04,1.246614834093649781e-04,1.297060914549169575e-04,1.347506995004689912e-04,1.397953075460209706e-04,1.448399155915729500e-04,1.498845236371249565e-04,1.549291316826769630e-04,1.599737397282289424e-04,1.650183477737809760e-04,1.700629558193329555e-04,1.718499329630858972e-04,1.736369101068388390e-04,1.754238872505918350e-04,1.772108643943447496e-04,1.789978415380976914e-04,1.807848186818506874e-04,1.825717958256036291e-04,1.843587729693566251e-04,1.861457501131095669e-04,1.879327272568625086e-04,1.897197044006155046e-04,1.863098036791121734e-04,1.828999029576089505e-04,1.794900022361056464e-04,1.760801015146023693e-04,1.726702007930990923e-04,1.692603000715957881e-04,1.658503993500925382e-04,1.624404986285892612e-04,1.590305979070859841e-04,1.556206971855826800e-04,1.522107964640793487e-04,1.428841766905549512e-04,1.335575569170305537e-04,1.242309371435061562e-04,1.149043173699817723e-04,1.055776975964573883e-04,9.625107782293299084e-05,8.692445804940860689e-05,7.759783827588422295e-05,6.827121850235983900e-05,5.894459872883545505e-05,4.961797895531110499e-05,4.364081080818140064e-05,3.766364266105168951e-05,3.168647451392197839e-05,2.570930636679226048e-05,1.973213821966254936e-05,1.375497007253283315e-05,7.777801925403123718e-06,1.800633778273419368e-06,-4.176534368856296841e-06,-1.015370251598600966e-05,-1.613087066311569029e-05,-2.006877825622702593e-05,-2.400668584933835479e-05,-2.794459344244968704e-05,-3.188250103556101929e-05,-3.582040862867235493e-05,-3.975831622178368379e-05,-4.369622381489501943e-05,-4.763413140800628730e-05,-5.157203900111762294e-05,-5.550994659422895180e-05,-5.944785418734028744e-05
8.233543194892529220e-20,1.394856805307230379e-07,2.789713610613637019e-07,4.184570415920043659e-07,5.579427221226450299e-07,6.974284026532857997e-07,8.369140831839263578e-07,9.763997637145671277e-07,1.115885444245207898e-06,1.255371124775848456e-06,1.394856805306489437e-06,1.534342485837137619e-06,5.953878117276038720e-06,1.037341374871494660e-05,1.479294938015385447e-05,1.921248501159276235e-05,2.363202064303167362e-05,2.805155627447058150e-05,3.247109190590949276e-05,3.689062753734840064e-05,4.131016316878731529e-05,4.572969880022621639e-05,5.014923443166513105e-05,5.645040906467851640e-05,6.275158369769190175e-05,6.905275833070528032e-05,7.535393296371865890e-05,8.165510759673205103e-05,8.795628222974544315e-05,9.425745686275883528e-05,1.005586314957722139e-04,1.068598061287856060e-04,1.131609807617989981e-04,1.194621553948123767e-04,1.248953646496661239e-04,1.303285739045198033e-04,1.357617831593735099e-04,1.411949924142272164e-04,1.466282016690809500e-04,1.520614109239346566e-04,1.574946201787883631e-04,1.629278294336420426e-04,1.683610386884957762e-04,1.737942479433495098e-04,1.792274571982031622e-04,1.814060073107445434e-04,1.835845574232858703e-04,1.857631075358272244e-04,1.879416576483685514e-04,1.901202077609098783e-04,1.922987578734512595e-04,1.944773079859926136e-04,1.966558580985339406e-04,1.988344082110752946e-04,2.010129583236166487e-04,2.031915084361580028e-04,2.001747833581467805e-04,1.971580582801355853e-04,1.941413332021243087e-04,1.911246081241131406e-04,1.881078830461019183e-04,1.850911579680907231e-04,1.820744328900795279e-04,1.790577078120683056e-04,1.760409827340570833e-04,1.730242576560458881e-04,1.700075325780345302e-04,1.606520610614135271e-04,1.512965895447924427e-04,1.419411180281713583e-04,1.325856465115503010e-04,1.232301749949292436e-04,1.138747034783081863e-04,1.045192319616871019e-04,9.516376044506604458e-05,8.580828892844497371e-05,7.645281741182391639e-05,6.709734589520287263e-05,5.932165256310748327e-05,5.154595923101208714e-05,4.377026589891665713e-05,3.599457256682127456e-05,2.821887923472586149e-05,2.044318590263046197e-05,1.266749257053506076e-05,4.891799238439657849e-06,-2.883894093655743363e-06,-1.065958742575114966e-05,-1.843528075784650513e-05,-2.293574657854517056e-05,-2.743621239924383937e-05,-3.193667821994250141e-05,-3.643714404064116684e-05,-4.093760986133983227e-05,-4.543807568203849770e-05,-4.993854150273716313e-05,-5.443900732343576079e-05,-5.893947314413442622e-05,-6.343993896483309165e-05,-6.794040478553175708e-05
8.233543194892529220e-20,1.259292926155656461e-07,2.518585852310489711e-07,3.777878778465322697e-07,5.037171704620155682e-07,6.296464630774989198e-07,7.555757556929822713e-07,8.815050483084655169e-07,1.007434340923948974e-06,1.133363633539432220e-06,1.259292926154915466e-06,1.385222218770406970e-06,5.948019056022230529e-06,1.051081589327406192e-05,1.507361273052589332e-05,1.963640956777772641e-05,2.419920640502955611e-05,2.876200324228138581e-05,3.332480007953321212e-05,3.788759691678505537e-05,4.245039375403687830e-05,4.701319059128871477e-05,5.157598742854055125e-05,5.819199252334267356e-05,6.480799761814476877e-05,7.142400271294687753e-05,7.804000780774899984e-05,8.465601290255110861e-05,9.127201799735321737e-05,9.788802309215533968e-05,1.045040281869574620e-04,1.111200332817595708e-04,1.177360383765616795e-04,1.243520434713637883e-04,1.301738539355192219e-04,1.359956643996746556e-04,1.418174748638300351e-04,1.476392853279854958e-04,1.534610957921409024e-04,1.592829062562963090e-04,1.651047167204517697e-04,1.709265271846071763e-04,1.767483376487625829e-04,1.825701481129179894e-04,1.883919585770734231e-04,1.909620816584031624e-04,1.935322047397329017e-04,1.961023278210626409e-04,1.986724509023923531e-04,2.012425739837220653e-04,2.038126970650518317e-04,2.063828201463815439e-04,2.089529432277113102e-04,2.115230663090410224e-04,2.140931893903707617e-04,2.166633124717005010e-04,2.140397630371813605e-04,2.114162136026621929e-04,2.087926641681430795e-04,2.061691147336239390e-04,2.035455652991047715e-04,2.009220158645856039e-04,1.982984664300664905e-04,1.956749169955473229e-04,1.930513675610281824e-04,1.904278181265090420e-04,1.878042686919897660e-04,1.784199454322720759e-04,1.690356221725543317e-04,1.596512989128365874e-04,1.502669756531188432e-04,1.408826523934010989e-04,1.314983291336833547e-04,1.221140058739655834e-04,1.127296826142478662e-04,1.033453593545301355e-04,9.396103609481237773e-05,8.457671283509463349e-05,7.500249431803356591e-05,6.542827580097245767e-05,5.585405728391136976e-05,4.627983876685028185e-05,3.670562024978918039e-05,2.713140173272808570e-05,1.755718321566699102e-05,7.982964698605903107e-06,-1.591253818455194967e-06,-1.116547233551629304e-05,-2.073969085257731997e-05,-2.580271490086332196e-05,-3.086573894914931718e-05,-3.592876299743531240e-05,-4.099178704572131439e-05,-4.605481109400730961e-05,-5.111783514229331160e-05,-5.618085919057932038e-05,-6.124388323886523428e-05,-6.630690728715123627e-05,-7.136993133543723827e-05,-7.643295538372322671e-05
8.233543194892529220e-20,1.123729047004083071e-07,2.247458094007342668e-07,3.371187141010601735e-07,4.494916188013862125e-07,5.618645235017121457e-07,6.742374282020379730e-07,7.866103329023639061e-07,8.989832376026900511e-07,1.011356142303015984e-06,1.123729047003341917e-06,1.236101951703676109e-06,5.942159994768422338e-06,1.064821803783317725e-05,1.535427608089792877e-05,2.006033412396268368e-05,2.476639216702743859e-05,2.947245021009219012e-05,3.417850825315695180e-05,3.888456629622170333e-05,4.359062433928645485e-05,4.829668238235120637e-05,5.300274042541596467e-05,5.993357598200681717e-05,6.686441153859763579e-05,7.379524709518847474e-05,8.072608265177931368e-05,8.765691820837016618e-05,9.458775376496100513e-05,1.015185893215518576e-04,1.084494248781426830e-04,1.153802604347335355e-04,1.223110959913243745e-04,1.292419315479152134e-04,1.354523432213723471e-04,1.416627548948294808e-04,1.478731665682865874e-04,1.540835782417437753e-04,1.602939899152008548e-04,1.665044015886579885e-04,1.727148132621151493e-04,1.789252249355722559e-04,1.851356366090293895e-04,1.913460482824865503e-04,1.975564599559436298e-04,2.005181560060618085e-04,2.034798520561798788e-04,2.064415481062980033e-04,2.094032441564161278e-04,2.123649402065342522e-04,2.153266362566523767e-04,2.182883323067704741e-04,2.212500283568886257e-04,2.242117244070067502e-04,2.271734204571248476e-04,2.301351165072429720e-04,2.279047427162159134e-04,2.256743689251888276e-04,2.234439951341617419e-04,2.212136213431346561e-04,2.189832475521075975e-04,2.167528737610804846e-04,2.145224999700534260e-04,2.122921261790263673e-04,2.100617523879992816e-04,2.078313785969721958e-04,2.056010048059450017e-04,1.961878298031305976e-04,1.867746548003161664e-04,1.773614797975017082e-04,1.679483047946873312e-04,1.585351297918729271e-04,1.491219547890584960e-04,1.397087797862440919e-04,1.302956047834296608e-04,1.208824297806152567e-04,1.114692547778008255e-04,1.020560797749863808e-04,9.068333607295962144e-05,7.931059237093283497e-05,6.793784866890604851e-05,5.656510496687926204e-05,4.519236126485248913e-05,3.381961756282569589e-05,2.244687386079891620e-05,1.107413015877213989e-05,-2.986135432546499599e-07,-1.167135724528143304e-05,-2.304410094730812802e-05,-2.866968322318145981e-05,-3.429526549905479837e-05,-3.992084777492812338e-05,-4.554643005080146194e-05,-5.117201232667478695e-05,-5.679759460254812551e-05,-6.242317687842145052e-05,-6.804875915429470777e-05,-7.367434143016804633e-05,-7.929992370604135778e-05,-8.492550598191469634e-05
8.233543194892529220e-20,9.881651678525092849e-08,1.976330335704195095e-07,2.964495503555880773e-07,3.952660671407566980e-07,4.940825839259252657e-07,5.928991007110937806e-07,6.917156174962624013e-07,7.905321342814310220e-07,8.893486510665996427e-07,9.881651678517681575e-07,1.086981684636945249e-06,5.936300933514613300e-06,1.078562018239228919e-05,1.563493943126996761e-05,2.048425868014764096e-05,2.533357792902532108e-05,3.018289717790299782e-05,3.503221642678067116e-05,3.988153567565835128e-05,4.473085492453603141e-05,4.958017417341370475e-05,5.442949342229138487e-05,6.167515944067096078e-05,6.892082545905051636e-05,7.616649147743008550e-05,8.341215749580965463e-05,9.065782351418922376e-05,9.790348953256879289e-05,1.051491555509483620e-04,1.123948215693279312e-04,1.196404875877075003e-04,1.268861536060870694e-04,1.341318196244666386e-04,1.407308325072254994e-04,1.473298453899843331e-04,1.539288582727431668e-04,1.605278711555020005e-04,1.671268840382608614e-04,1.737258969210196951e-04,1.803249098037785288e-04,1.869239226865373896e-04,1.935229355692962233e-04,2.001219484520550841e-04,2.067209613348138908e-04,2.100742303537204004e-04,2.134274993726269101e-04,2.167807683915334198e-04,2.201340374104399024e-04,2.234873064293464121e-04,2.268405754482529218e-04,2.301938444671594586e-04,2.335471134860659412e-04,2.369003825049724780e-04,2.402536515238789605e-04,2.436069205427854973e-04,2.417697223952504663e-04,2.399325242477154624e-04,2.380953261001804314e-04,2.362581279526454275e-04,2.344209298051104235e-04,2.325837316575754196e-04,2.307465335100403886e-04,2.289093353625053576e-04,2.270721372149703808e-04,2.252349390674353768e-04,2.233977409199002374e-04,2.139557141739891735e-04,2.045136874280780283e-04,1.950716606821669373e-04,1.856296339362558734e-04,1.761876071903447825e-04,1.667455804444336644e-04,1.573035536985225734e-04,1.478615269526114824e-04,1.384195002067004185e-04,1.289774734607893004e-04,1.195354467148781552e-04,1.063641778278856905e-04,9.319290894089321228e-05,8.002164005390073403e-05,6.685037116690826934e-05,5.367910227991579787e-05,4.050783339292331284e-05,2.733656450593084137e-05,1.416529561893838007e-05,9.940267319459052120e-07,-1.217724215504657473e-05,-2.534851104203894286e-05,-3.153665154549961121e-05,-3.772479204896027279e-05,-4.391293255242094114e-05,-5.010107305588160271e-05,-5.628921355934226429e-05,-6.247735406280293942e-05,-6.866549456626360099e-05,-7.485363506972416770e-05,-8.104177557318484283e-05,-8.722991607664550440e-05,-9.341805658010616598e-05
8.233543194892529220e-20,4.053125105938729778e-08,8.106250211869224808e-08,1.215937531779971454e-07,1.621250042373021752e-07,2.026562552966070196e-07,2.431875063559119169e-07,2.837187574152169202e-07,3.242500084745219764e-07,3.647812595338268737e-07,4.053125105931317711e-07,4.458437616524450858e-07,5.186861952961702037e-06,9.927880144270966929e-06,1.466889833558022928e-05,1.940991652688949502e-05,2.415093471819876076e-05,2.889195290950801972e-05,3.363297110081729224e-05,3.837398929212655797e-05,4.311500748343581694e-05,4.785602567474508268e-05,5.259704386605435519e-05,5.990484813428691694e-05,6.721265240251946514e-05,7.452045667075200656e-05,8.182826093898456154e-05,8.913606520721713007e-05,9.644386947544969859e-05,1.037516737436822671e-04,1.110594780119147950e-04,1.183672822801473635e-04,1.256750865483799320e-04,1.329828908166124735e-04,1.398499534549360384e-04,1.467170160932595492e-04,1.535840787315830328e-04,1.604511413699065978e-04,1.673182040082300814e-04,1.741852666465535922e-04,1.810523292848771300e-04,1.879193919232006137e-04,1.947864545615241515e-04,2.016535171998476894e-04,2.085205798381711730e-04,2.124233518754971327e-04,2.163261239128230382e-04,2.202288959501489437e-04,2.241316679874748492e-04,2.280344400248007547e-04,2.319372120621266873e-04,2.358399840994525928e-04,2.397427561367785525e-04,2.436455281741044579e-04,2.475483002114303634e-04,2.514510722487562689e-04,2.505501483880921698e-04,2.496492245274280707e-04,2.487483006667639174e-04,2.478473768060998183e-04,2.469464529454357192e-04,2.460455290847716201e-04,2.451446052241074668e-04,2.442436813634434219e-04,2.433427575027792686e-04,2.424418336421151694e-04,2.415409097814509077e-04,2.334481217877647740e-04,2.253553337940786402e-04,2.172625458003924251e-04,2.091697578067063185e-04,2.010769698130201576e-04,1.929841818193339968e-04,1.848913938256478359e-04,1.767986058319617022e-04,1.687058178382755413e-04,1.606130298445893534e-04,1.525202418509031654e-04,1.406962628897591655e-04,1.288722839286151386e-04,1.170483049674710845e-04,1.052243260063270847e-04,9.340034704518305770e-05,8.157636808403903074e-05,6.975238912289500378e-05,5.792841016175099037e-05,4.610443120060696341e-05,3.428045223946294323e-05,2.245647327831899758e-05,1.654952660646012255e-05,1.064257993460124582e-05,4.735633262742360621e-06,-1.171313409116519496e-06,-7.078260080975394531e-06,-1.298520675283427973e-05,-1.889215342469316154e-05,-2.479910009655196204e-05,-3.070604676841084724e-05,-3.661299344026969855e-05,-4.251994011212859053e-05
8.233543194892529220e-20,-1.775401466647654468e-08,-3.550802933303543684e-08,-5.326204399959431576e-08,-7.101605866615319469e-08,-8.877007333271207362e-08,-1.065240879992710055e-07,-1.242781026658298315e-07,-1.420321173323887633e-07,-1.597861319989475893e-07,-1.775401466655064153e-07,-1.952941613320572210e-07,4.437422972408787385e-06,9.070140106149639589e-06,1.370285723989049264e-05,1.833557437363134569e-05,2.296829150737219704e-05,2.760100864111304840e-05,3.223372577485390653e-05,3.686644290859475789e-05,4.149916004233560925e-05,4.613187717607646060e-05,5.076459430981731873e-05,5.813453682790286633e-05,6.550447934598841392e-05,7.287442186407395474e-05,8.024436438215948200e-05,8.761430690024504993e-05,9.498424941833060429e-05,1.023541919364161451e-04,1.097241344545016859e-04,1.170940769725872403e-04,1.244640194906728218e-04,1.318339620087583355e-04,1.389690744026465504e-04,1.461041867965347382e-04,1.532392991904229259e-04,1.603744115843111408e-04,1.675095239781993286e-04,1.746446363720875164e-04,1.817797487659757042e-04,1.889148611598638920e-04,1.960499735537521069e-04,2.031850859476403218e-04,2.103201983415284824e-04,2.147724733972738379e-04,2.192247484530191663e-04,2.236770235087644947e-04,2.281292985645097960e-04,2.325815736202550973e-04,2.370338486760004528e-04,2.414861237317458083e-04,2.459383987874911096e-04,2.503906738432364379e-04,2.548429488989818205e-04,2.592952239547271489e-04,2.593305743809339275e-04,2.593659248071407061e-04,2.594012752333474847e-04,2.594366256595542633e-04,2.594719760857610419e-04,2.595073265119678205e-04,2.595426769381746534e-04,2.595780273643814320e-04,2.596133777905882648e-04,2.596487282167949892e-04,2.596840786430016593e-04,2.529405294015404557e-04,2.461969801600793063e-04,2.394534309186180214e-04,2.327098816771568449e-04,2.259663324356956412e-04,2.192227831942344376e-04,2.124792339527731798e-04,2.057356847113119762e-04,1.989921354698507725e-04,1.922485862283895689e-04,1.855050369869282840e-04,1.750283479516327354e-04,1.645516589163371598e-04,1.540749698810415841e-04,1.435982808457460355e-04,1.331215918104504598e-04,1.226449027751548571e-04,1.121682137398593220e-04,1.016915247045637328e-04,9.121483566926817069e-05,8.073814663397260857e-05,7.026145759867710066e-05,6.463570475842003249e-05,5.900995191816292367e-05,5.338419907790581485e-05,4.775844623764873313e-05,4.213269339739163108e-05,3.650694055713454259e-05,3.088118771687744054e-05,2.525543487662043336e-05,1.962968203636332454e-05,1.400392919610625637e-05,8.378176355849147549e-06
8.233543194892529220e-20,-7.603928039234018861e-08,-1.520785607847627247e-07,-2.281178411771852211e-07,-3.041571215696077704e-07,-3.801964019620303198e-07,-4.562356823544527632e-07,-5.322749627468752067e-07,-6.083142431392979148e-07,-6.843535235317204112e-07,-7.603928039241429076e-07,-8.364320843165573572e-07,3.687983991855874428e-06,8.212400068028313942e-06,1.273681614420075430e-05,1.726123222037319297e-05,2.178564829654563333e-05,2.631006437271807369e-05,3.083448044889051405e-05,3.535889652506295103e-05,3.988331260123539478e-05,4.440772867740783853e-05,4.893214475358028905e-05,5.636422552151882926e-05,6.379630628945733560e-05,7.122838705739587581e-05,7.866046782533441602e-05,8.609254859327295623e-05,9.352462936121151000e-05,1.009567101291500367e-04,1.083887908970885769e-04,1.158208716650271171e-04,1.232529524329656573e-04,1.306850332009041975e-04,1.380881953503570623e-04,1.454913574998099542e-04,1.528945196492628462e-04,1.602976817987157110e-04,1.677008439481685487e-04,1.751040060976214135e-04,1.825071682470743055e-04,1.899103303965271432e-04,1.973134925459800622e-04,2.047166546954328999e-04,2.121198168448857647e-04,2.171215949190504889e-04,2.221233729932152673e-04,2.271251510673800457e-04,2.321269291415446886e-04,2.371287072157094670e-04,2.421304852898741912e-04,2.471322633640389696e-04,2.521340414382037209e-04,2.571358195123684721e-04,2.621375975865331692e-04,2.671393756606979205e-04,2.681110003737756310e-04,2.690826250868532873e-04,2.700542497999309979e-04,2.710258745130087084e-04,2.719974992260863647e-04,2.729691239391640210e-04,2.739407486522417315e-04,2.749123733653193878e-04,2.758839980783970441e-04,2.768556227914748089e-04,2.778272475045523025e-04,2.724329370153161104e-04,2.670386265260798098e-04,2.616443160368435092e-04,2.562500055476073170e-04,2.508556950583710164e-04,2.454613845691347158e-04,2.400670740798984423e-04,2.346727635906621688e-04,2.292784531014258954e-04,2.238841426121896219e-04,2.184898321229532400e-04,2.093604330135061969e-04,2.002310339040590725e-04,1.911016347946119481e-04,1.819722356851648237e-04,1.728428365757176993e-04,1.637134374662705750e-04,1.545840383568234777e-04,1.454546392473763533e-04,1.363252401379292289e-04,1.271958410284821045e-04,1.180664419190350343e-04,1.127218829103797290e-04,1.073773239017244372e-04,1.020327648930691047e-04,9.668820588441381296e-05,9.134364687575852117e-05,8.599908786710320227e-05,8.065452885844788338e-05,7.530996984979264580e-05,6.996541084113732691e-05,6.462085183248204867e-05,5.927629282382671622e-05
8.233543194892529220e-20,-1.343245461182038193e-07,-2.686490922364899596e-07,-4.029736383547761264e-07,-5.372981844730622933e-07,-6.716227305913485659e-07,-8.059472767096346269e-07,-9.402718228279208995e-07,-1.074596368946206960e-06,-1.208920915064493233e-06,-1.343245461182779294e-06,-1.477570007301057943e-06,2.938545011302962318e-06,7.354660029906989990e-06,1.177077504851102105e-05,1.618689006711504703e-05,2.060300508571907301e-05,2.501912010432310576e-05,2.943523512292712835e-05,3.385135014153115772e-05,3.826746516013518709e-05,4.268358017873920968e-05,4.709969519734325260e-05,5.459391421513477865e-05,6.208813323292628437e-05,6.958235225071781043e-05,7.707657126850933648e-05,8.457079028630087609e-05,9.206500930409241570e-05,9.955922832188392820e-05,1.070534473396754543e-04,1.145476663574669803e-04,1.220418853752585199e-04,1.295361043930500595e-04,1.372073162980676014e-04,1.448785282030851703e-04,1.525497401081026851e-04,1.602209520131202812e-04,1.678921639181377688e-04,1.755633758231553107e-04,1.832345877281729067e-04,1.909057996331904486e-04,1.985770115382080175e-04,2.062482234432255323e-04,2.139194353482430741e-04,2.194707164408272212e-04,2.250219975334113954e-04,2.305732786259955154e-04,2.361245597185796625e-04,2.416758408111637825e-04,2.472271219037479838e-04,2.527784029963321038e-04,2.583296840889162779e-04,2.638809651815004521e-04,2.694322462740845721e-04,2.749835273666687463e-04,2.768914263666173345e-04,2.787993253665658686e-04,2.807072243665144568e-04,2.826151233664630992e-04,2.845230223664116332e-04,2.864309213663602215e-04,2.883388203663088097e-04,2.902467193662573979e-04,2.921546183662059861e-04,2.940625173661545744e-04,2.959704163661030542e-04,2.919253446290917650e-04,2.878802728920804217e-04,2.838352011550690241e-04,2.797901294180577350e-04,2.757450576810463374e-04,2.716999859440350482e-04,2.676549142070237049e-04,2.636098424700124157e-04,2.595647707330010724e-04,2.555196989959897290e-04,2.514746272589782772e-04,2.436925180753796313e-04,2.359104088917809853e-04,2.281282997081822850e-04,2.203461905245836390e-04,2.125640813409849931e-04,2.047819721573862928e-04,1.969998629737876468e-04,1.892177537901889466e-04,1.814356446065903006e-04,1.736535354229916275e-04,1.658714262393929815e-04,1.608080610623394797e-04,1.557446958852859778e-04,1.506813307082324489e-04,1.456179655311789470e-04,1.405546003541253909e-04,1.354912351770718620e-04,1.304278700000183330e-04,1.253645048229648853e-04,1.203011396459113564e-04,1.152377744688578410e-04,1.101744092918042984e-04
8.233543194892529220e-20,-1.926098118440674633e-07,-3.852196236882172475e-07,-5.778294355323669259e-07,-7.704392473765167631e-07,-9.630490592206666003e-07,-1.155658871064816226e-06,-1.348268682908966063e-06,-1.540878494753115900e-06,-1.733488306597265949e-06,-1.926098118441415786e-06,-2.118707930285557577e-06,2.189106030750051054e-06,6.496919991785666885e-06,1.080473395282128272e-05,1.511254791385690109e-05,1.942036187489251268e-05,2.372817583592813105e-05,2.803598979696374943e-05,3.234380375799936441e-05,3.665161771903497939e-05,4.095943168007059438e-05,4.526724564110622291e-05,5.282360290875074836e-05,6.037996017639523993e-05,6.793631744403975860e-05,7.549267471168428405e-05,8.304903197932879595e-05,9.060538924697332140e-05,9.816174651461784684e-05,1.057181037822623587e-04,1.132744610499068706e-04,1.208308183175514096e-04,1.283871755851959215e-04,1.363264372457781675e-04,1.442656989063603593e-04,1.522049605669426053e-04,1.601442222275248242e-04,1.680834838881070431e-04,1.760227455486892620e-04,1.839620072092714538e-04,1.919012688698537540e-04,1.998405305304359458e-04,2.077797921910181647e-04,2.157190538516003835e-04,2.218198379626039806e-04,2.279206220736075235e-04,2.340214061846110935e-04,2.401221902956145551e-04,2.462229744066181522e-04,2.523237585176217493e-04,2.584245426286252922e-04,2.645253267396288892e-04,2.706261108506324321e-04,2.767268949616359750e-04,2.828276790726395721e-04,2.856718523594590380e-04,2.885160256462785582e-04,2.913601989330980241e-04,2.942043722199174901e-04,2.970485455067369560e-04,2.998927187935564761e-04,3.027368920803758879e-04,3.055810653671953538e-04,3.084252386540149281e-04,3.112694119408343941e-04,3.141135852276537516e-04,3.114177522428673655e-04,3.087219192580809251e-04,3.060260862732945390e-04,3.033302532885082071e-04,3.006344203037217668e-04,2.979385873189353265e-04,2.952427543341489945e-04,2.925469213493625542e-04,2.898510883645761681e-04,2.871552553797897820e-04,2.844594223950032874e-04,2.780246031372531198e-04,2.715897838795028980e-04,2.651549646217526762e-04,2.587201453640024544e-04,2.522853261062522326e-04,2.458505068485020107e-04,2.394156875907517889e-04,2.329808683330015671e-04,2.265460490752513453e-04,2.201112298175011506e-04,2.136764105597509559e-04,2.088942392142992168e-04,2.041120678688474778e-04,1.993298965233957117e-04,1.945477251779439997e-04,1.897655538324922336e-04,1.849833824870405216e-04,1.802012111415887555e-04,1.754190397961370978e-04,1.706368684506853316e-04,1.658546971052336197e-04,1.610725257597818807e-04
8.233543194892529220e-20,-2.508950775699310807e-07,-5.017901551399444295e-07,-7.526852327099578313e-07,-1.003580310279971233e-06,-1.254475387849984635e-06,-1.505370465419997825e-06,-1.756265542990011438e-06,-2.007160620560025052e-06,-2.258055698130038665e-06,-2.508950775700051855e-06,-2.759845853270057845e-06,1.439667050197138520e-06,5.639179953664342086e-06,9.838692857131546075e-06,1.403820576059874837e-05,1.823771866406595575e-05,2.243723156753315974e-05,2.663674447100036372e-05,3.083625737446756433e-05,3.503577027793477170e-05,3.923528318140197908e-05,4.343479608486918646e-05,5.105329160236669775e-05,5.867178711986418193e-05,6.629028263736169322e-05,7.390877815485920451e-05,8.152727367235671581e-05,8.914576918985422710e-05,9.676426470735172483e-05,1.043827602248492361e-04,1.120012557423467474e-04,1.196197512598442452e-04,1.272382467773417564e-04,1.354455581934886795e-04,1.436528696096355754e-04,1.518601810257824713e-04,1.600674924419293673e-04,1.682748038580762632e-04,1.764821152742231591e-04,1.846894266903700821e-04,1.928967381065169510e-04,2.011040495226638740e-04,2.093113609388107428e-04,2.175186723549576387e-04,2.241689594843806316e-04,2.308192466138035974e-04,2.374695337432265632e-04,2.441198208726495290e-04,2.507701080020724406e-04,2.574203951314954606e-04,2.640706822609184263e-04,2.707209693903414463e-04,2.773712565197644121e-04,2.840215436491873779e-04,2.906718307786103437e-04,2.944522783523007415e-04,2.982327259259910852e-04,3.020131734996814830e-04,3.057936210733718267e-04,3.095740686470622787e-04,3.133545162207526224e-04,3.171349637944429660e-04,3.209154113681334181e-04,3.246958589418237617e-04,3.284763065155141596e-04,3.322567540892043948e-04,3.309101598566429659e-04,3.295635656240814828e-04,3.282169713915200539e-04,3.268703771589586251e-04,3.255237829263970878e-04,3.241771886938356589e-04,3.228305944612742300e-04,3.214840002287127469e-04,3.201374059961513180e-04,3.187908117635898349e-04,3.174442175310282434e-04,3.123566881991265542e-04,3.072691588672247565e-04,3.021816295353229589e-04,2.970941002034212697e-04,2.920065708715194721e-04,2.869190415396177286e-04,2.818315122077159310e-04,2.767439828758141876e-04,2.716564535439123899e-04,2.665689242120105923e-04,2.614813948801088489e-04,2.569804173662589269e-04,2.524794398524088965e-04,2.479784623385589745e-04,2.434774848247090524e-04,2.389765073108590762e-04,2.344755297970091542e-04,2.299745522831591780e-04,2.254735747693092831e-04,2.209725972554593340e-04,2.164716197416093849e-04,2.119706422277594087e-04
8.233543194892529220e-20,-3.091803432957946982e-07,-6.183606865916717703e-07,-9.275410298875488425e-07,-1.236721373183425915e-06,-1.545901716479303093e-06,-1.855082059775180059e-06,-2.164262403071057025e-06,-2.473442746366933991e-06,-2.782623089662811381e-06,-3.091803432958688347e-06,-3.400983776254558537e-06,6.902280696442257746e-07,4.781439915543017286e-06,8.872651761441809434e-06,1.296386360734060073e-05,1.705507545323939542e-05,2.114628729913818503e-05,2.523749914503697802e-05,2.932871099093576424e-05,3.341992283683456401e-05,3.751113468273335023e-05,4.160234652863215678e-05,4.928298029598265391e-05,5.696361406333312394e-05,6.464424783068364140e-05,7.232488159803412498e-05,8.000551536538463566e-05,8.768614913273513280e-05,9.536678290008562993e-05,1.030474166674361135e-04,1.107280504347866242e-04,1.184086842021371349e-04,1.260893179694876185e-04,1.345646791411992185e-04,1.430400403129107644e-04,1.515154014846223373e-04,1.599907626563339374e-04,1.684661238280454833e-04,1.769414849997570562e-04,1.854168461714686563e-04,1.938922073431802293e-04,2.023675685148918022e-04,2.108429296866034023e-04,2.193182908583149210e-04,2.265180810061573639e-04,2.337178711539996984e-04,2.409176613018421142e-04,2.481174514496844487e-04,2.553172415975268374e-04,2.625170317453692261e-04,2.697168218932116147e-04,2.769166120410540034e-04,2.841164021888963921e-04,2.913161923367387808e-04,2.985159824845811695e-04,3.032327043451423908e-04,3.079494262057036664e-04,3.126661480662649420e-04,3.173828699268262717e-04,3.220995917873875473e-04,3.268163136479488229e-04,3.315330355085100984e-04,3.362497573690713740e-04,3.409664792296327037e-04,3.456832010901939793e-04,3.503999229507550380e-04,3.504025674704186206e-04,3.504052119900820947e-04,3.504078565097455689e-04,3.504105010294090972e-04,3.504131455490725171e-04,3.504157900687359913e-04,3.504184345883994654e-04,3.504210791080629396e-04,3.504237236277264137e-04,3.504263681473898879e-04,3.504290126670533620e-04,3.466887732609999885e-04,3.429485338549466693e-04,3.392082944488933501e-04,3.354680550428400850e-04,3.317278156367867658e-04,3.279875762307334465e-04,3.242473368246801273e-04,3.205070974186268080e-04,3.167668580125734346e-04,3.130266186065201696e-04,3.092863792004667961e-04,3.050665955182186640e-04,3.008468118359705320e-04,2.966270281537222915e-04,2.924072444714741594e-04,2.881874607892259731e-04,2.839676771069778410e-04,2.797478934247296005e-04,2.755281097424815227e-04,2.713083260602333364e-04,2.670885423779852043e-04,2.628687586957370722e-04
8.233543194892529220e-20,-3.674656090216583686e-07,-7.349312180433991111e-07,-1.102396827065139854e-06,-1.469862436086880596e-06,-1.837328045108621339e-06,-2.204793654130361870e-06,-2.572259263152102612e-06,-2.939724872173843355e-06,-3.307190481195584521e-06,-3.674656090217324840e-06,-4.042121699239058806e-06,-5.921091090868612402e-08,3.923699877421694181e-06,7.906610665752072793e-06,1.188952145408245479e-05,1.587243224241283171e-05,1.985534303074321371e-05,2.383825381907359232e-05,2.782116460740397432e-05,3.180407539573434954e-05,3.578698618406472815e-05,3.976989697239512032e-05,4.751266898959861007e-05,5.525544100680207272e-05,6.299821302400556247e-05,7.074098504120904544e-05,7.848375705841254197e-05,8.622652907561603850e-05,9.396930109281952147e-05,1.017120731100230044e-04,1.094548451272264874e-04,1.171976171444299839e-04,1.249403891616334805e-04,1.336838000889097305e-04,1.424272110161859805e-04,1.511706219434622305e-04,1.599140328707385076e-04,1.686574437980147305e-04,1.774008547252909805e-04,1.861442656525672304e-04,1.948876765798435075e-04,2.036310875071197304e-04,2.123744984343960075e-04,2.211179093616722846e-04,2.288672025279340691e-04,2.366164956941958265e-04,2.443657888604576652e-04,2.521150820267193684e-04,2.598643751929811800e-04,2.676136683592429916e-04,2.753629615255048031e-04,2.831122546917665605e-04,2.908615478580283721e-04,2.986108410242901837e-04,3.063601341905519953e-04,3.120131303379842028e-04,3.176661264854163018e-04,3.233191226328485093e-04,3.289721187802806626e-04,3.346251149277128158e-04,3.402781110751450233e-04,3.459311072225772308e-04,3.515841033700093841e-04,3.572370995174415373e-04,3.628900956648737448e-04,3.685430918123057896e-04,3.698949750841942752e-04,3.712468583560827066e-04,3.725987416279710838e-04,3.739506248998595152e-04,3.753025081717479465e-04,3.766543914436363237e-04,3.780062747155247551e-04,3.793581579874131323e-04,3.807100412593016178e-04,3.820619245311899408e-04,3.834138078030783722e-04,3.810208583228735855e-04,3.786279088426686363e-04,3.762349593624637954e-04,3.738420098822589003e-04,3.714490604020540595e-04,3.690561109218491644e-04,3.666631614416442694e-04,3.642702119614393743e-04,3.618772624812345877e-04,3.594843130010296926e-04,3.570913635208247433e-04,3.531527736701784554e-04,3.492141838195320590e-04,3.452755939688856085e-04,3.413370041182393205e-04,3.373984142675928158e-04,3.334598244169464736e-04,3.295212345663001315e-04,3.255826447156537351e-04,3.216440548650073387e-04,3.177054650143610508e-04,3.137668751637146545e-04
8.233543194892529220e-20,-4.257508747475219861e-07,-8.515017494951263461e-07,-1.277252624242730336e-06,-1.703003498990334854e-06,-2.128754373737939161e-06,-2.554505248485543257e-06,-2.980256123233147352e-06,-3.406006997980752294e-06,-3.831757872728355966e-06,-4.257508747475960485e-06,-4.683259622223558228e-06,-8.086498914615969639e-07,3.065959839300369382e-06,6.940569570062337846e-06,1.081517930082430377e-05,1.468978903158627308e-05,1.856439876234823900e-05,2.243900849311020662e-05,2.631361822387217423e-05,3.018822795463414185e-05,3.406283768539610608e-05,3.793744741615809064e-05,4.574235768321456623e-05,5.354726795027102827e-05,6.135217821732751064e-05,6.915708848438397946e-05,7.696199875144044827e-05,8.476690901849694420e-05,9.257181928555341301e-05,1.003767295526098954e-04,1.081816398196663642e-04,1.159865500867228466e-04,1.237914603537793154e-04,1.328029210366202695e-04,1.418143817194612237e-04,1.508258424023021236e-04,1.598373030851430506e-04,1.688487637679839505e-04,1.778602244508249047e-04,1.868716851336658317e-04,1.958831458165067858e-04,2.048946064993477129e-04,2.139060671821886128e-04,2.229175278650295398e-04,2.312163240497107472e-04,2.395151202343919817e-04,2.478139164190731620e-04,2.561127126037543423e-04,2.644115087884355226e-04,2.727103049731167570e-04,2.810091011577979373e-04,2.893078973424791718e-04,2.976066935271603521e-04,3.059054897118415324e-04,3.142042858965227669e-04,3.207935563308258521e-04,3.273828267651288830e-04,3.339720971994319682e-04,3.405613676337350534e-04,3.471506380680381386e-04,3.537399085023412238e-04,3.603291789366443090e-04,3.669184493709473941e-04,3.735077198052504251e-04,3.800969902395534561e-04,3.866862606738564871e-04,3.893873826979698215e-04,3.920885047220832643e-04,3.947896267461965987e-04,3.974907487703099873e-04,4.001918707944232675e-04,4.028929928185366561e-04,4.055941148426499905e-04,4.082952368667633249e-04,4.109963588908767135e-04,4.136974809149899937e-04,4.163986029391033281e-04,4.153529433847469115e-04,4.143072838303905490e-04,4.132616242760340781e-04,4.122159647216776072e-04,4.111703051673212448e-04,4.101246456129648281e-04,4.090789860586083572e-04,4.080333265042519948e-04,4.069876669498955239e-04,4.059420073955391614e-04,4.048963478411826363e-04,4.012389518221380299e-04,3.975815558030935319e-04,3.939241597840488713e-04,3.902667637650043733e-04,3.866093677459596584e-04,3.829519717269150520e-04,3.792945757078704455e-04,3.756371796888259475e-04,3.719797836697813411e-04,3.683223876507366805e-04,3.646649916316921283e-04
8.233543194892529220e-20,-4.840361404733856035e-07,-9.680722809468535810e-07,-1.452108421420321453e-06,-1.936144561893789324e-06,-2.420180702367257619e-06,-2.904216842840725067e-06,-3.388252983314193363e-06,-3.872289123787660811e-06,-4.356325264261129529e-06,-4.840361404734597401e-06,-5.324397545208058496e-06,-1.558088872014509074e-06,2.208219801179046277e-06,5.974528474372601205e-06,9.740837147566157826e-06,1.350714582075971275e-05,1.727345449395327107e-05,2.103976316714682430e-05,2.480607184034038093e-05,2.857238051353393416e-05,3.233868918672749078e-05,3.610499785992105418e-05,4.397204637683052239e-05,5.183909489373997705e-05,5.970614341064943171e-05,6.757319192755891347e-05,7.544024044446836813e-05,8.330728896137783634e-05,9.117433747828731811e-05,9.904138599519678632e-05,1.069084345121062545e-04,1.147754830290157092e-04,1.226425315459252045e-04,1.319220419843308086e-04,1.412015524227364126e-04,1.504810628611420167e-04,1.597605732995476208e-04,1.690400837379531977e-04,1.783195941763588018e-04,1.875991046147644059e-04,1.968786150531700099e-04,2.061581254915756411e-04,2.154376359299812181e-04,2.247171463683868492e-04,2.335654455714874795e-04,2.424137447745881098e-04,2.512620439776887130e-04,2.601103431807892620e-04,2.689586423838898109e-04,2.778069415869904683e-04,2.866552407900911257e-04,2.955035399931917289e-04,3.043518391962923321e-04,3.132001383993929353e-04,3.220484376024935927e-04,3.295739823236675014e-04,3.370995270448414642e-04,3.446250717660154813e-04,3.521506164871894442e-04,3.596761612083634613e-04,3.672017059295374242e-04,3.747272506507113871e-04,3.822527953718852958e-04,3.897783400930593129e-04,3.973038848142333300e-04,4.048294295354071303e-04,4.088797903117454761e-04,4.129301510880838220e-04,4.169805118644221136e-04,4.210308726407604053e-04,4.250812334170986427e-04,4.291315941934369343e-04,4.331819549697752260e-04,4.372323157461135176e-04,4.412826765224518093e-04,4.453330372987901009e-04,4.493833980751283925e-04,4.496850284466204543e-04,4.499866588181124618e-04,4.502882891896044693e-04,4.505899195610965310e-04,4.508915499325885385e-04,4.511931803040806002e-04,4.514948106755726077e-04,4.517964410470646152e-04,4.520980714185566227e-04,4.523997017900486845e-04,4.527013321615406378e-04,4.493251299740978755e-04,4.459489277866550048e-04,4.425727255992121883e-04,4.391965234117693718e-04,4.358203212243265553e-04,4.324441190368837930e-04,4.290679168494409223e-04,4.256917146619981600e-04,4.223155124745553435e-04,4.189393102871125812e-04,4.155631080996697647e-04
8.233543194892528017e-20,-5.423214061992495916e-07,-1.084642812398581557e-06,-1.626964218597913205e-06,-2.169285624797245276e-06,-2.711607030996577348e-06,-3.253928437195908996e-06,-3.796249843395240644e-06,-4.338571249594572715e-06,-4.880892655793904786e-06,-5.423214061993236858e-06,-5.965535468192563000e-06,-2.307527852567427114e-06,1.350479763057715337e-06,5.008487378682856940e-06,8.666494994308000026e-06,1.232450260993313718e-05,1.598251022555828281e-05,1.964051784118342166e-05,2.329852545680856729e-05,2.695653307243370953e-05,3.061454068805884838e-05,3.427254830368400417e-05,4.220173507044645822e-05,5.013092183720888517e-05,5.806010860397133923e-05,6.598929537073379328e-05,7.391848213749624733e-05,8.184766890425870139e-05,8.977685567102116899e-05,9.770604243778362305e-05,1.056352292045460635e-04,1.135644159713085312e-04,1.214936027380709852e-04,1.310411629320412663e-04,1.405887231260115203e-04,1.501362833199818285e-04,1.596838435139521096e-04,1.692314037079223636e-04,1.787789639018926447e-04,1.883265240958629258e-04,1.978740842898332069e-04,2.074216444838034609e-04,2.169692046777737691e-04,2.265167648717440231e-04,2.359145670932640763e-04,2.453123693147840211e-04,2.547101715363041014e-04,2.641079737578240732e-04,2.735057759793440993e-04,2.829035782008641254e-04,2.923013804223840973e-04,3.016991826439041776e-04,3.110969848654241495e-04,3.204947870869442298e-04,3.298925893084642558e-04,3.383544083165090964e-04,3.468162273245538828e-04,3.552780463325988318e-04,3.637398653406436724e-04,3.722016843486885673e-04,3.806635033567334621e-04,3.891253223647782485e-04,3.975871413728231975e-04,4.060489603808680381e-04,4.145107793889128787e-04,4.229725983969576651e-04,4.283721979255209139e-04,4.337717974540841628e-04,4.391713969826474117e-04,4.445709965112106606e-04,4.499705960397739095e-04,4.553701955683371041e-04,4.607697950969002446e-04,4.661693946254635477e-04,4.715689941540267423e-04,4.769685936825899912e-04,4.823681932111531317e-04,4.840171135084936176e-04,4.856660338058341035e-04,4.873149541031745894e-04,4.889638744005151295e-04,4.906127946978555612e-04,4.922617149951959929e-04,4.939106352925365330e-04,4.955595555898770731e-04,4.972084758872175048e-04,4.988573961845579365e-04,5.005063164818983681e-04,4.974113081260573416e-04,4.943162997702163150e-04,4.912212914143752884e-04,4.881262830585342619e-04,4.850312747026932895e-04,4.819362663468522087e-04,4.788412579910111821e-04,4.757462496351702640e-04,4.726512412793291832e-04,4.695562329234881566e-04,4.664612245676471301e-04
8.233543194892529220e-20,-6.162353884918418206e-07,-1.232470776983766015e-06,-1.848706165475690104e-06,-2.464941553967614192e-06,-3.081176942459538916e-06,-3.697412330951462793e-06,-4.313647719443387517e-06,-4.929883107935310547e-06,-5.546118496427235271e-06,-6.162353884919159995e-06,-6.778589273411077942e-06,-3.408443800096482466e-06,-3.829832678188307187e-08,3.331847146532717381e-06,6.701992619847316669e-06,1.007213809316191680e-05,1.344228356647651779e-05,1.681242903979112216e-05,2.018257451310571975e-05,2.355271998642032073e-05,2.692286545973491833e-05,3.029301093304953286e-05,3.774027453238445014e-05,4.518753813171934709e-05,5.263480173105426437e-05,6.008206533038917488e-05,6.752932892972409893e-05,7.497659252905901621e-05,8.242385612839391994e-05,8.987111972772883722e-05,9.731838332706376805e-05,1.047656469263986853e-04,1.122129105257336162e-04,1.213715750618032035e-04,1.305302395978727773e-04,1.396889041339423646e-04,1.488475686700119519e-04,1.580062332060815393e-04,1.671648977421511537e-04,1.763235622782207410e-04,1.854822268142903284e-04,1.946408913503598886e-04,2.037995558864295030e-04,2.129582204224990903e-04,2.220720970517738144e-04,2.311859736810484842e-04,2.402998503103231812e-04,2.494137269395977968e-04,2.585276035688724937e-04,2.676414801981472449e-04,2.767553568274218334e-04,2.858692334566965304e-04,2.949831100859712815e-04,3.040969867152459784e-04,3.132108633445206212e-04,3.215563122635484833e-04,3.299017611825761829e-04,3.382472101016039908e-04,3.465926590206317988e-04,3.549381079396596067e-04,3.632835568586873605e-04,3.716290057777151142e-04,3.799744546967429764e-04,3.883199036157707843e-04,3.966653525347984296e-04,4.050108014538262376e-04,4.106355289062939935e-04,4.162602563587618036e-04,4.218849838112295053e-04,4.275097112636973154e-04,4.331344387161651256e-04,4.387591661686329357e-04,4.443838936211006916e-04,4.500086210735683933e-04,4.556333485260362034e-04,4.612580759785039593e-04,4.668828034309717152e-04,4.691438605035101262e-04,4.714049175760485913e-04,4.736659746485868397e-04,4.759270317211253590e-04,4.781880887936636616e-04,4.804491458662021267e-04,4.827102029387405377e-04,4.849712600112788944e-04,4.872323170838173054e-04,4.894933741563556621e-04,4.917544312288940189e-04,4.897319844750768489e-04,4.877095377212597874e-04,4.856870909674425633e-04,4.836646442136256102e-04,4.816421974598084402e-04,4.796197507059913245e-04,4.775973039521742630e-04,4.755748571983571473e-04,4.735524104445400315e-04,4.715299636907229158e-04,4.695075169369058001e-04
8.233543194892529220e-20,-6.901493707844345790e-07,-1.380298741568951532e-06,-2.070448112353468273e-06,-2.760597483137985649e-06,-3.450746853922503026e-06,-4.140896224707018708e-06,-4.831045595491536085e-06,-5.521194966276052614e-06,-6.211344337060569143e-06,-6.901493707845087367e-06,-7.591643078629597967e-06,-4.509359747625546712e-06,-1.427076416621490163e-06,1.655206914382566810e-06,4.737490245386623148e-06,7.819773576390682873e-06,1.090205690739473752e-05,1.398434023839879385e-05,1.706662356940284850e-05,2.014890690040691161e-05,2.323119023141096795e-05,2.631347356241503445e-05,3.327881399432241496e-05,4.024415442622976158e-05,4.720949485813713531e-05,5.417483529004450227e-05,6.114017572195188277e-05,6.810551615385926328e-05,7.507085658576663023e-05,8.203619701767399719e-05,8.900153744958137769e-05,9.596687788148875820e-05,1.029322183133961387e-04,1.117019871915650594e-04,1.204717560697339665e-04,1.292415249479028465e-04,1.380112938260717400e-04,1.467810627042406336e-04,1.555508315824095543e-04,1.643206004605784478e-04,1.730903693387473685e-04,1.818601382169162349e-04,1.906299070950851556e-04,1.993996759732540492e-04,2.082296270102834169e-04,2.170595780473127576e-04,2.258895290843421525e-04,2.347194801213714119e-04,2.435494311584007526e-04,2.523793821954300933e-04,2.612093332324595153e-04,2.700392842694888289e-04,2.788692353065181967e-04,2.876991863435475645e-04,2.965291373805769323e-04,3.047582162105875450e-04,3.129872950405982661e-04,3.212163738706089872e-04,3.294454527006197625e-04,3.376745315306304293e-04,3.459036103606411504e-04,3.541326891906518715e-04,3.623617680206625384e-04,3.705908468506732053e-04,3.788199256806839806e-04,3.870490045106945391e-04,3.928988598870669646e-04,3.987487152634393360e-04,4.045985706398115989e-04,4.104484260161839161e-04,4.162982813925562874e-04,4.221481367689286046e-04,4.279979921453009217e-04,4.338478475216731847e-04,4.396977028980455561e-04,4.455475582744178732e-04,4.513974136507901361e-04,4.542706074985264721e-04,4.571438013462627539e-04,4.600169951939990357e-04,4.628901890417353717e-04,4.657633828894717077e-04,4.686365767372080438e-04,4.715097705849443255e-04,4.743829644326806616e-04,4.772561582804169976e-04,4.801293521281532794e-04,4.830025459758895069e-04,4.820526608240963563e-04,4.811027756723031514e-04,4.801528905205099465e-04,4.792030053687167958e-04,4.782531202169235910e-04,4.773032350651303861e-04,4.763533499133372354e-04,4.754034647615440305e-04,4.744535796097508256e-04,4.735036944579576750e-04,4.725538093061644701e-04
8.233543194892529220e-20,-7.640633530770269138e-07,-1.528126706154136202e-06,-2.292190059231245383e-06,-3.056253412308354565e-06,-3.820316765385464594e-06,-4.584380118462572929e-06,-5.348443471539682111e-06,-6.112506824616792140e-06,-6.876570177693901322e-06,-7.640633530771010504e-06,-8.404696883848112909e-06,-5.610275695154603758e-06,-2.815854506461087830e-06,-2.143331776757126699e-08,2.772987870925942755e-06,5.567409059619458259e-06,8.361830248312975881e-06,1.115625143700648927e-05,1.395067262570000435e-05,1.674509381439352282e-05,1.953951500308703451e-05,2.233393619178056653e-05,2.881735345626040688e-05,3.530077072074021673e-05,4.178418798522006046e-05,4.826760524969989064e-05,5.475102251417973437e-05,6.123443977865957811e-05,6.771785704313939473e-05,7.420127430761923847e-05,8.068469157209908220e-05,8.716810883657891238e-05,9.365152610105876966e-05,1.020323993213269694e-04,1.104132725415951828e-04,1.187941457618634097e-04,1.271750189821316366e-04,1.355558922023998364e-04,1.439367654226680361e-04,1.523176386429362630e-04,1.606985118632044899e-04,1.690793850834726897e-04,1.774602583037409166e-04,1.858411315240091435e-04,1.943871569687931550e-04,2.029331824135771937e-04,2.114792078583612052e-04,2.200252333031451626e-04,2.285712587479291470e-04,2.371172841927132128e-04,2.456633096374972514e-04,2.542093350822812901e-04,2.627553605270652745e-04,2.713013859718492590e-04,2.798474114166332976e-04,2.879601201576269319e-04,2.960728288986205661e-04,3.041855376396142003e-04,3.122982463806078346e-04,3.204109551216014688e-04,3.285236638625950488e-04,3.366363726035887373e-04,3.447490813445823173e-04,3.528617900855759515e-04,3.609744988265696400e-04,3.690872075675631116e-04,3.751621908678400984e-04,3.812371741681169226e-04,3.873121574683938010e-04,3.933871407686706794e-04,3.994621240689475578e-04,4.055371073692244361e-04,4.116120906695013145e-04,4.176870739697781387e-04,4.237620572700550713e-04,4.298370405703318955e-04,4.359120238706087197e-04,4.393973544935429808e-04,4.428826851164771876e-04,4.463680157394114487e-04,4.498533463623456555e-04,4.533386769852798624e-04,4.568240076082141776e-04,4.603093382311483303e-04,4.637946688540825913e-04,4.672799994770168524e-04,4.707653300999510592e-04,4.742506607228851576e-04,4.743733371731159720e-04,4.744960136233466780e-04,4.746186900735773840e-04,4.747413665238081441e-04,4.748640429740387959e-04,4.749867194242695561e-04,4.751093958745002620e-04,4.752320723247309680e-04,4.753547487749617282e-04,4.754774252251923799e-04,4.756001016754231401e-04
8.233543194892529220e-20,-8.379773353696195663e-07,-1.675954670739321507e-06,-2.513932006109022917e-06,-3.351909341478725175e-06,-4.189886676848427857e-06,-5.027864012218127997e-06,-5.865841347587829832e-06,-6.703818682957533360e-06,-7.541796018327235194e-06,-8.379773353696937029e-06,-9.217750689066633781e-06,-6.711191642683666733e-06,-4.204632596300693756e-06,-1.698073549917721626e-06,8.084854964652505040e-07,3.315044542848220093e-06,5.821603589231193917e-06,8.328162635614164353e-06,1.083472168199713987e-05,1.334128072838010861e-05,1.584783977476307736e-05,1.835439882114606473e-05,2.435589291819836153e-05,3.035738701525063460e-05,3.635888111230293140e-05,4.236037520935522480e-05,4.836186930640751821e-05,5.436336340345981839e-05,6.036485750051211180e-05,6.636635159756441198e-05,7.236784569461669184e-05,7.836933979166898524e-05,8.437083388872129220e-05,9.236281145108881177e-05,1.003547890134563584e-04,1.083467665758238780e-04,1.163387441381913976e-04,1.243307217005589307e-04,1.323226992629264638e-04,1.403146768252939698e-04,1.483066543876615300e-04,1.562986319500290361e-04,1.642906095123965421e-04,1.722825870747640752e-04,1.805446869273027576e-04,1.888067867798414671e-04,1.970688866323801495e-04,2.053309864849187777e-04,2.135930863374574330e-04,2.218551861899961154e-04,2.301172860425348249e-04,2.383793858950735073e-04,2.466414857476121898e-04,2.549035856001508993e-04,2.631656854526895546e-04,2.711620241046661019e-04,2.791583627566426493e-04,2.871547014086191967e-04,2.951510400605957441e-04,3.031473787125722372e-04,3.111437173645488388e-04,3.191400560165254404e-04,3.271363946685019336e-04,3.351327333204784809e-04,3.431290719724550283e-04,3.511254106244314672e-04,3.574255218486130153e-04,3.637256330727944007e-04,3.700257442969757862e-04,3.763258555211572258e-04,3.826259667453386112e-04,3.889260779695201051e-04,3.952261891937015447e-04,4.015263004178828759e-04,4.078264116420643156e-04,4.141265228662457010e-04,4.204266340904271406e-04,4.245241014885593809e-04,4.286215688866914044e-04,4.327190362848235905e-04,4.368165036829557766e-04,4.409139710810879085e-04,4.450114384792200947e-04,4.491089058773521723e-04,4.532063732754843585e-04,4.573038406736164904e-04,4.614013080717486222e-04,4.654987754698806999e-04,4.666940135221353710e-04,4.678892515743899336e-04,4.690844896266446046e-04,4.702797276788993298e-04,4.714749657311539466e-04,4.726702037834085634e-04,4.738654418356632344e-04,4.750606798879179055e-04,4.762559179401725223e-04,4.774511559924271391e-04,4.786463940446817559e-04
8.233543194892529220e-20,-9.118913176622117953e-07,-1.823782635324505965e-06,-2.735673952986799604e-06,-3.647565270649094091e-06,-4.559456588311388578e-06,-5.471347905973682218e-06,-6.383239223635975858e-06,-7.295130541298271192e-06,-8.207021858960565679e-06,-9.118913176622860166e-06,-1.003080449428514788e-05,-7.812107590212723779e-06,-5.593410686140291212e-06,-3.374713782067859491e-06,-1.156016877995429677e-06,1.062680026077000985e-06,3.281376930149432705e-06,5.500073834221863155e-06,7.718770738294294028e-06,9.937467642366724902e-06,1.215616454643915408e-05,1.437486145051159851e-05,1.989443238013635683e-05,2.541400330976108975e-05,3.093357423938584977e-05,3.645314516901060640e-05,4.197271609863536304e-05,4.749228702826011967e-05,5.301185795788487630e-05,5.853142888750963293e-05,6.405099981713438279e-05,6.957057074675915298e-05,7.509014167638392316e-05,8.269322358085077606e-05,9.029630548531760185e-05,9.789938738978444120e-05,1.055024692942512941e-04,1.131055511987181063e-04,1.207086331031849728e-04,1.283117150076518121e-04,1.359147969121186515e-04,1.435178788165854637e-04,1.511209607210523302e-04,1.587240426255191695e-04,1.667022168858125499e-04,1.746803911461058490e-04,1.826585654063992022e-04,1.906367396666925284e-04,1.986149139269858816e-04,2.065930881872792349e-04,2.145712624475725611e-04,2.225494367078659414e-04,2.305276109681592676e-04,2.385057852284526209e-04,2.464839594887459741e-04,2.543639280517054346e-04,2.622438966146648951e-04,2.701238651776243557e-04,2.780038337405838704e-04,2.858838023035433309e-04,2.937637708665027914e-04,3.016437394294622519e-04,3.095237079924217124e-04,3.174036765553812272e-04,3.252836451183406877e-04,3.331636136813000398e-04,3.396888528293860949e-04,3.462140919774720415e-04,3.527393311255579882e-04,3.592645702736439891e-04,3.657898094217299900e-04,3.723150485698159366e-04,3.788402877179018833e-04,3.853655268659878842e-04,3.918907660140738308e-04,3.984160051621598317e-04,4.049412443102456158e-04,4.096508484835757811e-04,4.143604526569058923e-04,4.190700568302359492e-04,4.237796610035660062e-04,4.284892651768960089e-04,4.331988693502261201e-04,4.379084735235562313e-04,4.426180776968862340e-04,4.473276818702162910e-04,4.520372860435464021e-04,4.567468902168763507e-04,4.590146898711549867e-04,4.612824895254335144e-04,4.635502891797120420e-04,4.658180888339906239e-04,4.680858884882692058e-04,4.703536881425476792e-04,4.726214877968262611e-04,4.748892874511047887e-04,4.771570871053833164e-04,4.794248867596618982e-04,4.816926864139404801e-04
8.233543194892529220e-20,-9.858052999548045537e-07,-1.971610599909691693e-06,-2.957415899864578409e-06,-3.943221199819465548e-06,-4.929026499774352688e-06,-5.914831799729239827e-06,-6.900637099684126967e-06,-7.886442399639012412e-06,-8.872247699593901245e-06,-9.858052999548788385e-06,-1.084385829950367044e-05,-8.913023537741785908e-06,-6.982188775979899679e-06,-5.051354014218011756e-06,-3.120519252456124681e-06,-1.189684490694237605e-06,7.411502710676494705e-07,2.671985032829536123e-06,4.602819794591424469e-06,6.533654556353311544e-06,8.464489318115200314e-06,1.039532407987709671e-05,1.543297184207431148e-05,2.047061960427150763e-05,2.550826736646872071e-05,3.054591512866594057e-05,3.558356289086315365e-05,4.062121065306037351e-05,4.565885841525757982e-05,5.069650617745479967e-05,5.573415393965201953e-05,6.077180170184923939e-05,6.580944946404645925e-05,7.302363571061263193e-05,8.023782195717876395e-05,8.745200820374492308e-05,9.466619445031105510e-05,1.018803806968772142e-04,1.090945669434433598e-04,1.163087531900095325e-04,1.235229394365756916e-04,1.307371256831418101e-04,1.379513119297079828e-04,1.451654981762741554e-04,1.528597468443221525e-04,1.605539955123701766e-04,1.682482441804181465e-04,1.759424928484661164e-04,1.836367415165141405e-04,1.913309901845621646e-04,1.990252388526101888e-04,2.067194875206581858e-04,2.144137361887061828e-04,2.221079848567542069e-04,2.298022335248022310e-04,2.375658319987446047e-04,2.453294304726869783e-04,2.530930289466294062e-04,2.608566274205717799e-04,2.686202258945141535e-04,2.763838243684565814e-04,2.841474228423989550e-04,2.919110213163413287e-04,2.996746197902837566e-04,3.074382182642261302e-04,3.152018167381684497e-04,3.219521838101590118e-04,3.287025508821495739e-04,3.354529179541400276e-04,3.422032850261305897e-04,3.489536520981210976e-04,3.557040191701116055e-04,3.624543862421021135e-04,3.692047533140926756e-04,3.759551203860831293e-04,3.827054874580736914e-04,3.894558545300640909e-04,3.947775954785922355e-04,4.000993364271201091e-04,4.054210773756480911e-04,4.107428183241761815e-04,4.160645592727041093e-04,4.213863002212321456e-04,4.267080411697600733e-04,4.320297821182880554e-04,4.373515230668159831e-04,4.426732640153439651e-04,4.479950049638718929e-04,4.513353662201744399e-04,4.546757274764769326e-04,4.580160887327793711e-04,4.613564499890818638e-04,4.646968112453843565e-04,4.680371725016867950e-04,4.713775337579892877e-04,4.747178950142917262e-04,4.780582562705941647e-04,4.813986175268966574e-04,4.847389787831990959e-04
8.233543194892529220e-20,-1.059719282247396783e-06,-2.119438564494875728e-06,-3.179157846742354672e-06,-4.238877128989834464e-06,-5.298596411237314256e-06,-6.358315693484791507e-06,-7.418034975732271299e-06,-8.477754257979750244e-06,-9.537473540227230036e-06,-1.059719282247470983e-05,-1.165691210472218623e-05,-1.001393948527083957e-05,-8.370966865819496288e-06,-6.727994246368149622e-06,-5.085021626916803803e-06,-3.442049007465457984e-06,-1.799076388014110894e-06,-1.561037685627654988e-07,1.486868850888580320e-06,3.129841470339926139e-06,4.772814089791271958e-06,6.415786709242631330e-06,1.097151130401230679e-05,1.552723589878196616e-05,2.008296049355164586e-05,2.463868508832132217e-05,2.919440968309099847e-05,3.375013427786068156e-05,3.830585887263035787e-05,4.286158346740003418e-05,4.741730806216971049e-05,5.197303265693938002e-05,5.652875725170908343e-05,6.335404784037454201e-05,7.017933842904000737e-05,7.700462901770547272e-05,8.382991960637095163e-05,9.065521019503641699e-05,9.748050078370188234e-05,1.043057913723673341e-04,1.111310819610327995e-04,1.179563725496982649e-04,1.247816631383637167e-04,1.316069537270291956e-04,1.390172768028318905e-04,1.464275998786345855e-04,1.538379229544372263e-04,1.612482460302398671e-04,1.686585691060425349e-04,1.760688921818452299e-04,1.834792152576479249e-04,1.908895383334505657e-04,1.982998614092533148e-04,2.057101844850559285e-04,2.131205075608586235e-04,2.207677359457839103e-04,2.284149643307092513e-04,2.360621927156345652e-04,2.437094211005598520e-04,2.513566494854851388e-04,2.590038778704104798e-04,2.666511062553358208e-04,2.742983346402611076e-04,2.819455630251863944e-04,2.895927914101117354e-04,2.972400197950370222e-04,3.042155147909320371e-04,3.111910097868271605e-04,3.181665047827222296e-04,3.251419997786173530e-04,3.321174947745123137e-04,3.390929897704074371e-04,3.460684847663025063e-04,3.530439797621975212e-04,3.600194747580926446e-04,3.669949697539877137e-04,3.739704647498826745e-04,3.799043424736086357e-04,3.858382201973345428e-04,3.917720979210603956e-04,3.977059756447863569e-04,4.036398533685122639e-04,4.095737310922380626e-04,4.155076088159640238e-04,4.214414865396899309e-04,4.273753642634158922e-04,4.333092419871417992e-04,4.392431197108675979e-04,4.436560425691940014e-04,4.480689654275203508e-04,4.524818882858468085e-04,4.568948111441731579e-04,4.613077340024995072e-04,4.657206568608259108e-04,4.701335797191523143e-04,4.745465025774786095e-04,4.789594254358050130e-04,4.833723482941313624e-04,4.877852711524577117e-04
8.233543194892529220e-20,-1.133633264539989435e-06,-2.267266529080061033e-06,-3.400899793620133053e-06,-4.534533058160205074e-06,-5.668166322700277519e-06,-6.801799587240348269e-06,-7.935432851780420714e-06,-9.069066116320491464e-06,-1.020269938086056560e-05,-1.133633264540063635e-05,-1.246996590994070710e-05,-1.111485543279990508e-05,-9.759744955659101367e-06,-8.404634478518301040e-06,-7.049524001377495630e-06,-5.694413524236693609e-06,-4.339303047095889894e-06,-2.984192569955087873e-06,-1.629082092814284581e-06,-2.739716156734812891e-07,1.081138861467319885e-06,2.436249338608132071e-06,6.510050765950269912e-06,1.058385219329239081e-05,1.465765362063452696e-05,1.873145504797666311e-05,2.280525647531879587e-05,2.687905790266093540e-05,3.095285933000306816e-05,3.502666075734520092e-05,3.910046218468734045e-05,4.317426361202947999e-05,4.724806503937162630e-05,5.368445997013640466e-05,6.012085490090118302e-05,6.655724983166595460e-05,7.299364476243073974e-05,7.943003969319551133e-05,8.586643462396028291e-05,9.230282955472506805e-05,9.873922448548985318e-05,1.051756194162546112e-04,1.116120143470193964e-04,1.180484092777841815e-04,1.251748067613415202e-04,1.323012042448988589e-04,1.394276017284561977e-04,1.465539992120134822e-04,1.536803966955708480e-04,1.608067941791281868e-04,1.679331916626855526e-04,1.750595891462428913e-04,1.821859866298002300e-04,1.893123841133575688e-04,1.964387815969149075e-04,2.039696398928231345e-04,2.115004981887313616e-04,2.190313564846395886e-04,2.265622147805478428e-04,2.340930730764560698e-04,2.416239313723643240e-04,2.491547896682725239e-04,2.566856479641807238e-04,2.642165062600889780e-04,2.717473645559972321e-04,2.792782228519053779e-04,2.864788457717050625e-04,2.936794686915046929e-04,3.008800916113042690e-04,3.080807145311038994e-04,3.152813374509035298e-04,3.224819603707031060e-04,3.296825832905027906e-04,3.368832062103023668e-04,3.440838291301019972e-04,3.512844520499015734e-04,3.584850749697010954e-04,3.650310894686250359e-04,3.715771039675488680e-04,3.781231184664727001e-04,3.846691329653964238e-04,3.912151474643202559e-04,3.977611619632440880e-04,4.043071764621679201e-04,4.108531909610917522e-04,4.173992054600155844e-04,4.239452199589394165e-04,4.304912344578631402e-04,4.359767189182134546e-04,4.414622033785638232e-04,4.469476878389141376e-04,4.524331722992643978e-04,4.579186567596147121e-04,4.634041412199650265e-04,4.688896256803152867e-04,4.743751101406655469e-04,4.798605946010158613e-04,4.853460790613661757e-04,4.908315635217164359e-04
8.233543194892529220e-20,-1.207547246832581876e-06,-2.415094493665245914e-06,-3.622641740497910164e-06,-4.830188987330573990e-06,-6.037736234163238240e-06,-7.245283480995902490e-06,-8.452830727828565893e-06,-9.660377974661230990e-06,-1.086792522149389439e-05,-1.207547246832655949e-05,-1.328301971515922120e-05,-1.221577138032896213e-05,-1.114852304549869967e-05,-1.008127471066844060e-05,-9.014026375838178140e-06,-7.946778041007917376e-06,-6.879529706177654917e-06,-5.812281371347394153e-06,-4.745033036517132541e-06,-3.677784701686870506e-06,-2.610536366856610165e-06,-1.543288032026339024e-06,2.048590227888258443e-06,5.640468487802842570e-06,9.232346747717440249e-06,1.282422500763203793e-05,1.641610326754663391e-05,2.000798152746123329e-05,2.359985978737583266e-05,2.719173804729042865e-05,3.078361630720502463e-05,3.437549456711962062e-05,3.796737282703423693e-05,4.401487209989832829e-05,5.006237137276241288e-05,5.610987064562650425e-05,6.215736991849060917e-05,6.820486919135468698e-05,7.425236846421877834e-05,8.029986773708288326e-05,8.634736700994696107e-05,9.239486628281105244e-05,9.844236555567513025e-05,1.044898648285392487e-04,1.113323367198512448e-04,1.181748086111632543e-04,1.250172805024752504e-04,1.318597523937872329e-04,1.387022242850992424e-04,1.455446961764112249e-04,1.523871680677232345e-04,1.592296399590352712e-04,1.660721118503472808e-04,1.729145837416592904e-04,1.797570556329712728e-04,1.871715438398624401e-04,1.945860320467535532e-04,2.020005202536447205e-04,2.094150084605359149e-04,2.168294966674270551e-04,2.242439848743182224e-04,2.316584730812093625e-04,2.390729612881005027e-04,2.464874494949916700e-04,2.539019377018828373e-04,2.613164259087739504e-04,2.687421767524781420e-04,2.761679275961822794e-04,2.835936784398864169e-04,2.910194292835906085e-04,2.984451801272947459e-04,3.058709309709989376e-04,3.132966818147031292e-04,3.207224326584072124e-04,3.281481835021114041e-04,3.355739343458155957e-04,3.429996851895196789e-04,3.501578364636415445e-04,3.573159877377631933e-04,3.644741390118849504e-04,3.716322902860067076e-04,3.787904415601284105e-04,3.859485928342501677e-04,3.931067441083718706e-04,4.002648953824936278e-04,4.074230466566153850e-04,4.145811979307370879e-04,4.217393492048587909e-04,4.282973952672330703e-04,4.348554413296072414e-04,4.414134873919814666e-04,4.479715334543556376e-04,4.545295795167299171e-04,4.610876255791040881e-04,4.676456716414783676e-04,4.742037177038524302e-04,4.807617637662266554e-04,4.873198098286008807e-04,4.938778558909750517e-04
8.233543194892529220e-20,-1.281461229125174528e-06,-2.562922458250431219e-06,-3.844383687375687698e-06,-5.125844916500944600e-06,-6.407306145626202350e-06,-7.688767374751458405e-06,-8.970228603876714461e-06,-1.025168983300197221e-05,-1.153315106212722996e-05,-1.281461229125248771e-05,-1.409607352037774376e-05,-1.331668732785802426e-05,-1.253730113533830644e-05,-1.175791494281858693e-05,-1.097852875029886912e-05,-1.019914255777915300e-05,-9.419756365259435187e-06,-8.640370172739715679e-06,-7.860983980219997866e-06,-7.081597787700280052e-06,-6.302211595180563085e-06,-5.522825402660835107e-06,-2.412870310173779283e-06,6.970847823132651049e-07,3.807039874800322199e-06,6.916994967287377175e-06,1.002695005977443300e-05,1.313690515226149052e-05,1.624686024474854634e-05,1.935681533723560216e-05,2.246677042972265460e-05,2.557672552220971381e-05,2.868668061469678319e-05,3.434528422966019094e-05,4.000388784462359531e-05,4.566249145958699968e-05,5.132109507455039727e-05,5.697969868951379487e-05,6.263830230447719246e-05,6.829690591944060361e-05,7.395550953440400120e-05,7.961411314936741234e-05,8.527271676433080994e-05,9.093132037929420753e-05,9.748986667836088797e-05,1.040484129774275684e-04,1.106069592764942218e-04,1.171655055755608615e-04,1.237240518746275284e-04,1.302825981736941818e-04,1.368411444727608622e-04,1.433996907718275426e-04,1.499582370708942231e-04,1.565167833699609035e-04,1.630753296690275840e-04,1.703734477869016373e-04,1.776715659047756906e-04,1.849696840226497710e-04,1.922678021405238515e-04,1.995659202583979319e-04,2.068640383762720123e-04,2.141621564941460657e-04,2.214602746120201190e-04,2.287583927298941994e-04,2.360565108477682798e-04,2.433546289656423332e-04,2.510055077332511131e-04,2.586563865008597576e-04,2.663072652684684563e-04,2.739581440360772634e-04,2.816090228036859078e-04,2.892599015712946607e-04,2.969107803389033594e-04,3.045616591065120581e-04,3.122125378741207567e-04,3.198634166417294554e-04,3.275142954093381541e-04,3.352845834586578363e-04,3.430548715079775185e-04,3.508251595572971465e-04,3.585954476066168287e-04,3.663657356559364567e-04,3.741360237052561389e-04,3.819063117545757669e-04,3.896765998038954491e-04,3.974468878532150772e-04,4.052171759025347594e-04,4.129874639518543874e-04,4.206180716162525235e-04,4.282486792806506595e-04,4.358792869450487956e-04,4.435098946094469317e-04,4.511405022738450678e-04,4.587711099382431497e-04,4.664017176026413400e-04,4.740323252670393134e-04,4.816629329314375037e-04,4.892935405958355856e-04,4.969241482602337759e-04
8.233543194892529220e-20,-1.355375211417766969e-06,-2.710750422835616101e-06,-4.066125634253464808e-06,-5.421500845671314363e-06,-6.776876057089163918e-06,-8.132251268507012626e-06,-9.487626479924861334e-06,-1.084300169134271174e-05,-1.219837690276056044e-05,-1.355375211417841085e-05,-1.490912732559625786e-05,-1.441760327538708130e-05,-1.392607922517790475e-05,-1.343455517496872819e-05,-1.294303112475955163e-05,-1.245150707455037507e-05,-1.195998302434119852e-05,-1.146845897413202196e-05,-1.097693492392284540e-05,-1.048541087371366885e-05,-9.993886823504492288e-06,-9.502362773295307261e-06,-6.874330848235790752e-06,-4.246298923176282714e-06,-1.618266998116763664e-06,1.009764926942752844e-06,3.637796852002271047e-06,6.265828777061789249e-06,8.893860702121305758e-06,1.152189262718082311e-05,1.414992455224034047e-05,1.677795647729986121e-05,1.940598840235939381e-05,2.467569635942211119e-05,2.994540431648482517e-05,3.521511227354754255e-05,4.048482023061025992e-05,4.575452818767297052e-05,5.102423614473568789e-05,5.629394410179840527e-05,6.156365205886112264e-05,6.683336001592384001e-05,7.210306797298654384e-05,7.737277593004927476e-05,8.364739663687061251e-05,8.992201734369195025e-05,9.619663805051330155e-05,1.024712587573345851e-04,1.087458794641559228e-04,1.150205001709772606e-04,1.212951208777985983e-04,1.275697415846199496e-04,1.338443622914412738e-04,1.401189829982626251e-04,1.463936037050839493e-04,1.535753517339409429e-04,1.607570997627979364e-04,1.679388477916549300e-04,1.751205958205119236e-04,1.823023438493689172e-04,1.894840918782259107e-04,1.966658399070828772e-04,2.038475879359398708e-04,2.110293359647968914e-04,2.182110839936538850e-04,2.253928320225108786e-04,2.332688387140241385e-04,2.411448454055373984e-04,2.490208520970506583e-04,2.568968587885639182e-04,2.647728654800771781e-04,2.726488721715904381e-04,2.805248788631036980e-04,2.884008855546169579e-04,2.962768922461302178e-04,3.041528989376434777e-04,3.120289056291567376e-04,3.204113304536742907e-04,3.287937552781918979e-04,3.371761801027094510e-04,3.455586049272270583e-04,3.539410297517445571e-04,3.623234545762621644e-04,3.707058794007797174e-04,3.790883042252972705e-04,3.874707290498148235e-04,3.958531538743324308e-04,4.042355786988499839e-04,4.129387479652720308e-04,4.216419172316940777e-04,4.303450864981161247e-04,4.390482557645381716e-04,4.477514250309602185e-04,4.564545942973822655e-04,4.651577635638043124e-04,4.738609328302262509e-04,4.825641020966482979e-04,4.912672713630703448e-04,4.999704406294923917e-04
8.233543194892529220e-20,-8.388945327751703462e-07,-1.677789065550422855e-06,-2.516683598325675681e-06,-3.355578131100927871e-06,-4.194472663876180909e-06,-5.033367196651434371e-06,-5.872261729426685291e-06,-6.711156262201938752e-06,-7.550050794977191366e-06,-8.388945327752444828e-06,-9.227839860527698289e-06,-8.705396520432128881e-06,-8.182953180336559473e-06,-7.660509840240993453e-06,-7.138066500145426586e-06,-6.615623160049858871e-06,-6.093179819954292004e-06,-5.570736479858725137e-06,-5.048293139763156576e-06,-4.525849799667588862e-06,-4.003406459572021148e-06,-3.480963119476449622e-06,-1.274485607148041691e-06,9.319919051803568176e-07,3.138469417508763161e-06,5.344946929837170669e-06,7.551424442165576906e-06,9.757901954493983991e-06,1.196437946682238769e-05,1.417085697915079816e-05,1.637733449147920186e-05,1.858381200380761233e-05,2.079028951613603297e-05,2.534078359633698180e-05,2.989127767653791708e-05,3.444177175673886931e-05,3.899226583693980459e-05,4.354275991714074665e-05,4.809325399734169548e-05,5.264374807754264432e-05,5.719424215774359315e-05,6.174473623794452166e-05,6.629523031814547049e-05,7.084572439834641933e-05,7.628350882553201632e-05,8.172129325271758620e-05,8.715907767990319673e-05,9.259686210708873951e-05,9.803464653427432294e-05,1.034724309614599199e-04,1.089102153886455034e-04,1.143479998158310868e-04,1.197857842430166838e-04,1.252235686702022537e-04,1.306613530973878778e-04,1.368890014405838278e-04,1.431166497837797508e-04,1.493442981269757009e-04,1.555719464701716239e-04,1.617995948133676011e-04,1.680272431565634969e-04,1.742548914997594741e-04,1.804825398429553971e-04,1.867101881861513472e-04,1.929378365293472973e-04,1.991654848725432473e-04,2.059777034834453350e-04,2.127899220943474498e-04,2.196021407052495104e-04,2.264143593161516794e-04,2.332265779270537671e-04,2.400387965379558277e-04,2.468510151488579425e-04,2.536632337597600302e-04,2.604754523706621179e-04,2.672876709815642056e-04,2.740998895924663475e-04,2.813457115677474979e-04,2.885915335430287026e-04,2.958373555183097447e-04,3.030831774935910036e-04,3.103289994688721541e-04,3.175748214441533046e-04,3.248206434194344551e-04,3.320664653947156056e-04,3.393122873699968103e-04,3.465581093452779608e-04,3.538039313205591113e-04,3.615983701647442101e-04,3.693928090089293632e-04,3.771872478531144079e-04,3.849816866972996694e-04,3.927761255414847683e-04,4.005705643856698130e-04,4.083650032298550745e-04,4.161594420740400107e-04,4.239538809182251096e-04,4.317483197624102627e-04,4.395427586065954158e-04
8.233543194892529220e-20,-3.224138541325774290e-07,-6.448277082652370202e-07,-9.672415623978971408e-07,-1.289655416530556203e-06,-1.612069270663215688e-06,-1.934483124795876444e-06,-2.256896978928535505e-06,-2.579310833061195414e-06,-2.901724687193853629e-06,-3.224138541326514385e-06,-3.546552395459173870e-06,-2.993189765477217540e-06,-2.439827135495257399e-06,-1.886464505513301069e-06,-1.333101875531342621e-06,-7.797392455493841736e-07,-2.263766155674261496e-07,3.269860144145327215e-07,8.803486443964890514e-07,1.433711274378447075e-06,1.987073904360405947e-06,2.540436534342368629e-06,4.325359633939666713e-06,6.110282733536959292e-06,7.895205833134258646e-06,9.680128932731557154e-06,1.146505203232885736e-05,1.324997513192615417e-05,1.503489823152345437e-05,1.681982133112075288e-05,1.860474443071805139e-05,2.038966753031534989e-05,2.217459062991266195e-05,2.600587083325183886e-05,2.983715103659101916e-05,3.366843123993018929e-05,3.749971144326936959e-05,4.133099164660854311e-05,4.516227184994771663e-05,4.899355205328689692e-05,5.282483225662607044e-05,5.665611245996525074e-05,6.048739266330441748e-05,6.431867286664361811e-05,6.891962101419344723e-05,7.352056916174328990e-05,7.812151730929314613e-05,8.272246545684294814e-05,8.732341360439280437e-05,9.192436175194263349e-05,9.652530989949248972e-05,1.011262580470423324e-04,1.057272061945921751e-04,1.103281543421420313e-04,1.149291024896918740e-04,1.202026511472267670e-04,1.254761998047616736e-04,1.307497484622965802e-04,1.360232971198314868e-04,1.412968457773663663e-04,1.465703944349012729e-04,1.518439430924362066e-04,1.571174917499710861e-04,1.623910404075059656e-04,1.676645890650408722e-04,1.729381377225757787e-04,1.786865682528667213e-04,1.844349987831576639e-04,1.901834293134486065e-04,1.959318598437395761e-04,2.016802903740305187e-04,2.074287209043214613e-04,2.131771514346124038e-04,2.189255819649033464e-04,2.246740124951942890e-04,2.304224430254852045e-04,2.361708735557761741e-04,2.422800926818209763e-04,2.483893118078657242e-04,2.544985309339104721e-04,2.606077500599552200e-04,2.667169691859999680e-04,2.728261883120447159e-04,2.789354074380895722e-04,2.850446265641342117e-04,2.911538456901790139e-04,2.972630648162238160e-04,3.033722839422685639e-04,3.102579923642168232e-04,3.171437007861649740e-04,3.240294092081131790e-04,3.309151176300614383e-04,3.378008260520096433e-04,3.446865344739578484e-04,3.515722428959060534e-04,3.584579513178541500e-04,3.653436597398023551e-04,3.722293681617506143e-04,3.791150765836987652e-04
8.233543194892529220e-20,1.940668245100191940e-07,3.881336490199562258e-07,5.822004735298932576e-07,7.762672980398302894e-07,9.703341225497664742e-07,1.164400947059704353e-06,1.358467771569641385e-06,1.552534596079577570e-06,1.746601420589512907e-06,1.940668245099449939e-06,2.134735069609388242e-06,2.719016989477736575e-06,3.303298909346086180e-06,3.887580829214435361e-06,4.471862749082784542e-06,5.056144668951132029e-06,5.640426588819482057e-06,6.224708508687830391e-06,6.808990428556180419e-06,7.393272348424528753e-06,7.977554268292877087e-06,8.561836188161228809e-06,9.925204875027417045e-06,1.128857356189360020e-05,1.265194224875978844e-05,1.401531093562597498e-05,1.537867962249216491e-05,1.674204830935835145e-05,1.810541699622454138e-05,1.946878568309072792e-05,2.083215436995691447e-05,2.219552305682310101e-05,2.355889174368930449e-05,2.667095807016670609e-05,2.978302439664411107e-05,3.289509072312150927e-05,3.600715704959892103e-05,3.911922337607632601e-05,4.223128970255372422e-05,4.534335602903112920e-05,4.845542235550854096e-05,5.156748868198593238e-05,5.467955500846333737e-05,5.779162133494075590e-05,6.155573320285483748e-05,6.531984507076895295e-05,6.908395693868302776e-05,7.284806880659711612e-05,7.661218067451119093e-05,8.037629254242530639e-05,8.414040441033939475e-05,8.790451627825351022e-05,9.166862814616759858e-05,9.543274001408168694e-05,9.919685188199577530e-05,1.035163008538696249e-04,1.078357498257434744e-04,1.121551987976173375e-04,1.164746477694911871e-04,1.207940967413650231e-04,1.251135457132389133e-04,1.294329946851127493e-04,1.337524436569865853e-04,1.380718926288604213e-04,1.423913416007342844e-04,1.467107905726081746e-04,1.513954330222879179e-04,1.560800754719677153e-04,1.607647179216475128e-04,1.654493603713272560e-04,1.701340028210070535e-04,1.748186452706868509e-04,1.795032877203666484e-04,1.841879301700464187e-04,1.888725726197262162e-04,1.935572150694059865e-04,1.982418575190857569e-04,2.032144737958941564e-04,2.081870900727024747e-04,2.131597063495108200e-04,2.181323226263191925e-04,2.231049389031275379e-04,2.280775551799358561e-04,2.330501714567442557e-04,2.380227877335526010e-04,2.429954040103609464e-04,2.479680202871692917e-04,2.529406365639776913e-04,2.589176145636889483e-04,2.648945925634002053e-04,2.708715705631115165e-04,2.768485485628228277e-04,2.828255265625341389e-04,2.888025045622454501e-04,2.947794825619566529e-04,3.007564605616679099e-04,3.067334385613791669e-04,3.127104165610905323e-04,3.186873945608017893e-04
8.233543194892529220e-20,7.105475031526158170e-07,1.421095006305149260e-06,2.131642509457681538e-06,2.842190012610216358e-06,3.552737515762750330e-06,4.263285018915280915e-06,4.973832522067814040e-06,5.684380025220350554e-06,6.394927528372883679e-06,7.105475031525417651e-06,7.816022534677949930e-06,8.431223744432687727e-06,9.046424954187427217e-06,9.661626163942166708e-06,1.027682737369690620e-05,1.089202858345164569e-05,1.150722979320638518e-05,1.212243100296112637e-05,1.273763221271586416e-05,1.335283342247060535e-05,1.396803463222534314e-05,1.458323584198008433e-05,1.552505011611516399e-05,1.646686439025023857e-05,1.740867866438531314e-05,1.835049293852039111e-05,1.929230721265546907e-05,2.023412148679054704e-05,2.117593576092562162e-05,2.211775003506069619e-05,2.305956430919577416e-05,2.400137858333085213e-05,2.494319285746593687e-05,2.733604530708156992e-05,2.972889775669720298e-05,3.212175020631282925e-05,3.451460265592846570e-05,3.690745510554408859e-05,3.930030755515972503e-05,4.169316000477535470e-05,4.408601245439099114e-05,4.647886490400661403e-05,4.887171735362225047e-05,5.126456980323788691e-05,5.419184539151623452e-05,5.711912097979457534e-05,6.004639656807292972e-05,6.297367215635125699e-05,6.590094774462959104e-05,6.882822333290795219e-05,7.175549892118628624e-05,7.468277450946464739e-05,7.761005009774299499e-05,8.053732568602134259e-05,8.346460127429967664e-05,8.682995056051249626e-05,9.019529984672527523e-05,9.356064913293809485e-05,9.692599841915088736e-05,1.002913477053636799e-04,1.036566969915764860e-04,1.070220462777892920e-04,1.103873955640020845e-04,1.137527448502148771e-04,1.171180941364276831e-04,1.204834434226404756e-04,1.241042977917091415e-04,1.277251521607777396e-04,1.313460065298463378e-04,1.349668608989149901e-04,1.385877152679835882e-04,1.422085696370522134e-04,1.458294240061208658e-04,1.494502783751894910e-04,1.530711327442581162e-04,1.566919871133266872e-04,1.603128414823952854e-04,1.641488549099673095e-04,1.679848683375392252e-04,1.718208817651111409e-04,1.756568951926831107e-04,1.794929086202550535e-04,1.833289220478270234e-04,1.871649354753989662e-04,1.910009489029709090e-04,1.948369623305428518e-04,1.986729757581148217e-04,2.025089891856867374e-04,2.075772367631611276e-04,2.126454843406354366e-04,2.177137319181097997e-04,2.227819794955842713e-04,2.278502270730586074e-04,2.329184746505329976e-04,2.379867222280073337e-04,2.430549698054816426e-04,2.481232173829560328e-04,2.531914649604303960e-04,2.582597125379047049e-04
8.233543194892529220e-20,1.227028181795208417e-06,2.454056363590334247e-06,3.681084545385460078e-06,4.908112727180586333e-06,6.135140908975713858e-06,7.362169090770837994e-06,8.589197272565963825e-06,9.816225454361091350e-06,1.104325363615621888e-05,1.227028181795134471e-05,1.349730999974646884e-05,1.414343049938759949e-05,1.478955099902873183e-05,1.543567149866986079e-05,1.608179199831099313e-05,1.672791249795211869e-05,1.737403299759325104e-05,1.802015349723437999e-05,1.866627399687551233e-05,1.931239449651664129e-05,1.995851499615777024e-05,2.060463549579889919e-05,2.112489535720287197e-05,2.164515521860683797e-05,2.216541508001080736e-05,2.268567494141477336e-05,2.320593480281874614e-05,2.372619466422271552e-05,2.424645452562668152e-05,2.476671438703065091e-05,2.528697424843462030e-05,2.580723410983858969e-05,2.632749397124256924e-05,2.800113254399643715e-05,2.967477111675029827e-05,3.134840968950415601e-05,3.302204826225802392e-05,3.469568683501188504e-05,3.636932540776575295e-05,3.804296398051961408e-05,3.971660255327348876e-05,4.139024112602734988e-05,4.306387969878121101e-05,4.473751827153508569e-05,4.682795758017768576e-05,4.891839688882028582e-05,5.100883619746288589e-05,5.309927550610547240e-05,5.518971481474807924e-05,5.728015412339067930e-05,5.937059343203328614e-05,6.146103274067589298e-05,6.355147204931848627e-05,6.564191135796110666e-05,6.773235066660369995e-05,7.014360026715546253e-05,7.255484986770722512e-05,7.496609946825897415e-05,7.737734906881073673e-05,7.978859866936249931e-05,8.219984826991427545e-05,8.461109787046602448e-05,8.702234747101778706e-05,8.943359707156954964e-05,9.184484667212129867e-05,9.425609627267303415e-05,9.681316256113052781e-05,9.937022884958798081e-05,1.019272951380454474e-04,1.044843614265029275e-04,1.070414277149604211e-04,1.095984940034178741e-04,1.121555602918753407e-04,1.147126265803327801e-04,1.172696928687902602e-04,1.198267591572477268e-04,1.223838254457051934e-04,1.250832360240407607e-04,1.277826466023763280e-04,1.304820571807118411e-04,1.331814677590474085e-04,1.358808783373829487e-04,1.385802889157184889e-04,1.412796994940540291e-04,1.439791100723895694e-04,1.466785206507251096e-04,1.493779312290606769e-04,1.520773418073961900e-04,1.562368589626336594e-04,1.603963761178711558e-04,1.645558932731085709e-04,1.687154104283460402e-04,1.728749275835835095e-04,1.770344447388209517e-04,1.811939618940584210e-04,1.853534790492957819e-04,1.895129962045332783e-04,1.936725133597706934e-04,1.978320305150081356e-04
8.233543194892529220e-20,1.743508860437805781e-06,3.487017720875528976e-06,5.230526581313251324e-06,6.974035441750975789e-06,8.717544302188696867e-06,1.046105316262642133e-05,1.220456202306414580e-05,1.394807088350187026e-05,1.569157974393959134e-05,1.743508860437731242e-05,1.917859746481503688e-05,1.985563725434255530e-05,2.053267704387008049e-05,2.120971683339759891e-05,2.188675662292512071e-05,2.256379641245264252e-05,2.324083620198016432e-05,2.391787599150768613e-05,2.459491578103520455e-05,2.527195557056272635e-05,2.594899536009024816e-05,2.662603514961776657e-05,2.672474059829062400e-05,2.682344604696348481e-05,2.692215149563634223e-05,2.702085694430919627e-05,2.711956239298205369e-05,2.721826784165491111e-05,2.731697329032777192e-05,2.741567873900063273e-05,2.751438418767348338e-05,2.761308963634634758e-05,2.771179508501921178e-05,2.866621978091130098e-05,2.962064447680339357e-05,3.057506917269548277e-05,3.152949386858757536e-05,3.248391856447966795e-05,3.343834326037175376e-05,3.439276795626384635e-05,3.534719265215593894e-05,3.630161734804803153e-05,3.725604204394012412e-05,3.821046673983221671e-05,3.946406976883907601e-05,4.071767279784592176e-05,4.197127582685277429e-05,4.322487885585962004e-05,4.447848188486647257e-05,4.573208491387332510e-05,4.698568794288017085e-05,4.823929097188703015e-05,4.949289400089388946e-05,5.074649702990074199e-05,5.200010005890759451e-05,5.345724997379830683e-05,5.491439988868901915e-05,5.637154980357972470e-05,5.782869971847045057e-05,5.928584963336115611e-05,6.074299954825184810e-05,6.220014946314256720e-05,6.365729937803327274e-05,6.511444929292397829e-05,6.657159920781468383e-05,6.802874912270540292e-05,6.952202733055169726e-05,7.101530553839800514e-05,7.250858374624429947e-05,7.400186195409062090e-05,7.549514016193692879e-05,7.698841836978322312e-05,7.848169657762953100e-05,7.997497478547583888e-05,8.146825299332214677e-05,8.296153120116844110e-05,8.445480940901476253e-05,8.601761713811390019e-05,8.758042486721302430e-05,8.914323259631216196e-05,9.070604032541129962e-05,9.226884805451045083e-05,9.383165578360960204e-05,9.539446351270871260e-05,9.695727124180785026e-05,9.852007897090698792e-05,1.000828867000061391e-04,1.016456944291053174e-04,1.048964811621058251e-04,1.081472678951063735e-04,1.113980546281068812e-04,1.146488413611074025e-04,1.178996280941079508e-04,1.211504148271084721e-04,1.244012015601089934e-04,1.276519882931094875e-04,1.309027750261100359e-04,1.341535617591105571e-04,1.374043484921111055e-04
8.233543194892529220e-20,2.259989539080397639e-06,4.519979078160713116e-06,6.779968617241027746e-06,9.039958156321343223e-06,1.129994769540166124e-05,1.355993723448197248e-05,1.581992677356229050e-05,1.807991631264260513e-05,2.033990585172292654e-05,2.259989539080324117e-05,2.485988492988355580e-05,2.556784400929746706e-05,2.627580308871137494e-05,2.698376216812528621e-05,2.769172124753919748e-05,2.839968032695310875e-05,2.910763940636702340e-05,2.981559848578093128e-05,3.052355756519484594e-05,3.123151664460876059e-05,3.193947572402266847e-05,3.264743480343656958e-05,3.232458583937832859e-05,3.200173687532008082e-05,3.167888791126183306e-05,3.135603894720358529e-05,3.103318998314533075e-05,3.071034101908708298e-05,3.038749205502882844e-05,3.006464309097058406e-05,2.974179412691233291e-05,2.941894516285408515e-05,2.909609619879583738e-05,2.933130701782616482e-05,2.956651783685648548e-05,2.980172865588681292e-05,3.003693947491714036e-05,3.027215029394745763e-05,3.050736111297778168e-05,3.074257193200811251e-05,3.097778275103843656e-05,3.121299357006875383e-05,3.144820438909908466e-05,3.168341520812940871e-05,3.210018195750051370e-05,3.251694870687163225e-05,3.293371545624274401e-05,3.335048220561384900e-05,3.376724895498496077e-05,3.418401570435606576e-05,3.460078245372717753e-05,3.501754920309830285e-05,3.543431595246940784e-05,3.585108270184051284e-05,3.626784945121162460e-05,3.677089968044129344e-05,3.727394990967095549e-05,3.777700013890062433e-05,3.828005036813028638e-05,3.878310059735996199e-05,3.928615082658963082e-05,3.978920105581928610e-05,4.029225128504895494e-05,4.079530151427863055e-05,4.129835174350829260e-05,4.180140197273795466e-05,4.223089209997310387e-05,4.266038222720825986e-05,4.308987235444340907e-05,4.351936248167857183e-05,4.394885260891372782e-05,4.437834273614887025e-05,4.480783286338403302e-05,4.523732299061918900e-05,4.566681311785433822e-05,4.609630324508948065e-05,4.652579337232464341e-05,4.695199825218738528e-05,4.737820313205012715e-05,4.780440801191286225e-05,4.823061289177558379e-05,4.865681777163832566e-05,4.908302265150106753e-05,4.950922753136382295e-05,4.993543241122656482e-05,5.036163729108929991e-05,5.078784217095200790e-05,5.121404705081478365e-05,5.355610336157841107e-05,5.589815967234201816e-05,5.824021598310564557e-05,6.058227229386925266e-05,6.292432860463288008e-05,6.526638491539648039e-05,6.760844122616009426e-05,6.995049753692370812e-05,7.229255384768733554e-05,7.463461015845093585e-05,7.697666646921453616e-05
8.233543194892529220e-20,2.776470217722994156e-06,5.552940435445905303e-06,8.329410653168816027e-06,1.110588087089172929e-05,1.388235108861464086e-05,1.665882130633755074e-05,1.943529152406046570e-05,2.221176174178337388e-05,2.498823195950629223e-05,2.776470217722920041e-05,3.054117239495211198e-05,3.128005076425241949e-05,3.201892913355271344e-05,3.275780750285302095e-05,3.349668587215332168e-05,3.423556424145362241e-05,3.497444261075392992e-05,3.571332098005422387e-05,3.645219934935453815e-05,3.719107771865483211e-05,3.792995608795513961e-05,3.866883445725543357e-05,3.792443108046607384e-05,3.718002770367672088e-05,3.643562432688735438e-05,3.569122095009800142e-05,3.494681757330864169e-05,3.420241419651927518e-05,3.345801081972991545e-05,3.271360744294055572e-05,3.196920406615119599e-05,3.122480068936183626e-05,3.048039731257247653e-05,2.999639425474103204e-05,2.951239119690958417e-05,2.902838813907813629e-05,2.854438508124668503e-05,2.806038202341523376e-05,2.757637896558378927e-05,2.709237590775234140e-05,2.660837284992089352e-05,2.612436979208944564e-05,2.564036673425799777e-05,2.515636367642655328e-05,2.473629414616191412e-05,2.431622461589727835e-05,2.389615508563263920e-05,2.347608555536800682e-05,2.305601602510336427e-05,2.263594649483872511e-05,2.221587696457408935e-05,2.179580743430946035e-05,2.137573790404481442e-05,2.095566837378017526e-05,2.053559884351553611e-05,2.008454938708415468e-05,1.963349993065277663e-05,1.918245047422138843e-05,1.873140101779000700e-05,1.828035156135862218e-05,1.782930210492723736e-05,1.737825264849585593e-05,1.692720319206448128e-05,1.647615373563309985e-05,1.602510427920170486e-05,1.557405482277032005e-05,1.493975686939432244e-05,1.430545891601831976e-05,1.367116096264230522e-05,1.303686300926630592e-05,1.240256505589028968e-05,1.176826710251428022e-05,1.113396914913827076e-05,1.049967119576226130e-05,9.865373242386258614e-06,9.231075289010249154e-06,8.596777335634226140e-06,7.886379366260568832e-06,7.175981396886908136e-06,6.465583427513230499e-06,5.755185458139569802e-06,5.044787488765909106e-06,4.334389519392234857e-06,3.623991550018567384e-06,2.913593580644899912e-06,2.203195611271232439e-06,1.492797641897564967e-06,7.823996725239186698e-07,2.215725561050609047e-06,3.649051449577310436e-06,5.082377338104016908e-06,6.515703226630709826e-06,7.949029115157416297e-06,9.382355003684109216e-06,1.081568089221080213e-05,1.224900678073748150e-05,1.368233266926416087e-05,1.511565855779084023e-05,1.654898444631754670e-05
8.233543194892529220e-20,3.292950896365586862e-06,6.585901792731091561e-06,9.878852689096596684e-06,1.317180358546210181e-05,1.646475448182760693e-05,1.975770537819311205e-05,2.305065627455861718e-05,2.634360717092411891e-05,2.963655806728962403e-05,3.292950896365513255e-05,3.622245986002064106e-05,3.699225751920733464e-05,3.776205517839402144e-05,3.853185283758071503e-05,3.930165049676740861e-05,4.007144815595410896e-05,4.084124581514079577e-05,4.161104347432748258e-05,4.238084113351418293e-05,4.315063879270086974e-05,4.392043645188757010e-05,4.469023411107425013e-05,4.352427632155377843e-05,4.235831853203332706e-05,4.119236074251284859e-05,4.002640295299238367e-05,3.886044516347191875e-05,3.769448737395144706e-05,3.652852958443098214e-05,3.536257179491051044e-05,3.419661400539004552e-05,3.303065621586957383e-05,3.186469842634910213e-05,3.066148149165589588e-05,2.945826455696267608e-05,2.825504762226945627e-05,2.705183068757624663e-05,2.584861375288302683e-05,2.464539681818981380e-05,2.344217988349659739e-05,2.223896294880338097e-05,2.103574601411016456e-05,1.983252907941695153e-05,1.862931214472373512e-05,1.737240633482335181e-05,1.611550052492297189e-05,1.485859471502259028e-05,1.360168890512222222e-05,1.234478309522183553e-05,1.108787728532145731e-05,9.830971475421074003e-06,8.574065665520695781e-06,7.317159855620315864e-06,6.060254045719929171e-06,4.803348235819549254e-06,3.398199093727120102e-06,1.993049951634697726e-06,5.879008095422728089e-07,-8.172483325501571903e-07,-2.222397474642578719e-06,-3.627546616735003636e-06,-5.032695758827431941e-06,-6.437844900919863634e-06,-7.842994043012288551e-06,-9.248143185104713468e-06,-1.065329232719713500e-05,-1.235137836118431160e-05,-1.404946439517146618e-05,-1.574755042915862584e-05,-1.744563646314580075e-05,-1.914372249713295533e-05,-2.084180853112011669e-05,-2.253989456510728143e-05,-2.423798059909443601e-05,-2.593606663308159737e-05,-2.763415266706876550e-05,-2.933223870105592686e-05,-3.117923951966599690e-05,-3.302624033827606694e-05,-3.487324115688613020e-05,-3.672024197549621379e-05,-3.856724279410627028e-05,-4.041424361271634031e-05,-4.226124443132641713e-05,-4.410824524993646684e-05,-4.595524606854655043e-05,-4.780224688715660692e-05,-4.964924770576664985e-05,-4.912465223947687788e-05,-4.860005677318707880e-05,-4.807546130689731360e-05,-4.755086584060753485e-05,-4.702627037431774255e-05,-4.650167490802795703e-05,-4.597707944173819183e-05,-4.545248397544839275e-05,-4.492788850915863433e-05,-4.440329304286884881e-05,-4.387869757657907684e-05
8.233543194892529220e-20,3.809431575008183379e-06,7.618863150016284595e-06,1.142829472502438581e-05,1.523772630003248618e-05,1.904715787504059163e-05,2.285658945004868692e-05,2.666602102505678898e-05,3.047545260006489105e-05,3.428488417507299989e-05,3.809431575008110195e-05,4.190374732508919724e-05,4.270446427416228367e-05,4.350518122323537010e-05,4.430589817230844976e-05,4.510661512138153619e-05,4.590733207045460907e-05,4.670804901952770228e-05,4.750876596860078194e-05,4.830948291767386837e-05,4.911019986674694803e-05,4.991091681582003446e-05,5.071163376489310734e-05,4.912412156264153046e-05,4.753660936038996035e-05,4.594909715813837669e-05,4.436158495588679303e-05,4.277407275363522292e-05,4.118656055138363926e-05,3.959904834913206237e-05,3.801153614688048549e-05,3.642402394462890860e-05,3.483651174237732494e-05,3.324899954012574806e-05,3.132656872857075972e-05,2.940413791701577137e-05,2.748170710546078303e-05,2.555927629390579469e-05,2.363684548235080635e-05,2.171441467079581801e-05,1.979198385924082966e-05,1.786955304768584132e-05,1.594712223613085637e-05,1.402469142457586803e-05,1.210226061302087968e-05,1.000851852348475054e-05,7.914776433948618001e-06,5.821034344412488853e-06,3.727292254876371565e-06,1.633550165340242417e-06,-4.601919241958850359e-07,-2.553934013732015877e-06,-4.647676103268148413e-06,-6.741418192804280948e-06,-8.835160282340408401e-06,-1.092890237187653755e-05,-1.328815119963001442e-05,-1.564740002738348621e-05,-1.800664885513696139e-05,-2.036589768289043657e-05,-2.272514651064391175e-05,-2.508439533839738693e-05,-2.744364416615086211e-05,-2.980289299390433729e-05,-3.216214182165780570e-05,-3.452139064941128765e-05,-3.688063947716477639e-05,-3.964251359176309642e-05,-4.240438770636142322e-05,-4.516626182095973647e-05,-4.792813593555806328e-05,-5.069001005015639008e-05,-5.345188416475471011e-05,-5.621375827935304369e-05,-5.897563239395135694e-05,-6.173750650854967019e-05,-6.449938062314801055e-05,-6.726125473774635091e-05,-7.024485840559280996e-05,-7.322846207343926901e-05,-7.621206574128575517e-05,-7.919566940913222778e-05,-8.217927307697870038e-05,-8.516287674482518654e-05,-8.814648041267165914e-05,-9.113008408051813175e-05,-9.411368774836460435e-05,-9.709729141621107696e-05,-1.000808950840575225e-04,-1.004650300400046579e-04,-1.008491649959518069e-04,-1.012332999518989423e-04,-1.016174349078460912e-04,-1.020015698637932267e-04,-1.023857048197403621e-04,-1.027698397756874975e-04,-1.031539747316346329e-04,-1.035381096875817955e-04,-1.039222446435289309e-04,-1.043063795994760663e-04
8.233543194892529220e-20,4.325912253650776084e-06,8.651824507301470853e-06,1.297773676095216308e-05,1.730364901460285700e-05,2.162956126825355601e-05,2.595547352190424485e-05,3.028138577555494385e-05,3.460729802920563269e-05,3.893321028285633508e-05,4.325912253650703070e-05,4.758503479015771954e-05,4.841667102911719205e-05,4.924830726807667133e-05,5.007994350703615062e-05,5.091157974599561635e-05,5.174321598495509563e-05,5.257485222391456814e-05,5.340648846287404064e-05,5.423812470183351315e-05,5.506976094079299244e-05,5.590139717975246494e-05,5.673303341871193067e-05,5.472396680372924860e-05,5.271490018874656653e-05,5.070583357376387768e-05,4.869676695878118883e-05,4.668770034379850675e-05,4.467863372881581113e-05,4.266956711383312905e-05,4.066050049885044020e-05,3.865143388386775813e-05,3.664236726888506928e-05,3.463330065390238043e-05,3.199165596548561678e-05,2.935001127706886328e-05,2.670836658865210979e-05,2.406672190023535630e-05,2.142507721181859603e-05,1.878343252340184254e-05,1.614178783498508904e-05,1.350014314656833216e-05,1.085849845815157698e-05,8.216853769734821790e-06,5.575209081318064062e-06,2.644630712146189919e-06,-2.859476570256842232e-07,-3.216526026197558366e-06,-6.147104395369411332e-06,-9.077682764541286322e-06,-1.200826113371315792e-05,-1.493883950288503291e-05,-1.786941787205690790e-05,-2.079999624122878289e-05,-2.373057461040065449e-05,-2.666115297957252948e-05,-2.997450149298704815e-05,-3.328785000640156343e-05,-3.660119851981608887e-05,-3.991454703323060076e-05,-4.322789554664511943e-05,-4.654124406005963810e-05,-4.985459257347415676e-05,-5.316794108688867543e-05,-5.648128960030319410e-05,-5.979463811371771276e-05,-6.310798662713223821e-05,-6.693364882234172368e-05,-7.075931101755119561e-05,-7.458497321276066753e-05,-7.841063540797015301e-05,-8.223629760317962493e-05,-8.606195979838911041e-05,-8.988762199359858233e-05,-9.371328418880806781e-05,-9.753894638401753973e-05,-1.013646085792270252e-04,-1.051902707744364971e-04,-1.093104772915193859e-04,-1.134306838086022475e-04,-1.175508903256851226e-04,-1.216710968427679978e-04,-1.257913033598508730e-04,-1.299115098769337753e-04,-1.340317163940166233e-04,-1.381519229110994985e-04,-1.422721294281823737e-04,-1.463923359452652488e-04,-1.505125424623480969e-04,-1.518054078405321533e-04,-1.530982732187162096e-04,-1.543911385969002389e-04,-1.556840039750843224e-04,-1.569768693532683787e-04,-1.582697347314524351e-04,-1.595626001096364915e-04,-1.608554654878205207e-04,-1.621483308660045771e-04,-1.634411962441886335e-04,-1.647340616223726898e-04
8.233543194892529220e-20,4.162102554575799531e-06,8.324205109151517747e-06,1.248630766372723173e-05,1.664841021830295079e-05,2.081051277287866816e-05,2.497261532745438214e-05,2.913471788203009951e-05,3.329682043660582027e-05,3.745892299118153764e-05,4.162102554575725501e-05,4.578312810033297237e-05,4.632724749058581069e-05,4.687136688083866256e-05,4.741548627109150766e-05,4.795960566134434597e-05,4.850372505159719107e-05,4.904784444185004294e-05,4.959196383210288126e-05,5.013608322235573313e-05,5.068020261260857822e-05,5.122432200286142331e-05,5.176844139311426163e-05,4.960651443695582882e-05,4.744458748079740957e-05,4.528266052463896999e-05,4.312073356848053040e-05,4.095880661232211115e-05,3.879687965616367156e-05,3.663495270000524553e-05,3.447302574384681273e-05,3.231109878768837992e-05,3.014917183152994711e-05,2.798724487537151430e-05,2.533365658594941103e-05,2.268006829652731454e-05,2.002648000710521465e-05,1.737289171768311815e-05,1.471930342826101658e-05,1.206571513883892008e-05,9.412126849416821889e-06,6.758538559994720310e-06,4.104950270572624661e-06,1.451361981150523929e-06,-1.202226308271570238e-06,-3.296334080211554586e-06,-5.390441852151538298e-06,-7.484549624091522434e-06,-9.578657396031492170e-06,-1.167276516797147546e-05,-1.376687293991146044e-05,-1.586098071185144034e-05,-1.795508848379143041e-05,-2.004919625573141370e-05,-2.214330402767139699e-05,-2.423741179961138027e-05,-2.724954681180639509e-05,-3.026168182400140990e-05,-3.327381683619642472e-05,-3.628595184839144292e-05,-3.929808686058646112e-05,-4.231022187278147932e-05,-4.532235688497648397e-05,-4.833449189717150217e-05,-5.134662690936651360e-05,-5.435876192156153858e-05,-5.737089693375655000e-05,-6.084877165667426592e-05,-6.432664637959196151e-05,-6.780452110250967065e-05,-7.128239582542737979e-05,-7.476027054834508893e-05,-7.823814527126279807e-05,-8.171601999418050721e-05,-8.519389471709820280e-05,-8.867176944001591195e-05,-9.214964416293360753e-05,-9.562751888585131668e-05,-9.937316117410849563e-05,-1.031188034623656339e-04,-1.068644457506227993e-04,-1.106100880388799647e-04,-1.143557303271371166e-04,-1.181013726153942685e-04,-1.218470149036514339e-04,-1.255926571919085857e-04,-1.293382994801657376e-04,-1.330839417684228894e-04,-1.368295840566800142e-04,-1.380049162186655274e-04,-1.391802483806510405e-04,-1.403555805426365266e-04,-1.415309127046220669e-04,-1.427062448666075530e-04,-1.438815770285930390e-04,-1.450569091905785522e-04,-1.462322413525640654e-04,-1.474075735145495515e-04,-1.485829056765350647e-04,-1.497582378385205778e-04
8.233543194892529220e-20,3.998292855500823825e-06,7.996585711001564641e-06,1.199487856650230376e-05,1.599317142200304797e-05,1.999146427750378709e-05,2.398975713300452621e-05,2.798804998850526533e-05,3.198634284400601462e-05,3.598463569950675374e-05,3.998292855500749286e-05,4.398122141050823198e-05,4.423782395205445644e-05,4.449442649360066735e-05,4.475102903514689180e-05,4.500763157669310271e-05,4.526423411823932716e-05,4.552083665978554484e-05,4.577743920133176930e-05,4.603404174287798698e-05,4.629064428442420466e-05,4.654724682597042234e-05,4.680384936751663325e-05,4.448906207018245648e-05,4.217427477284829327e-05,3.985948747551410973e-05,3.754470017817993974e-05,3.522991288084576297e-05,3.291512558351157266e-05,3.060033828617740267e-05,2.828555098884322252e-05,2.597076369150904914e-05,2.365597639417486899e-05,2.134118909684069222e-05,1.867565720641325272e-05,1.601012531598580983e-05,1.334459342555836695e-05,1.067906153513092745e-05,8.013529644703479475e-06,5.347997754276041668e-06,2.682465863848598780e-06,1.693397342115758543e-08,-2.648597917006283609e-06,-5.314129807433723956e-06,-7.979661697861155833e-06,-9.237298872569257586e-06,-1.049493604727735764e-05,-1.175257322198545770e-05,-1.301021039669354929e-05,-1.426784757140164935e-05,-1.552548474610974941e-05,-1.678312192081784777e-05,-1.804075909552594953e-05,-1.929839627023404789e-05,-2.055603344494214964e-05,-2.181367061965025140e-05,-2.452459213062576574e-05,-2.723551364160128009e-05,-2.994643515257679105e-05,-3.265735666355231218e-05,-3.536827817452782314e-05,-3.807919968550334088e-05,-4.079012119647885184e-05,-4.350104270745436957e-05,-4.621196421842988053e-05,-4.892288572940539827e-05,-5.163380724038090923e-05,-5.476389449100686237e-05,-5.789398174163278840e-05,-6.102406899225872120e-05,-6.415415624288467434e-05,-6.728424349351059359e-05,-7.041433074413653995e-05,-7.354441799476247276e-05,-7.667450524538841912e-05,-7.980459249601433837e-05,-8.293467974664027118e-05,-8.606476699726621753e-05,-8.943584505669765962e-05,-9.280692311612910171e-05,-9.617800117556055736e-05,-9.954907923499198589e-05,-1.029201572944234415e-04,-1.062912353538548701e-04,-1.096623134132863257e-04,-1.130333914727177678e-04,-1.164044695321492099e-04,-1.197755475915806384e-04,-1.231466256510120399e-04,-1.242044245967990370e-04,-1.252622235425859798e-04,-1.263200224883729227e-04,-1.273778214341598927e-04,-1.284356203799468356e-04,-1.294934193257338056e-04,-1.305512182715207485e-04,-1.316090172173076914e-04,-1.326668161630946614e-04,-1.337246151088816314e-04,-1.347824140546685472e-04
8.233543194892529220e-20,3.834483156425845578e-06,7.668966312851609841e-06,1.150344946927737072e-05,1.533793262570313498e-05,1.917241578212889924e-05,2.300689893855466012e-05,2.684138209498042777e-05,3.067586525140618864e-05,3.451034840783195629e-05,3.834483156425771717e-05,4.217931472068348482e-05,4.214840041352307509e-05,4.211748610636265858e-05,4.208657179920224207e-05,4.205565749204184589e-05,4.202474318488142938e-05,4.199382887772102642e-05,4.196291457056060991e-05,4.193200026340020695e-05,4.190108595623979044e-05,4.187017164907938071e-05,4.183925734191896420e-05,3.937160970340904348e-05,3.690396206489912953e-05,3.443631442638920881e-05,3.196866678787928809e-05,2.950101914936936059e-05,2.703337151085943309e-05,2.456572387234951576e-05,2.209807623383959165e-05,1.963042859532967432e-05,1.716278095681975021e-05,1.469513331830982610e-05,1.201765782687704359e-05,9.340182335444259393e-06,6.662706844011470960e-06,3.985231352578690149e-06,1.307755861145898328e-06,-1.369719630286882482e-06,-4.047195121719670069e-06,-6.724670613152454267e-06,-9.402146104585235077e-06,-1.207962159601802266e-05,-1.475709708745079331e-05,-1.517826366492700167e-05,-1.559943024240321172e-05,-1.602059681987942177e-05,-1.644176339735562844e-05,-1.686292997483183849e-05,-1.728409655230805193e-05,-1.770526312978425859e-05,-1.812642970726046864e-05,-1.854759628473667870e-05,-1.896876286221289214e-05,-1.938992943968910219e-05,-2.179963744944511268e-05,-2.420934545920112657e-05,-2.661905346895713367e-05,-2.902876147871314756e-05,-3.143846948846915805e-05,-3.384817749822517533e-05,-3.625788550798117905e-05,-3.866759351773719632e-05,-4.107730152749321359e-05,-4.348700953724921731e-05,-4.589671754700522780e-05,-4.867901732533940460e-05,-5.146131710367356108e-05,-5.424361688200773110e-05,-5.702591666034190112e-05,-5.980821643867605759e-05,-6.259051621701022762e-05,-6.537281599534438409e-05,-6.815511577367854056e-05,-7.093741555201271058e-05,-7.371971533034688061e-05,-7.650201510868103708e-05,-7.949852893928676940e-05,-8.249504276989250173e-05,-8.549155660049822050e-05,-8.848807043110395283e-05,-9.148458426170967160e-05,-9.448109809231540392e-05,-9.747761192292112270e-05,-1.004741257535268415e-04,-1.034706395841325738e-04,-1.064671534147383061e-04,-1.094636672453439842e-04,-1.104039329749323975e-04,-1.113441987045208107e-04,-1.122844644341091969e-04,-1.132247301636976373e-04,-1.141649958932860098e-04,-1.151052616228744367e-04,-1.160455273524628228e-04,-1.169857930820512225e-04,-1.179260588116396222e-04,-1.188663245412280219e-04,-1.198065902708164352e-04
8.233543194892529220e-20,3.670673457350869872e-06,7.341346914701657582e-06,1.101202037205244444e-05,1.468269382940323215e-05,1.835336728675402156e-05,2.202404074410480757e-05,2.569471420145559359e-05,2.936538765880638299e-05,3.303606111615716562e-05,3.670673457350796180e-05,4.037740803085874443e-05,4.005897687499170728e-05,3.974054571912467014e-05,3.942211456325763299e-05,3.910368340739060262e-05,3.878525225152356547e-05,3.846682109565652833e-05,3.814838993978948440e-05,3.782995878392245403e-05,3.751152762805541011e-05,3.719309647218837974e-05,3.687466531632132904e-05,3.425415733663565758e-05,3.163364935695001323e-05,2.901314137726433839e-05,2.639263339757867371e-05,2.377212541789301242e-05,2.115161743820733758e-05,1.853110945852167628e-05,1.591060147883601160e-05,1.329009349915034354e-05,1.066958551946467378e-05,8.049077539779005708e-06,5.359658447340880200e-06,2.670239354902751304e-06,-1.917973753537589865e-08,-2.708598829973506489e-06,-5.398017922411630303e-06,-8.087437014849759199e-06,-1.077685610728788979e-05,-1.346627519972601699e-05,-1.615569429216414250e-05,-1.884511338460227140e-05,-2.153453247704037658e-05,-2.111922845728470509e-05,-2.070392443752903022e-05,-2.028862041777335535e-05,-1.987331639801768047e-05,-1.945801237826201238e-05,-1.904270835850633751e-05,-1.862740433875066602e-05,-1.821210031899499115e-05,-1.779679629923931628e-05,-1.738149227948364140e-05,-1.696618825972796992e-05,-1.907468276826447995e-05,-2.118317727680099337e-05,-2.329167178533750001e-05,-2.540016629387401682e-05,-2.750866080241052685e-05,-2.961715531094703688e-05,-3.172564981948354691e-05,-3.383414432802006372e-05,-3.594263883655657375e-05,-3.805113334509307700e-05,-4.015962785362959381e-05,-4.259414015967199428e-05,-4.502865246571438796e-05,-4.746316477175677488e-05,-4.989767707779918212e-05,-5.233218938384156903e-05,-5.476670168988396949e-05,-5.720121399592636318e-05,-5.963572630196875687e-05,-6.207023860801115056e-05,-6.450475091405354425e-05,-6.693926322009593794e-05,-6.956121282187594694e-05,-7.218316242365595595e-05,-7.480511202543596496e-05,-7.742706162721600107e-05,-8.004901122899599653e-05,-8.267096083077600554e-05,-8.529291043255601455e-05,-8.791486003433602355e-05,-9.053680963611604612e-05,-9.315875923789605512e-05,-9.578070883967602347e-05,-9.660344135306589354e-05,-9.742617386645573651e-05,-9.824890637984557947e-05,-9.907163889323546309e-05,-9.989437140662530605e-05,-1.007171039200151490e-04,-1.015398364334050055e-04,-1.023625689467948620e-04,-1.031853014601847050e-04,-1.040080339735745615e-04,-1.048307664869644180e-04
8.233543194892529220e-20,3.506863758275892472e-06,7.013727516551703628e-06,1.052059127482751309e-05,1.402745503310332255e-05,1.753431879137913710e-05,2.104118254965494148e-05,2.454804630793075264e-05,2.805491006620656379e-05,3.156177382448237495e-05,3.506863758275818611e-05,3.857550134103399726e-05,3.796955333646033270e-05,3.736360533188666137e-05,3.675765732731300358e-05,3.615170932273933225e-05,3.554576131816566769e-05,3.493981331359200313e-05,3.433386530901833179e-05,3.372791730444467401e-05,3.312196929987100267e-05,3.251602129529733811e-05,3.191007329072366000e-05,2.913670496986225475e-05,2.636333664900085628e-05,2.358996832813943409e-05,2.081660000727802884e-05,1.804323168641661681e-05,1.526986336555520140e-05,1.249649504469379276e-05,9.723126723832377350e-06,6.949758402970965325e-06,4.176390082109553300e-06,1.403021761248140004e-06,-1.298340932195330625e-06,-3.999703625638799138e-06,-6.701066319082272732e-06,-9.402429012525739550e-06,-1.210379170596921314e-05,-1.480515439941268504e-05,-1.750651709285615525e-05,-2.020787978629963054e-05,-2.290924247974309566e-05,-2.561060517318657095e-05,-2.831196786663001575e-05,-2.706019324964244917e-05,-2.580841863265488260e-05,-2.455664401566732280e-05,-2.330486939867976639e-05,-2.205309478169220660e-05,-2.080132016470464002e-05,-1.954954554771707345e-05,-1.829777093072951365e-05,-1.704599631374194708e-05,-1.579422169675438728e-05,-1.454244707976682071e-05,-1.634972808708383028e-05,-1.815700909440083645e-05,-1.996429010171784602e-05,-2.177157110903485220e-05,-2.357885211635186176e-05,-2.538613312366887133e-05,-2.719341413098588090e-05,-2.900069513830288369e-05,-3.080797614561990003e-05,-3.261525715293690282e-05,-3.442253816025391238e-05,-3.650926299400454329e-05,-3.859598782775516064e-05,-4.068271266150578477e-05,-4.276943749525640890e-05,-4.485616232900703303e-05,-4.694288716275765716e-05,-4.902961199650827451e-05,-5.111633683025890542e-05,-5.320306166400952277e-05,-5.528978649776014690e-05,-5.737651133151075748e-05,-5.962389670446507028e-05,-6.187128207741935597e-05,-6.411866745037364166e-05,-6.636605282332794090e-05,-6.861343819628224015e-05,-7.086082356923652584e-05,-7.310820894219082508e-05,-7.535559431514512433e-05,-7.760297968809941002e-05,-7.985036506105370926e-05,-8.209775043400795429e-05,-8.280294973119928118e-05,-8.350814902839058095e-05,-8.421334832558188073e-05,-8.491854762277319406e-05,-8.562374691996449383e-05,-8.632894621715579361e-05,-8.703414551434709339e-05,-8.773934481153839316e-05,-8.844454410872969294e-05,-8.914974340592099272e-05,-8.985494270311229249e-05
8.233543194892529220e-20,3.343054059200916766e-06,6.686108118401750522e-06,1.002916217760258343e-05,1.337221623680341973e-05,1.671527029600425264e-05,2.005832435520508555e-05,2.340137841440591846e-05,2.674443247360675814e-05,3.008748653280759105e-05,3.343054059200842396e-05,3.677359465120925687e-05,3.588012979792895812e-05,3.498666494464866615e-05,3.409320009136838095e-05,3.319973523808808898e-05,3.230627038480779700e-05,3.141280553152749826e-05,3.051934067824721306e-05,2.962587582496691770e-05,2.873241097168662572e-05,2.783894611840633375e-05,2.694548126512603161e-05,2.401925260308887902e-05,2.109302394105173320e-05,1.816679527901457383e-05,1.524056661697741446e-05,1.231433795494026356e-05,9.388109292903100799e-06,6.461880630865948205e-06,3.535651968828790528e-06,6.094233067916379342e-07,-2.316805355245521436e-06,-5.243034017282675725e-06,-7.956340311731492323e-06,-1.066964660618030045e-05,-1.338295290062911705e-05,-1.609625919507792687e-05,-1.880956548952674855e-05,-2.152287178397555668e-05,-2.423617807842437497e-05,-2.694948437287318988e-05,-2.966279066732200139e-05,-3.237609696177081630e-05,-3.508940325621959732e-05,-3.300115804200015260e-05,-3.091291282778070110e-05,-2.882466761356125299e-05,-2.673642239934182182e-05,-2.464817718512237371e-05,-2.255993197090292899e-05,-2.047168675668347749e-05,-1.838344154246403277e-05,-1.629519632824458466e-05,-1.420695111402513994e-05,-1.211870589980569014e-05,-1.362477340590319754e-05,-1.513084091200070495e-05,-1.663690841809821236e-05,-1.814297592419572146e-05,-1.964904343029323056e-05,-2.115511093639073966e-05,-2.266117844248824199e-05,-2.416724594858575109e-05,-2.567331345468325680e-05,-2.717938096078076929e-05,-2.868544846687827500e-05,-3.042438582833713296e-05,-3.216332318979598075e-05,-3.390226055125483532e-05,-3.564119791271368990e-05,-3.738013527417254447e-05,-3.911907263563139904e-05,-4.085800999709025361e-05,-4.259694735854910140e-05,-4.433588472000795597e-05,-4.607482208146680377e-05,-4.781375944292565834e-05,-4.968658058705424782e-05,-5.155940173118281697e-05,-5.343222287531139967e-05,-5.530504401943998237e-05,-5.717786516356855830e-05,-5.905068630769713423e-05,-6.092350745182571693e-05,-6.279632859595429286e-05,-6.466914974008286879e-05,-6.654197088421144471e-05,-6.841479202834000709e-05,-6.900245810933276368e-05,-6.959012419032552027e-05,-7.017779027131826330e-05,-7.076545635231103345e-05,-7.135312243330377648e-05,-7.194078851429651952e-05,-7.252845459528927611e-05,-7.311612067628203270e-05,-7.370378675727477574e-05,-7.429145283826753233e-05,-7.487911891926028892e-05
8.233543194892529220e-20,3.179244360125939366e-06,6.358488720251795722e-06,9.537733080377652078e-06,1.271697744050351013e-05,1.589622180062936818e-05,1.907546616075522284e-05,2.225471052088107750e-05,2.543395488100693894e-05,2.861319924113279361e-05,3.179244360125865504e-05,3.497168796138450293e-05,3.379070625939758354e-05,3.260972455741066416e-05,3.142874285542374477e-05,3.024776115343682199e-05,2.906677945144989922e-05,2.788579774946297644e-05,2.670481604747605706e-05,2.552383434548913767e-05,2.434285264350221828e-05,2.316187094151529551e-05,2.198088923952836596e-05,1.890180023631546602e-05,1.582271123310257285e-05,1.274362222988966614e-05,9.664533226676771279e-06,6.585444223463867951e-06,3.506355220250962929e-06,4.272662170380596013e-07,-2.651822786174836950e-06,-5.730911789387740278e-06,-8.810000792600643606e-06,-1.188908979581354185e-05,-1.461433969126769807e-05,-1.733958958672185597e-05,-2.006483948217601727e-05,-2.279008937763016840e-05,-2.551533927308432631e-05,-2.824058916853848761e-05,-3.096583906399264213e-05,-3.369108895944680342e-05,-3.641633885490095794e-05,-3.914158875035511246e-05,-4.186683864580922632e-05,-3.894212283435789329e-05,-3.601740702290656026e-05,-3.309269121145522045e-05,-3.016797540000390435e-05,-2.724325958855256793e-05,-2.431854377710122812e-05,-2.139382796564988831e-05,-1.846911215419855528e-05,-1.554439634274721547e-05,-1.261968053129588074e-05,-9.694964719844540929e-06,-1.089981872472254618e-05,-1.210467272960054973e-05,-1.330952673447855498e-05,-1.451438073935656023e-05,-1.571923474423456547e-05,-1.692408874911257072e-05,-1.812894275399057597e-05,-1.933379675886858122e-05,-2.053865076374658647e-05,-2.174350476862459171e-05,-2.294835877350259357e-05,-2.433950866266968197e-05,-2.573065855183675682e-05,-2.712180844100383844e-05,-2.851295833017092346e-05,-2.990410821933800169e-05,-3.129525810850508670e-05,-3.268640799767216494e-05,-3.407755788683924317e-05,-3.546870777600632141e-05,-3.685985766517340642e-05,-3.825100755434048466e-05,-3.974926446964335082e-05,-4.124752138494620343e-05,-4.274577830024906959e-05,-4.424403521555193576e-05,-4.574229213085479514e-05,-4.724054904615766130e-05,-4.873880596146052069e-05,-5.023706287676338008e-05,-5.173531979206623946e-05,-5.323357670736909885e-05,-5.473183362267194468e-05,-5.520196648746615809e-05,-5.567209935226035116e-05,-5.614223221705455101e-05,-5.661236508184876442e-05,-5.708249794664295749e-05,-5.755263081143716412e-05,-5.802276367623136397e-05,-5.849289654102555704e-05,-5.896302940581975012e-05,-5.943316227061396352e-05,-5.990329513540816337e-05
8.233543194892529220e-20,3.015434661050962813e-06,6.030869322101844310e-06,9.046303983152724113e-06,1.206173864420360561e-05,1.507717330525448711e-05,1.809260796630536691e-05,2.110804262735624333e-05,2.412347728840712652e-05,2.713891194945800971e-05,3.015434661050889290e-05,3.316978127155976254e-05,3.170128272086622252e-05,3.023278417017267233e-05,2.876428561947912891e-05,2.729578706878557873e-05,2.582728851809202854e-05,2.435878996739848174e-05,2.289029141670493494e-05,2.142179286601138475e-05,1.995329431531783795e-05,1.848479576462428776e-05,1.701629721393073418e-05,1.378434786954208690e-05,1.055239852515345655e-05,7.320449180764807573e-06,4.088499836376163676e-06,8.565504919875163904e-07,-2.375398852401130895e-06,-5.607348196789779874e-06,-8.839297541178423772e-06,-1.207124688556707106e-05,-1.530319622995571834e-05,-1.853514557434436224e-05,-2.127233907080386315e-05,-2.400953256726336068e-05,-2.674672606372286159e-05,-2.948391956018236250e-05,-3.222111305664186341e-05,-3.495830655310135755e-05,-3.769550004956086523e-05,-4.043269354602036615e-05,-4.316988704247986706e-05,-4.590708053893936119e-05,-4.864427403539882145e-05,-4.488308762671560010e-05,-4.112190121803237876e-05,-3.736071480934915063e-05,-3.359952840066595639e-05,-2.983834199198273843e-05,-2.607715558329952048e-05,-2.231596917461629913e-05,-1.855478276593307439e-05,-1.479359635724984966e-05,-1.103240994856663509e-05,-7.271223539883410356e-06,-8.174864043541915138e-06,-9.078504547200418227e-06,-9.982145050858923010e-06,-1.088578555451742610e-05,-1.178942605817593088e-05,-1.269306656183443566e-05,-1.359670706549294045e-05,-1.450034756915144184e-05,-1.540398807280995001e-05,-1.630762857646845141e-05,-1.721126908012695619e-05,-1.825463149700227164e-05,-1.929799391387758032e-05,-2.034135633075289239e-05,-2.138471874762820445e-05,-2.242808116450351652e-05,-2.347144358137882858e-05,-2.451480599825413726e-05,-2.555816841512945271e-05,-2.660153083200476139e-05,-2.764489324888007345e-05,-2.868825566575537874e-05,-2.981194835223253514e-05,-3.093564103870967798e-05,-3.205933372518682083e-05,-3.318302641166397045e-05,-3.430671909814112007e-05,-3.543041178461826292e-05,-3.655410447109541254e-05,-3.767779715757256216e-05,-3.880148984404970501e-05,-3.992518253052685463e-05,-4.104887521700397715e-05,-4.140147486559964059e-05,-4.175407451419529048e-05,-4.210667416279094036e-05,-4.245927381138659703e-05,-4.281187345998224692e-05,-4.316447310857789681e-05,-4.351707275717354669e-05,-4.386967240576919658e-05,-4.422227205436484647e-05,-4.457487170296049636e-05,-4.492747135155614625e-05
8.233543194892529220e-20,2.851624961975985836e-06,5.703249923951889510e-06,8.554874885927791066e-06,1.140649984790369770e-05,1.425812480987959926e-05,1.710974977185550082e-05,1.996137473383140576e-05,2.281299969580731071e-05,2.566462465778321226e-05,2.851624961975911721e-05,3.136787458173501537e-05,2.961185918233484794e-05,2.785584378293466356e-05,2.609982838353448596e-05,2.434381298413431174e-05,2.258779758473413753e-05,2.083178218533395654e-05,1.907576678593377894e-05,1.731975138653360472e-05,1.556373598713342712e-05,1.380772058773325121e-05,1.205170518833306683e-05,8.666895502768677285e-06,5.282085817204299594e-06,1.897276131639903269e-06,-1.487533553924486279e-06,-4.872343239488879216e-06,-8.257152925053272153e-06,-1.164196261061766340e-05,-1.502677229618205294e-05,-1.841158198174644249e-05,-2.179639166731084051e-05,-2.518120135287522498e-05,-2.793033845034007228e-05,-3.067947554780491281e-05,-3.342861264526975334e-05,-3.617774974273460064e-05,-3.892688684019944117e-05,-4.167602393766428847e-05,-4.442516103512912900e-05,-4.717429813259397631e-05,-4.992343523005881683e-05,-5.267257232752365736e-05,-5.542170942498845045e-05,-5.082405241907334080e-05,-4.622639541315823114e-05,-4.162873840724312148e-05,-3.703108140132803892e-05,-3.243342439541292927e-05,-2.783576738949781961e-05,-2.323811038358270656e-05,-1.864045337766759351e-05,-1.404279637175248216e-05,-9.445139365837374194e-06,-4.847482359922261994e-06,-5.449909362361263771e-06,-6.052336364800263854e-06,-6.654763367239265631e-06,-7.257190369678267408e-06,-7.859617372117269185e-06,-8.462044374556270114e-06,-9.064471376995271044e-06,-9.666898379434271974e-06,-1.026932538187327290e-05,-1.087175238431227553e-05,-1.147417938675127646e-05,-1.216975433133481727e-05,-1.286532927591835639e-05,-1.356090422050189212e-05,-1.425647916508543462e-05,-1.495205410966897374e-05,-1.564762905425251286e-05,-1.634320399883605198e-05,-1.703877894341959109e-05,-1.773435388800313021e-05,-1.842992883258666933e-05,-1.912550377717020506e-05,-1.987463223482163814e-05,-2.062376069247307122e-05,-2.137288915012449414e-05,-2.212201760777593061e-05,-2.287114606542735691e-05,-2.362027452307878661e-05,-2.436940298073021630e-05,-2.511853143838164260e-05,-2.586765989603307230e-05,-2.661678835368450199e-05,-2.736591681133592152e-05,-2.760098324373302822e-05,-2.783604967613012815e-05,-2.807111610852722130e-05,-2.830618254092432800e-05,-2.854124897332142792e-05,-2.877631540571852785e-05,-2.901138183811562777e-05,-2.924644827051272092e-05,-2.948151470290982424e-05,-2.971658113530692755e-05,-2.995164756770402409e-05
8.233543194892529220e-20,2.687815262901009706e-06,5.375630525801937251e-06,8.063445788702863101e-06,1.075126105160379149e-05,1.343907631450472158e-05,1.612689157740564489e-05,1.881470684030657158e-05,2.150252210320750167e-05,2.419033736610842837e-05,2.687815262900935845e-05,2.956596789191027837e-05,2.752243564380348013e-05,2.547890339569667851e-05,2.343537114758987010e-05,2.139183889948306509e-05,1.934830665137626346e-05,1.730477440326946183e-05,1.526124215516265682e-05,1.321770990705585349e-05,1.117417765894905017e-05,9.130645410842245157e-06,7.087113162735436754e-06,3.549443135995300706e-06,1.177310925517821170e-08,-3.525896917484958683e-06,-7.063566944225095577e-06,-1.060123697096523247e-05,-1.413890699770536767e-05,-1.767657702444550965e-05,-2.121424705118564146e-05,-2.475191707792578005e-05,-2.828958710466591186e-05,-3.182725713140604367e-05,-3.458833782987623059e-05,-3.734941852834641751e-05,-4.011049922681660443e-05,-4.287157992528679135e-05,-4.563266062375697827e-05,-4.839374132222716519e-05,-5.115482202069734533e-05,-5.391590271916753225e-05,-5.667698341763772595e-05,-5.943806411610790609e-05,-6.219914481457803203e-05,-5.676501721143104083e-05,-5.133088960828405641e-05,-4.589676200513705844e-05,-4.046263440199010113e-05,-3.502850679884309638e-05,-2.959437919569610518e-05,-2.416025159254911399e-05,-1.872612398940211263e-05,-1.329199638625511805e-05,-7.857868783108128545e-06,-2.423741179961130997e-06,-2.724954681180631886e-06,-3.026168182400131927e-06,-3.327381683619632815e-06,-3.628595184839133704e-06,-3.929808686058634592e-06,-4.231022187278135057e-06,-4.532235688497635522e-06,-4.833449189717135987e-06,-5.134662690936636452e-06,-5.435876192156137764e-06,-5.737089693375638229e-06,-6.084877165667408635e-06,-6.432664637959178194e-06,-6.780452110250946059e-06,-7.128239582542717311e-06,-7.476027054834486870e-06,-7.823814527126256429e-06,-8.171601999418025988e-06,-8.519389471709795547e-06,-8.867176944001565106e-06,-9.214964416293334665e-06,-9.562751888585102530e-06,-9.937316117410819070e-06,-1.031188034623653561e-05,-1.068644457506224707e-05,-1.106100880388796530e-05,-1.143557303271367846e-05,-1.181013726153939330e-05,-1.218470149036510815e-05,-1.255926571919082130e-05,-1.293382994801653615e-05,-1.330839417684225100e-05,-1.368295840566796076e-05,-1.380049162186651411e-05,-1.391802483806506407e-05,-1.403555805426361065e-05,-1.415309127046216400e-05,-1.427062448666071396e-05,-1.438815770285926392e-05,-1.450569091905781389e-05,-1.462322413525636046e-05,-1.474075735145491212e-05,-1.485829056765346378e-05,-1.497582378385201204e-05
8.233543194892530424e-20,2.524005563826031883e-06,5.048011127651981603e-06,7.572016691477930053e-06,1.009602225530388020e-05,1.262002781912983204e-05,1.514403338295577710e-05,1.766803894678173063e-05,2.019204451060767908e-05,2.271605007443362753e-05,2.524005563825957937e-05,2.776406120208552443e-05,2.543301210527209539e-05,2.310196300845866635e-05,2.077091391164523053e-05,1.843986481483180488e-05,1.610881571801837245e-05,1.377776662120494002e-05,1.144671752439150928e-05,9.115668427578080244e-06,6.784619330764648662e-06,4.453570233951217080e-06,2.122521137137782110e-06,-1.568009230778092601e-06,-5.258539598693954182e-06,-8.949069966609829105e-06,-1.263960033452570487e-05,-1.633013070244158064e-05,-2.002066107035745303e-05,-2.371119143827332879e-05,-2.740172180618920456e-05,-3.109225217410507695e-05,-3.478278254202095610e-05,-3.847331290993682171e-05,-4.124633720941234824e-05,-4.401936150888787478e-05,-4.679238580836340131e-05,-4.956541010783892785e-05,-5.233843440731445439e-05,-5.511145870678997414e-05,-5.788448300626550068e-05,-6.065750730574102722e-05,-6.343053160521654698e-05,-6.620355590469207351e-05,-6.897658020416753228e-05,-6.270598200378867310e-05,-5.643538380340980037e-05,-5.016478560303092764e-05,-4.389418740265209557e-05,-3.762358920227322284e-05,-3.135299100189435688e-05,-2.508239280151548415e-05,-1.881179460113661142e-05,-1.254119640075773869e-05,-6.270598200378873579e-06,0.000000000000000000e+00,0.000000000000000000e+00,0.000000000000000000e+00,0.000000000000000000e+00,0.000000000000000000e+00,0.000000000000000000e+00,0.000000000000000000e+00,0.000000000000000000e+00,0.000000000000000000e+00,0.000000000000000000e+00,0.000000000000000000e+00,0.000000000000000000e+00,0.000000000000000000e+00,0.000000000000000000e+00,0.000000000000000000e+00,0.000000000000000000e+00,0.000000000000000000e+00,0.000000000000000000e+00,0.000000000000000000e+00,0.000000000000000000e+00,0.000000000000000000e+00,0.000000000000000000e+00,0.000000000000000000e+00,0.000000000000000000e+00,0.000000000000000000e+00,0.000000000000000000e+00,0.000000000000000000e+00,0.000000000000000000e+00,0.000000000000000000e+00,0.000000000000000000e+00,0.000000000000000000e+00,0.000000000000000000e+00,0.000000000000000000e+00,0.000000000000000000e+00,0.000000000000000000e+00,0.000000000000000000e+00,0.000000000000000000e+00,0.000000000000000000e+00,0.000000000000000000e+00,0.000000000000000000e+00,0.000000000000000000e+00,0.000000000000000000e+00,0.000000000000000000e+00,0.000000000000000000e+00,0.000000000000000000e+00
8.233543194892529220e-20,2.396991554517484771e-06,4.793983109034887381e-06,7.190974663552288719e-06,9.587966218069691752e-06,1.198495777258709478e-05,1.438194932710449274e-05,1.677894088162189916e-05,1.917593243613930219e-05,2.157292399065670522e-05,2.396991554517410487e-05,2.636690709969150451e-05,2.400756758611849510e-05,2.164822807254547553e-05,1.928888855897245935e-05,1.692954904539944655e-05,1.457020953182642868e-05,1.221087001825341588e-05,9.851530504680398002e-06,7.492190991107384360e-06,5.132851477534368177e-06,2.773511963961352840e-06,4.141724503883346449e-07,-2.853967279687271212e-06,-6.122107009762865529e-06,-9.390246739838470857e-06,-1.265838646991407618e-05,-1.592652619998967812e-05,-1.919466593006528853e-05,-2.246280566014089217e-05,-2.573094539021649919e-05,-2.899908512029209944e-05,-3.226722485036770307e-05,-3.553536458044330670e-05,-3.800542070983834494e-05,-4.047547683923338995e-05,-4.294553296862843497e-05,-4.541558909802346643e-05,-4.788564522741849789e-05,-5.035570135681354290e-05,-5.282575748620858114e-05,-5.529581361560361938e-05,-5.776586974499866439e-05,-6.023592587439370263e-05,-6.270598200378868666e-05,-5.700543818526243502e-05,-5.130489436673619694e-05,-4.560435054820994531e-05,-3.990380672968373433e-05,-3.420326291115748270e-05,-2.850271909263124123e-05,-2.280217527410499298e-05,-1.710163145557874135e-05,-1.140108763705249141e-05,-5.700543818526249940e-06,0.000000000000000000e+00,0.000000000000000000e+00,0.000000000000000000e+00,0.000000000000000000e+00,0.000000000000000000e+00,0.000000000000000000e+00,0.000000000000000000e+00,0.000000000000000000e+00,0.000000000000000000e+00,0.000000000000000000e+00,0.000000000000000000e+00,0.000000000000000000e+00,0.000000000000000000e+00,0.000000000000000000e+00,0.000000000000000000e+00,0.000000000000000000e+00,0.000000000000000000e+00,0.000000000000000000e+00,0.000000000000000000e+00,0.000000000000000000e+00,0.000000000000000000e+00,0.000000000000000000e+00,0.000000000000000000e+00,0.000000000000000000e+00,0.000000000000000000e+00,0.000000000000000000e+00,0.000000000000000000e+00,0.000000000000000000e+00,0.000000000000000000e+00,0.000000000000000000e+00,0.000000000000000000e+00,0.000000000000000000e+00,0.000000000000000000e+00,0.000000000000000000e+00,0.000000000000000000e+00,0.000000000000000000e+00,0.000000000000000000e+00,0.000000000000000000e+00,0.000000000000000000e+00,0.000000000000000000e+00,0.000000000000000000e+00,0.000000000000000000e+00,0.000000000000000000e+00,0.000000000000000000e+00,0.000000000000000000e+00
8.233543194892529220e-20,2.269977545208937237e-06,4.539955090417792311e-06,6.809932635626647385e-06,9.079910180835501612e-06,1.134988772604435923e-05,1.361986527125321176e-05,1.588984281646206768e-05,1.815982036167092191e-05,2.042979790687977953e-05,2.269977545208863375e-05,2.496975299729748459e-05,2.258212306696488804e-05,2.019449313663228810e-05,1.780686320629968478e-05,1.541923327596708823e-05,1.303160334563448829e-05,1.064397341530189005e-05,8.256343484969288414e-06,5.868713554636688476e-06,3.481083624304088962e-06,1.093453693971489024e-06,-1.294176236361113244e-06,-4.139925328596448765e-06,-6.985674420831774334e-06,-9.831423513067110914e-06,-1.267717260530244411e-05,-1.552292169753778238e-05,-1.836867078977311727e-05,-2.121441988200845215e-05,-2.406016897424378704e-05,-2.690591806647912193e-05,-2.975166715871446020e-05,-3.259741625094978492e-05,-3.476450421026434841e-05,-3.693159216957889835e-05,-3.909868012889345507e-05,-4.126576808820800501e-05,-4.343285604752255495e-05,-4.559994400683711844e-05,-4.776703196615166838e-05,-4.993411992546622509e-05,-5.210120788478077503e-05,-5.426829584409532497e-05,-5.643538380340982748e-05,-5.130489436673621049e-05,-4.617440493006258673e-05,-4.104391549338895620e-05,-3.591342605671536632e-05,-3.078293662004174256e-05,-2.565244718336812558e-05,-2.052195774669449843e-05,-1.539146831002087128e-05,-1.026097887334724583e-05,-5.130489436673626301e-06,0.000000000000000000e+00,0.000000000000000000e+00,0.000000000000000000e+00,0.000000000000000000e+00,0.000000000000000000e+00,0.000000000000000000e+00,0.000000000000000000e+00,0.000000000000000000e+00,0.000000000000000000e+00,0.000000000000000000e+00,0.000000000000000000e+00,0.000000000000000000e+00,0.000000000000000000e+00,0.000000000000000000e+00,0.000000000000000000e+00,0.000000000000000000e+00,0.000000000000000000e+00,0.000000000000000000e+00,0.000000000000000000e+00,0.000000000000000000e+00,0.000000000000000000e+00,0.000000000000000000e+00,0.000000000000000000e+00,0.000000000000000000e+00,0.000000000000000000e+00,0.000000000000000000e+00,0.000000000000000000e+00,0.000000000000000000e+00,0.000000000000000000e+00,0.000000000000000000e+00,0.000000000000000000e+00,0.000000000000000000e+00,0.000000000000000000e+00,0.000000000000000000e+00,0.000000000000000000e+00,0.000000000000000000e+00,0.000000000000000000e+00,0.000000000000000000e+00,0.000000000000000000e+00,0.000000000000000000e+00,0.000000000000000000e+00,0.000000000000000000e+00,0.000000000000000000e+00,0.000000000000000000e+00,0.000000000000000000e+00
8.233543194892529220e-20,2.142963535900390549e-06,4.285927071800698935e-06,6.428890607701006898e-06,8.571854143601316555e-06,1.071481767950162537e-05,1.285778121540193079e-05,1.500074475130223960e-05,1.714370828720254841e-05,1.928667182310285722e-05,2.142963535900316603e-05,2.357259889490346806e-05,2.115667854781128776e-05,1.874075820071910068e-05,1.632483785362691698e-05,1.390891750653473329e-05,1.149299715944254790e-05,9.077076812350362518e-06,6.661156465258178826e-06,4.245236118165993439e-06,1.829315771073808476e-06,-5.866045760183756399e-07,-3.002524923110559756e-06,-5.425883377505627165e-06,-7.849241831900684833e-06,-1.027260028629575267e-05,-1.269595874069081711e-05,-1.511931719508588325e-05,-1.754267564948095278e-05,-1.996603410387601891e-05,-2.238939255827108505e-05,-2.481275101266615119e-05,-2.723610946706121733e-05,-2.965946792145627669e-05,-3.152358771069034511e-05,-3.338770749992441353e-05,-3.525182728915848195e-05,-3.711594707839255036e-05,-3.898006686762661878e-05,-4.084418665686068720e-05,-4.270830644609476239e-05,-4.457242623532883081e-05,-4.643654602456289245e-05,-4.830066581379696087e-05,-5.016478560303098863e-05,-4.560435054820998597e-05,-4.104391549338898330e-05,-3.648348043856798064e-05,-3.192304538374701186e-05,-2.736261032892600581e-05,-2.280217527410500992e-05,-1.824174021928400726e-05,-1.368130516446300290e-05,-9.120870109642000242e-06,-4.560435054821002662e-06,0.000000000000000000e+00,0.000000000000000000e+00,0.000000000000000000e+00,0.000000000000000000e+00,0.000000000000000000e+00,0.000000000000000000e+00,0.000000000000000000e+00,0.000000000000000000e+00,0.000000000000000000e+00,0.000000000000000000e+00,0.000000000000000000e+00,0.000000000000000000e+00,0.000000000000000000e+00,0.000000000000000000e+00,0.000000000000000000e+00,0.000000000000000000e+00,0.000000000000000000e+00,0.000000000000000000e+00,0.000000000000000000e+00,0.000000000000000000e+00,0.000000000000000000e+00,0.000000000000000000e+00,0.000000000000000000e+00,0.000000000000000000e+00,0.000000000000000000e+00,0.000000000000000000e+00,0.000000000000000000e+00,0.000000000000000000e+00,0.000000000000000000e+00,0.000000000000000000e+00,0.000000000000000000e+00,0.000000000000000000e+00,0.000000000000000000e+00,0.000000000000000000e+00,0.000000000000000000e+00,0.000000000000000000e+00,0.000000000000000000e+00,0.000000000000000000e+00,0.000000000000000000e+00,0.000000000000000000e+00,0.000000000000000000e+00,0.000000000000000000e+00,0.000000000000000000e+00,0.000000000000000000e+00,0.000000000000000000e+00
8.233543194892529220e-20,2.015949526591841320e-06,4.031899053183600477e-06,6.047848579775358788e-06,8.063798106367117945e-06,1.007974763295887964e-05,1.209569715955063457e-05,1.411164668614239457e-05,1.612759621273415458e-05,1.814354573932591458e-05,2.015949526591767458e-05,2.217544479250942781e-05,1.973123402865765698e-05,1.728702326480589292e-05,1.484281250095412208e-05,1.239860173710235294e-05,9.954390973250583802e-06,7.510180209398812967e-06,5.065969445547043826e-06,2.621758681695273838e-06,1.775479178435055441e-07,-2.266662846008264444e-06,-4.710873609860032738e-06,-6.711841426414822506e-06,-8.712809242969607191e-06,-1.071377705952439781e-05,-1.271474487607918842e-05,-1.471571269263397904e-05,-1.671668050918876796e-05,-1.871764832574355857e-05,-2.071861614229835257e-05,-2.271958395885313641e-05,-2.472055177540793380e-05,-2.672151959196271425e-05,-2.828267121111630115e-05,-2.984382283026987449e-05,-3.140497444942345461e-05,-3.296612606857703473e-05,-3.452727768773060807e-05,-3.608842930688418819e-05,-3.764958092603776831e-05,-3.921073254519134843e-05,-4.077188416434492178e-05,-4.233303578349850190e-05,-4.389418740265203458e-05,-3.990380672968367335e-05,-3.591342605671529856e-05,-3.192304538374693054e-05,-2.793266471077858625e-05,-2.394228403781021485e-05,-1.995190336484185023e-05,-1.596152269187347882e-05,-1.197114201890510742e-05,-7.980761345936737718e-06,-3.990380672968370553e-06,0.000000000000000000e+00,0.000000000000000000e+00,0.000000000000000000e+00,0.000000000000000000e+00,0.000000000000000000e+00,0.000000000000000000e+00,0.000000000000000000e+00,0.000000000000000000e+00,0.000000000000000000e+00,0.000000000000000000e+00,0.000000000000000000e+00,0.000000000000000000e+00,0.000000000000000000e+00,0.000000000000000000e+00,0.000000000000000000e+00,0.000000000000000000e+00,0.000000000000000000e+00,0.000000000000000000e+00,0.000000000000000000e+00,0.000000000000000000e+00,0.000000000000000000e+00,0.000000000000000000e+00,0.000000000000000000e+00,0.000000000000000000e+00,0.000000000000000000e+00,0.000000000000000000e+00,0.000000000000000000e+00,0.000000000000000000e+00,0.000000000000000000e+00,0.000000000000000000e+00,0.000000000000000000e+00,0.000000000000000000e+00,0.000000000000000000e+00,0.000000000000000000e+00,0.000000000000000000e+00,0.000000000000000000e+00,0.000000000000000000e+00,0.000000000000000000e+00,0.000000000000000000e+00,0.000000000000000000e+00,0.000000000000000000e+00,0.000000000000000000e+00,0.000000000000000000e+00,0.000000000000000000e+00,0.000000000000000000e+00
8.233543194892529220e-20,1.888935517283294208e-06,3.777871034566506255e-06,5.666806551849718301e-06,7.555742069132930347e-06,9.444677586416144087e-06,1.133361310369935190e-05,1.322254862098256649e-05,1.511148413826577769e-05,1.700041965554899227e-05,1.888935517283220347e-05,2.077829069011541128e-05,1.830578950950405669e-05,1.583328832889270549e-05,1.336078714828135090e-05,1.088828596766999631e-05,8.415784787058641723e-06,5.943283606447287980e-06,3.470782425835935085e-06,9.982812452245788012e-07,-1.474219935386774941e-06,-3.946721115998128684e-06,-6.419222296609479038e-06,-7.997799475324000905e-06,-9.576376654038517690e-06,-1.115495383275303786e-05,-1.273353101146755973e-05,-1.431210819018208160e-05,-1.589068536889660346e-05,-1.746926254761112194e-05,-1.904783972632564720e-05,-2.062641690504016229e-05,-2.220499408375468755e-05,-2.378357126246920602e-05,-2.504175471154230123e-05,-2.629993816061539306e-05,-2.755812160968848826e-05,-2.881630505876158009e-05,-3.007448850783466852e-05,-3.133267195690776373e-05,-3.259085540598085555e-05,-3.384903885505394737e-05,-3.510722230412704597e-05,-3.636540575320013779e-05,-3.762358920227319573e-05,-3.420326291115744882e-05,-3.078293662004170190e-05,-2.736261032892595160e-05,-2.394228403781022840e-05,-2.052195774669447810e-05,-1.710163145557873457e-05,-1.368130516446298766e-05,-1.026097887334723905e-05,-6.840652582231492135e-06,-3.420326291115747762e-06,0.000000000000000000e+00,0.000000000000000000e+00,0.000000000000000000e+00,0.000000000000000000e+00,0.000000000000000000e+00,0.000000000000000000e+00,0.000000000000000000e+00,0.000000000000000000e+00,0.000000000000000000e+00,0.000000000000000000e+00,0.000000000000000000e+00,0.000000000000000000e+00,0.000000000000000000e+00,0.000000000000000000e+00,0.000000000000000000e+00,0.000000000000000000e+00,0.000000000000000000e+00,0.000000000000000000e+00,0.000000000000000000e+00,0.000000000000000000e+00,0.000000000000000000e+00,0.000000000000000000e+00,0.000000000000000000e+00,0.000000000000000000e+00,0.000000000000000000e+00,0.000000000000000000e+00,0.000000000000000000e+00,0.000000000000000000e+00,0.000000000000000000e+00,0.000000000000000000e+00,0.000000000000000000e+00,0.000000000000000000e+00,0.000000000000000000e+00,0.000000000000000000e+00,0.000000000000000000e+00,0.000000000000000000e+00,0.000000000000000000e+00,0.000000000000000000e+00,0.000000000000000000e+00,0.000000000000000000e+00,0.000000000000000000e+00,0.000000000000000000e+00,0.000000000000000000e+00,0.000000000000000000e+00,0.000000000000000000e+00
8.233543194892529220e-20,1.761921507974747097e-06,3.523843015949412032e-06,5.285764523924076967e-06,7.047686031898741902e-06,8.809607539873406837e-06,1.057152904784807092e-05,1.233345055582273671e-05,1.409537206379740079e-05,1.585729357177206658e-05,1.761921507974673236e-05,1.938113658772139475e-05,1.688034499035045641e-05,1.437955339297951806e-05,1.187876179560857972e-05,9.377970198237641376e-06,6.877178600866701337e-06,4.376387003495761299e-06,1.875595406124822955e-06,-6.251961912461153888e-07,-3.125987788617054580e-06,-5.626779385987992924e-06,-8.127570983358927033e-06,-9.283757524233180152e-06,-1.043994406510742819e-05,-1.159613060598167962e-05,-1.275231714685592935e-05,-1.390850368773018247e-05,-1.506469022860443389e-05,-1.622087676947868532e-05,-1.737706331035293844e-05,-1.853324985122718817e-05,-1.968943639210144468e-05,-2.084562293297569441e-05,-2.180083821196830132e-05,-2.275605349096090484e-05,-2.371126876995351175e-05,-2.466648404894611867e-05,-2.562169932793872219e-05,-2.657691460693133249e-05,-2.753212988592394279e-05,-2.848734516491654631e-05,-2.944256044390915322e-05,-3.039777572290176013e-05,-3.135299100189433655e-05,-2.850271909263121751e-05,-2.565244718336809508e-05,-2.280217527410496927e-05,-1.995190336484186378e-05,-1.710163145557874135e-05,-1.425135954631561892e-05,-1.140108763705249480e-05,-8.550815727789370674e-06,-5.700543818526244858e-06,-2.850271909263124546e-06,0.000000000000000000e+00,0.000000000000000000e+00,0.000000000000000000e+00,0.000000000000000000e+00,0.000000000000000000e+00,0.000000000000000000e+00,0.000000000000000000e+00,0.000000000000000000e+00,0.000000000000000000e+00,0.000000000000000000e+00,0.000000000000000000e+00,0.000000000000000000e+00,0.000000000000000000e+00,0.000000000000000000e+00,0.000000000000000000e+00,0.000000000000000000e+00,0.000000000000000000e+00,0.000000000000000000e+00,0.000000000000000000e+00,0.000000000000000000e+00,0.000000000000000000e+00,0.000000000000000000e+00,0.000000000000000000e+00,0.000000000000000000e+00,0.000000000000000000e+00,0.000000000000000000e+00,0.000000000000000000e+00,0.000000000000000000e+00,0.000000000000000000e+00,0.000000000000000000e+00,0.000000000000000000e+00,0.000000000000000000e+00,0.000000000000000000e+00,0.000000000000000000e+00,0.000000000000000000e+00,0.000000000000000000e+00,0.000000000000000000e+00,0.000000000000000000e+00,0.000000000000000000e+00,0.000000000000000000e+00,0.000000000000000000e+00,0.000000000000000000e+00,0.000000000000000000e+00,0.000000000000000000e+00,0.000000000000000000e+00
8.233543194892529220e-20,1.634907498666200197e-06,3.269814997332317809e-06,4.904722495998435633e-06,6.539629994664554303e-06,8.174537493330672974e-06,9.809444991996788256e-06,1.144435249066290693e-05,1.307925998932902560e-05,1.471416748799514427e-05,1.634907498666126124e-05,1.798398248532737144e-05,1.545490047119685273e-05,1.292581845706633064e-05,1.039673644293580854e-05,7.867654428805283051e-06,5.338572414674760952e-06,2.809490400544237159e-06,2.804083864137125198e-07,-2.248673627716810426e-06,-4.777755641847334218e-06,-7.306837655977856317e-06,-9.835919670108375027e-06,-1.056971557314235601e-05,-1.130351147617633869e-05,-1.203730737921032137e-05,-1.277110328224430235e-05,-1.350489918527828333e-05,-1.423869508831226771e-05,-1.497249099134624869e-05,-1.570628689438023306e-05,-1.644008279741421405e-05,-1.717387870044819842e-05,-1.790767460348217940e-05,-1.855992171239430140e-05,-1.921216882130642002e-05,-1.986441593021854202e-05,-2.051666303913066402e-05,-2.116891014804278602e-05,-2.182115725695490802e-05,-2.247340436586703002e-05,-2.312565147477915203e-05,-2.377789858369127064e-05,-2.443014569260339264e-05,-2.508239280151549431e-05,-2.280217527410499298e-05,-2.052195774669449165e-05,-1.824174021928399032e-05,-1.596152269187350593e-05,-1.368130516446300290e-05,-1.140108763705250496e-05,-9.120870109642003631e-06,-6.840652582231501452e-06,-4.560435054821000121e-06,-2.280217527410501331e-06,0.000000000000000000e+00,0.000000000000000000e+00,0.000000000000000000e+00,0.000000000000000000e+00,0.000000000000000000e+00,0.000000000000000000e+00,0.000000000000000000e+00,0.000000000000000000e+00,0.000000000000000000e+00,0.000000000000000000e+00,0.000000000000000000e+00,0.000000000000000000e+00,0.000000000000000000e+00,0.000000000000000000e+00,0.000000000000000000e+00,0.000000000000000000e+00,0.000000000000000000e+00,0.000000000000000000e+00,0.000000000000000000e+00,0.000000000000000000e+00,0.000000000000000000e+00,0.000000000000000000e+00,0.000000000000000000e+00,0.000000000000000000e+00,0.000000000000000000e+00,0.000000000000000000e+00,0.000000000000000000e+00,0.000000000000000000e+00,0.000000000000000000e+00,0.000000000000000000e+00,0.000000000000000000e+00,0.000000000000000000e+00,0.000000000000000000e+00,0.000000000000000000e+00,0.000000000000000000e+00,0.000000000000000000e+00,0.000000000000000000e+00,0.000000000000000000e+00,0.000000000000000000e+00,0.000000000000000000e+00,0.000000000000000000e+00,0.000000000000000000e+00,0.000000000000000000e+00,0.000000000000000000e+00,0.000000000000000000e+00
8.233543194892529220e-20,1.507893489357651180e-06,3.015786978715220198e-06,4.523680468072788370e-06,6.031573957430358235e-06,7.539467446787927253e-06,9.047360936145493730e-06,1.055525442550306360e-05,1.206314791486063346e-05,1.357104140421820502e-05,1.507893489357577319e-05,1.658682838293333459e-05,1.402945595204323043e-05,1.147208352115312288e-05,8.914711090263015332e-06,6.357338659372904397e-06,3.799966228482799391e-06,1.242593797592690150e-06,-1.314778633297418244e-06,-3.872151064187527486e-06,-6.429523495077636727e-06,-8.986895925967744274e-06,-1.154426835685784504e-05,-1.185567362205155220e-05,-1.216707888724525935e-05,-1.247848415243896481e-05,-1.278988941763267197e-05,-1.310129468282637912e-05,-1.341269994802008627e-05,-1.372410521321379512e-05,-1.403551047840750397e-05,-1.434691574360120943e-05,-1.465832100879491659e-05,-1.496972627398862543e-05,-1.531900521282025405e-05,-1.566828415165188437e-05,-1.601756309048351807e-05,-1.636684202931514839e-05,-1.671612096814678209e-05,-1.706539990697841241e-05,-1.741467884581004272e-05,-1.776395778464167643e-05,-1.811323672347330335e-05,-1.846251566230494045e-05,-1.881179460113655382e-05,-1.710163145557868714e-05,-1.539146831002081707e-05,-1.368130516446294531e-05,-1.197114201890508710e-05,-1.026097887334721703e-05,-8.550815727789348652e-06,-6.840652582231478583e-06,-5.130489436673608513e-06,-3.420326291115738444e-06,-1.710163145557870069e-06,0.000000000000000000e+00,0.000000000000000000e+00,0.000000000000000000e+00,0.000000000000000000e+00,0.000000000000000000e+00,0.000000000000000000e+00,0.000000000000000000e+00,0.000000000000000000e+00,0.000000000000000000e+00,0.000000000000000000e+00,0.000000000000000000e+00,0.000000000000000000e+00,0.000000000000000000e+00,0.000000000000000000e+00,0.000000000000000000e+00,0.000000000000000000e+00,0.000000000000000000e+00,0.000000000000000000e+00,0.000000000000000000e+00,0.000000000000000000e+00,0.000000000000000000e+00,0.000000000000000000e+00,0.000000000000000000e+00,0.000000000000000000e+00,0.000000000000000000e+00,0.000000000000000000e+00,0.000000000000000000e+00,0.000000000000000000e+00,0.000000000000000000e+00,0.000000000000000000e+00,0.000000000000000000e+00,0.000000000000000000e+00,0.000000000000000000e+00,0.000000000000000000e+00,0.000000000000000000e+00,0.000000000000000000e+00,0.000000000000000000e+00,0.000000000000000000e+00,0.000000000000000000e+00,0.000000000000000000e+00,0.000000000000000000e+00,0.000000000000000000e+00,0.000000000000000000e+00,0.000000000000000000e+00,0.000000000000000000e+00
8.233543194892529220e-20,1.380879480049104069e-06,2.761758960098125976e-06,4.142638440147147036e-06,5.523517920196168942e-06,6.904397400245191696e-06,8.285276880294211062e-06,9.666156360343233816e-06,1.104703584039225657e-05,1.242791532044127932e-05,1.380879480049030208e-05,1.518967428053931805e-05,1.260401143288962845e-05,1.001834858523993545e-05,7.432685737590241609e-06,4.847022889940550307e-06,2.261360042290856464e-06,-3.243028053588356842e-07,-2.909965653008530374e-06,-5.495628500658222523e-06,-8.081291348307915518e-06,-1.066695419595761021e-05,-1.325261704360729304e-05,-1.314163167096073145e-05,-1.303064629831416816e-05,-1.291966092566760487e-05,-1.280867555302104328e-05,-1.269769018037448168e-05,-1.258670480772791840e-05,-1.247571943508135680e-05,-1.236473406243479182e-05,-1.225374868978823192e-05,-1.214276331714166863e-05,-1.203177794449510704e-05,-1.207808871324625414e-05,-1.212439948199739954e-05,-1.217071025074854495e-05,-1.221702101949969036e-05,-1.226333178825083407e-05,-1.230964255700198117e-05,-1.235595332575312657e-05,-1.240226409450427367e-05,-1.244857486325541738e-05,-1.249488563200656448e-05,-1.254119640075770142e-05,-1.140108763705245583e-05,-1.026097887334720856e-05,-9.120870109641961279e-06,-7.980761345936724166e-06,-6.840652582231476888e-06,-5.700543818526231305e-06,-4.560435054820984875e-06,-3.420326291115738444e-06,-2.280217527410492014e-06,-1.140108763705246642e-06,0.000000000000000000e+00,0.000000000000000000e+00,0.000000000000000000e+00,0.000000000000000000e+00,0.000000000000000000e+00,0.000000000000000000e+00,0.000000000000000000e+00,0.000000000000000000e+00,0.000000000000000000e+00,0.000000000000000000e+00,0.000000000000000000e+00,0.000000000000000000e+00,0.000000000000000000e+00,0.000000000000000000e+00,0.000000000000000000e+00,0.000000000000000000e+00,0.000000000000000000e+00,0.000000000000000000e+00,0.000000000000000000e+00,0.000000000000000000e+00,0.000000000000000000e+00,0.000000000000000000e+00,0.000000000000000000e+00,0.000000000000000000e+00,0.000000000000000000e+00,0.000000000000000000e+00,0.000000000000000000e+00,0.000000000000000000e+00,0.000000000000000000e+00,0.000000000000000000e+00,0.000000000000000000e+00,0.000000000000000000e+00,0.000000000000000000e+00,0.000000000000000000e+00,0.000000000000000000e+00,0.000000000000000000e+00,0.000000000000000000e+00,0.000000000000000000e+00,0.000000000000000000e+00,0.000000000000000000e+00,0.000000000000000000e+00,0.000000000000000000e+00,0.000000000000000000e+00,0.000000000000000000e+00,0.000000000000000000e+00
8.233543194892529220e-20,1.253865470740556958e-06,2.507730941481031753e-06,3.761596412221506125e-06,5.015461882961980497e-06,6.269327353702456139e-06,7.523192824442930088e-06,8.777058295183404036e-06,1.003092376592387968e-05,1.128478923666435532e-05,1.253865470740483096e-05,1.379252017814530152e-05,1.117856691373602477e-05,8.564613649326749718e-06,5.950660384917469579e-06,3.336707120508191982e-06,7.227538560989152320e-07,-1.891199408310363212e-06,-4.505152672719639962e-06,-7.119105937128918407e-06,-9.733059201538196004e-06,-1.234701246594747275e-05,-1.496096573035673934e-05,-1.442758971986990730e-05,-1.389421370938307866e-05,-1.336083769889624493e-05,-1.282746168840941459e-05,-1.229408567792258086e-05,-1.176070966743575221e-05,-1.122733365694892187e-05,-1.069395764646208645e-05,-1.016058163597525611e-05,-9.627205625488424070e-06,-9.093829615001595423e-06,-8.837172213672255918e-06,-8.580514812342916414e-06,-8.323857411013575215e-06,-8.067200009684235711e-06,-7.810542608354896206e-06,-7.553885207025555855e-06,-7.297227805696215503e-06,-7.040570404366875151e-06,-6.783913003037536494e-06,-6.527255601708195295e-06,-6.270598200378854097e-06,-5.700543818526230458e-06,-5.130489436673607666e-06,-4.560435054820984028e-06,-3.990380672968363777e-06,-3.420326291115740138e-06,-2.850271909263117770e-06,-2.280217527410493708e-06,-1.710163145557870069e-06,-1.140108763705246642e-06,-5.700543818526237446e-07,0.000000000000000000e+00,0.000000000000000000e+00,0.000000000000000000e+00,0.000000000000000000e+00,0.000000000000000000e+00,0.000000000000000000e+00,0.000000000000000000e+00,0.000000000000000000e+00,0.000000000000000000e+00,0.000000000000000000e+00,0.000000000000000000e+00,0.000000000000000000e+00,0.000000000000000000e+00,0.000000000000000000e+00,0.000000000000000000e+00,0.000000000000000000e+00,0.000000000000000000e+00,0.000000000000000000e+00,0.000000000000000000e+00,0.000000000000000000e+00,0.000000000000000000e+00,0.000000000000000000e+00,0.000000000000000000e+00,0.000000000000000000e+00,0.000000000000000000e+00,0.000000000000000000e+00,0.000000000000000000e+00,0.000000000000000000e+00,0.000000000000000000e+00,0.000000000000000000e+00,0.000000000000000000e+00,0.000000000000000000e+00,0.000000000000000000e+00,0.000000000000000000e+00,0.000000000000000000e+00,0.000000000000000000e+00,0.000000000000000000e+00,0.000000000000000000e+00,0.000000000000000000e+00,0.000000000000000000e+00,0.000000000000000000e+00,0.000000000000000000e+00,0.000000000000000000e+00,0.000000000000000000e+00,0.000000000000000000e+00
8.233543194892529220e-20,1.126851461432009846e-06,2.253702922863937530e-06,3.380554384295864367e-06,4.507405845727792899e-06,5.634257307159720583e-06,6.761108768591646573e-06,7.887960230023575951e-06,9.014811691455502788e-06,1.014166315288743132e-05,1.126851461431935816e-05,1.239536607575127991e-05,9.753122394582422794e-06,7.110878713413560596e-06,4.468635032244698397e-06,1.826391351075836198e-06,-8.158523300930260004e-07,-3.458096011261888199e-06,-6.100339692430751245e-06,-8.742583373599612596e-06,-1.138482705476847480e-05,-1.402707073593733699e-05,-1.666931441710618733e-05,-1.571354776877908655e-05,-1.475778112045198916e-05,-1.380201447212488668e-05,-1.284624782379778590e-05,-1.189048117547068511e-05,-1.093471452714358264e-05,-9.978947878816481855e-06,-9.023181230489381072e-06,-8.067414582162280289e-06,-7.111647933835176965e-06,-6.155881285508078723e-06,-5.596255714098253462e-06,-5.036630142688427353e-06,-4.477004571278602092e-06,-3.917378999868776830e-06,-3.357753428458949875e-06,-2.798127857049124613e-06,-2.238502285639298928e-06,-1.678876714229473032e-06,-1.119251142819647770e-06,-5.596255714098217675e-07,0.000000000000000000e+00,0.000000000000000000e+00,0.000000000000000000e+00,0.000000000000000000e+00,0.000000000000000000e+00,0.000000000000000000e+00,0.000000000000000000e+00,0.000000000000000000e+00,0.000000000000000000e+00,0.000000000000000000e+00,0.000000000000000000e+00,0.000000000000000000e+00,0.000000000000000000e+00,0.000000000000000000e+00,0.000000000000000000e+00,0.000000000000000000e+00,0.000000000000000000e+00,0.000000000000000000e+00,0.000000000000000000e+00,0.000000000000000000e+00,0.000000000000000000e+00,0.000000000000000000e+00,0.000000000000000000e+00,0.000000000000000000e+00,0.000000000000000000e+00,0.000000000000000000e+00,0.000000000000000000e+00,0.000000000000000000e+00,0.000000000000000000e+00,0.000000000000000000e+00,0.000000000000000000e+00,0.000000000000000000e+00,0.000000000000000000e+00,0.000000000000000000e+00,0.000000000000000000e+00,0.000000000000000000e+00,0.000000000000000000e+00,0.000000000000000000e+00,0.000000000000000000e+00,0.000000000000000000e+00,0.000000000000000000e+00,0.000000000000000000e+00,0.000000000000000000e+00,0.000000000000000000e+00,0.000000000000000000e+00,0.000000000000000000e+00,0.000000000000000000e+00,0.000000000000000000e+00,0.000000000000000000e+00,0.000000000000000000e+00,0.000000000000000000e+00,0.000000000000000000e+00,0.000000000000000000e+00,0.000000000000000000e+00,0.000000000000000000e+00,0.000000000000000000e+00
8.233543194892529220e-20,1.052802890642979328e-06,2.105605781285876493e-06,3.158408671928773235e-06,4.211211562571670824e-06,5.264014453214568413e-06,6.316817343857464307e-06,7.369620234500361896e-06,8.422423125143258638e-06,9.475226015786156227e-06,1.052802890642905382e-05,1.158083179707194802e-05,9.030887294207141141e-06,6.480942791342333418e-06,3.930998288477524001e-06,1.381053785612715431e-06,-1.168890717252093562e-06,-3.718835220116901709e-06,-6.268779722981711126e-06,-8.818724225846518848e-06,-1.136866872871132742e-05,-1.391861323157613599e-05,-1.646855773444093270e-05,-1.548016664168250616e-05,-1.449177554892408301e-05,-1.350338445616565647e-05,-1.251499336340722823e-05,-1.152660227064880339e-05,-1.053821117789037685e-05,-9.549820085131950306e-06,-8.561428992373523765e-06,-7.573037899615098072e-06,-6.584646806856670685e-06,-5.596255714098248380e-06,-5.087505194634770715e-06,-4.578754675171293898e-06,-4.070004155707816233e-06,-3.561253636244338569e-06,-3.052503116780860481e-06,-2.543752597317383664e-06,-2.035002077853905999e-06,-1.526251558390428335e-06,-1.017501038926951517e-06,-5.087505194634738528e-07,0.000000000000000000e+00,0.000000000000000000e+00,0.000000000000000000e+00,0.000000000000000000e+00,0.000000000000000000e+00,0.000000000000000000e+00,0.000000000000000000e+00,0.000000000000000000e+00,0.000000000000000000e+00,0.000000000000000000e+00,0.000000000000000000e+00,0.000000000000000000e+00,0.000000000000000000e+00,0.000000000000000000e+00,0.000000000000000000e+00,0.000000000000000000e+00,0.000000000000000000e+00,0.000000000000000000e+00,0.000000000000000000e+00,0.000000000000000000e+00,0.000000000000000000e+00,0.000000000000000000e+00,0.000000000000000000e+00,0.000000000000000000e+00,0.000000000000000000e+00,0.000000000000000000e+00,0.000000000000000000e+00,0.000000000000000000e+00,0.000000000000000000e+00,0.000000000000000000e+00,0.000000000000000000e+00,0.000000000000000000e+00,0.000000000000000000e+00,0.000000000000000000e+00,0.000000000000000000e+00,0.000000000000000000e+00,0.000000000000000000e+00,0.000000000000000000e+00,0.000000000000000000e+00,0.000000000000000000e+00,0.000000000000000000e+00,0.000000000000000000e+00,0.000000000000000000e+00,0.000000000000000000e+00,0.000000000000000000e+00,0.000000000000000000e+00,0.000000000000000000e+00,0.000000000000000000e+00,0.000000000000000000e+00,0.000000000000000000e+00,0.000000000000000000e+00,0.000000000000000000e+00,0.000000000000000000e+00,0.000000000000000000e+00,0.000000000000000000e+00,0.000000000000000000e+00
8.233543194892529220e-20,9.787543198539500794e-07,1.957508639707817573e-06,2.936262959561685067e-06,3.915017279415552984e-06,4.893771599269421325e-06,5.872525919123287971e-06,6.851280238977156312e-06,7.830034558831024653e-06,8.808788878684892994e-06,9.787543198538759640e-06,1.076629751839262459e-05,8.308652193831869652e-06,5.851006869271116405e-06,3.393361544710358923e-06,9.357162201496003816e-07,-1.521929104411155195e-06,-3.979574428971909289e-06,-6.437219753532665924e-06,-8.894865078093423406e-06,-1.135251040265418174e-05,-1.381015572721493668e-05,-1.626780105177567807e-05,-1.524678551458592746e-05,-1.422576997739618025e-05,-1.320475444020642964e-05,-1.218373890301667734e-05,-1.116272336582692843e-05,-1.014170782863717444e-05,-9.120692291447425533e-06,-8.099676754257673235e-06,-7.078661217067922632e-06,-6.057645679878171181e-06,-5.036630142688423965e-06,-4.578754675171294745e-06,-4.120879207654164678e-06,-3.663003740137035034e-06,-3.205128272619905813e-06,-2.747252805102774899e-06,-2.289377337585645678e-06,-1.831501870068515823e-06,-1.373626402551385755e-06,-9.157509350342565349e-07,-4.578754675171265734e-07,0.000000000000000000e+00,0.000000000000000000e+00,0.000000000000000000e+00,0.000000000000000000e+00,0.000000000000000000e+00,0.000000000000000000e+00,0.000000000000000000e+00,0.000000000000000000e+00,0.000000000000000000e+00,0.000000000000000000e+00,0.000000000000000000e+00,0.000000000000000000e+00,0.000000000000000000e+00,0.000000000000000000e+00,0.000000000000000000e+00,0.000000000000000000e+00,0.000000000000000000e+00,0.000000000000000000e+00,0.000000000000000000e+00,0.000000000000000000e+00,0.000000000000000000e+00,0.000000000000000000e+00,0.000000000000000000e+00,0.000000000000000000e+00,0.000000000000000000e+00,0.000000000000000000e+00,0.000000000000000000e+00,0.000000000000000000e+00,0.000000000000000000e+00,0.000000000000000000e+00,0.000000000000000000e+00,0.000000000000000000e+00,0.000000000000000000e+00,0.000000000000000000e+00,0.000000000000000000e+00,0.000000000000000000e+00,0.000000000000000000e+00,0.000000000000000000e+00,0.000000000000000000e+00,0.000000000000000000e+00,0.000000000000000000e+00,0.000000000000000000e+00,0.000000000000000000e+00,0.000000000000000000e+00,0.000000000000000000e+00,0.000000000000000000e+00,0.000000000000000000e+00,0.000000000000000000e+00,0.000000000000000000e+00,0.000000000000000000e+00,0.000000000000000000e+00,0.000000000000000000e+00,0.000000000000000000e+00,0.000000000000000000e+00,0.000000000000000000e+00,0.000000000000000000e+00
8.233543194892529220e-20,9.047057490649208313e-07,1.809411498129759289e-06,2.714117247194597322e-06,3.618822996259436415e-06,4.523528745324275084e-06,5.428234494389112483e-06,6.332940243453950728e-06,7.237645992518790668e-06,8.142351741583629760e-06,9.047057490648467159e-06,9.951763239713301169e-06,7.586417093456599857e-06,5.221070947199897697e-06,2.855724800943192997e-06,4.903786546864889319e-07,-1.874967491570215345e-06,-4.240313637826918563e-06,-6.605659784083622417e-06,-8.971005930340327964e-06,-1.133635207659703266e-05,-1.370169822285373567e-05,-1.606704436911042682e-05,-1.501340438748935215e-05,-1.395976440586828087e-05,-1.290612442424720282e-05,-1.185248444262612646e-05,-1.079884446100505179e-05,-9.745204479383975428e-06,-8.691564497762900761e-06,-7.637924516141824399e-06,-6.584284534520749732e-06,-5.530644552899671677e-06,-4.477004571278602092e-06,-4.070004155707819622e-06,-3.663003740137037151e-06,-3.256003324566254681e-06,-2.849002908995473057e-06,-2.442002493424690164e-06,-2.035002077853908540e-06,-1.628001662283126070e-06,-1.221001246712343599e-06,-8.140008311415617644e-07,-4.070004155707793469e-07,0.000000000000000000e+00,0.000000000000000000e+00,0.000000000000000000e+00,0.000000000000000000e+00,0.000000000000000000e+00,0.000000000000000000e+00,0.000000000000000000e+00,0.000000000000000000e+00,0.000000000000000000e+00,0.000000000000000000e+00,0.000000000000000000e+00,0.000000000000000000e+00,0.000000000000000000e+00,0.000000000000000000e+00,0.000000000000000000e+00,0.000000000000000000e+00,0.000000000000000000e+00,0.000000000000000000e+00,0.000000000000000000e+00,0.000000000000000000e+00,0.000000000000000000e+00,0.000000000000000000e+00,0.000000000000000000e+00,0.000000000000000000e+00,0.000000000000000000e+00,0.000000000000000000e+00,0.000000000000000000e+00,0.000000000000000000e+00,0.000000000000000000e+00,0.000000000000000000e+00,0.000000000000000000e+00,0.000000000000000000e+00,0.000000000000000000e+00,0.000000000000000000e+00,0.000000000000000000e+00,0.000000000000000000e+00,0.000000000000000000e+00,0.000000000000000000e+00,0.000000000000000000e+00,0.000000000000000000e+00,0.000000000000000000e+00,0.000000000000000000e+00,0.000000000000000000e+00,0.000000000000000000e+00,0.000000000000000000e+00,0.000000000000000000e+00,0.000000000000000000e+00,0.000000000000000000e+00,0.000000000000000000e+00,0.000000000000000000e+00,0.000000000000000000e+00,0.000000000000000000e+00,0.000000000000000000e+00,0.000000000000000000e+00,0.000000000000000000e+00,0.000000000000000000e+00
8.233543194892529220e-20,8.306571782758903125e-07,1.661314356551698039e-06,2.491971534827505766e-06,3.322628713103313917e-06,4.153285891379122067e-06,4.983943069654929370e-06,5.814600247930737521e-06,6.645257426206546518e-06,7.475914604482354668e-06,8.306571782758162819e-06,9.137228961033965887e-06,6.864181993081319897e-06,4.591135025128668826e-06,2.318088057176019448e-06,4.504108922336880002e-08,-2.228005878729281001e-06,-4.501052846681931226e-06,-6.774099814634583144e-06,-9.047146782587232522e-06,-1.132019375053988190e-05,-1.359324071849253128e-05,-1.586628768644516880e-05,-1.478002326039277007e-05,-1.369375883434037472e-05,-1.260749440828797091e-05,-1.152122998223557049e-05,-1.043496555618317006e-05,-9.348701130130767942e-06,-8.262436704078367518e-06,-7.176172278025967093e-06,-6.089907851973566668e-06,-5.003643425921164550e-06,-3.917378999868770054e-06,-3.561253636244336451e-06,-3.205128272619902425e-06,-2.849002908995468399e-06,-2.492877545371034796e-06,-2.136752181746600346e-06,-1.780626818122166743e-06,-1.424501454497732929e-06,-1.068376090873298903e-06,-7.122507272488654056e-07,-3.561253636244313793e-07,0.000000000000000000e+00,0.000000000000000000e+00,0.000000000000000000e+00,0.000000000000000000e+00,0.000000000000000000e+00,0.000000000000000000e+00,0.000000000000000000e+00,0.000000000000000000e+00,0.000000000000000000e+00,0.000000000000000000e+00,0.000000000000000000e+00,0.000000000000000000e+00,0.000000000000000000e+00,0.000000000000000000e+00,0.000000000000000000e+00,0.000000000000000000e+00,0.000000000000000000e+00,0.000000000000000000e+00,0.000000000000000000e+00,0.000000000000000000e+00,0.000000000000000000e+00,0.000000000000000000e+00,0.000000000000000000e+00,0.000000000000000000e+00,0.000000000000000000e+00,0.000000000000000000e+00,0.000000000000000000e+00,0.000000000000000000e+00,0.000000000000000000e+00,0.000000000000000000e+00,0.000000000000000000e+00,0.000000000000000000e+00,0.000000000000000000e+00,0.000000000000000000e+00,0.000000000000000000e+00,0.000000000000000000e+00,0.000000000000000000e+00,0.000000000000000000e+00,0.000000000000000000e+00,0.000000000000000000e+00,0.000000000000000000e+00,0.000000000000000000e+00,0.000000000000000000e+00,0.000000000000000000e+00,0.000000000000000000e+00,0.000000000000000000e+00,0.000000000000000000e+00,0.000000000000000000e+00,0.000000000000000000e+00,0.000000000000000000e+00,0.000000000000000000e+00,0.000000000000000000e+00,0.000000000000000000e+00,0.000000000000000000e+00,0.000000000000000000e+00,0.000000000000000000e+00
8.233543194892529220e-20,7.566086074868610644e-07,1.513217214973639755e-06,2.269825822460418022e-06,3.026434429947197347e-06,3.783043037433975826e-06,4.539651644920753034e-06,5.296260252407532783e-06,6.052868859894312533e-06,6.809477467381091435e-06,7.566086074867870337e-06,8.322694682354642463e-06,6.141946892706049255e-06,3.961199103057451812e-06,1.780451313408853734e-06,-4.002964762397451908e-07,-2.581044265888342210e-06,-4.761792055536940500e-06,-6.942539845185538790e-06,-9.123287634834137080e-06,-1.130403542448273283e-05,-1.348478321413133197e-05,-1.566553100377991755e-05,-1.454664213329619306e-05,-1.342775326281247196e-05,-1.230886439232874578e-05,-1.118997552184501960e-05,-1.007108665136129680e-05,-8.952197780877567233e-06,-7.833308910393844439e-06,-6.714420039910119104e-06,-5.595531169426393769e-06,-4.476642298942665893e-06,-3.357753428458947334e-06,-3.052503116780861328e-06,-2.747252805102774899e-06,-2.442002493424688470e-06,-2.136752181746602040e-06,-1.831501870068515399e-06,-1.526251558390429393e-06,-1.221001246712342964e-06,-9.157509350342565349e-07,-6.105006233561705292e-07,-3.052503116780841529e-07,0.000000000000000000e+00,0.000000000000000000e+00,0.000000000000000000e+00,0.000000000000000000e+00,0.000000000000000000e+00,0.000000000000000000e+00,0.000000000000000000e+00,0.000000000000000000e+00,0.000000000000000000e+00,0.000000000000000000e+00,0.000000000000000000e+00,0.000000000000000000e+00,0.000000000000000000e+00,0.000000000000000000e+00,0.000000000000000000e+00,0.000000000000000000e+00,0.000000000000000000e+00,0.000000000000000000e+00,0.000000000000000000e+00,0.000000000000000000e+00,0.000000000000000000e+00,0.000000000000000000e+00,0.000000000000000000e+00,0.000000000000000000e+00,0.000000000000000000e+00,0.000000000000000000e+00,0.000000000000000000e+00,0.000000000000000000e+00,0.000000000000000000e+00,0.000000000000000000e+00,0.000000000000000000e+00,0.000000000000000000e+00,0.000000000000000000e+00,0.000000000000000000e+00,0.000000000000000000e+00,0.000000000000000000e+00,0.000000000000000000e+00,0.000000000000000000e+00,0.000000000000000000e+00,0.000000000000000000e+00,0.000000000000000000e+00,0.000000000000000000e+00,0.000000000000000000e+00,0.000000000000000000e+00,0.000000000000000000e+00,0.000000000000000000e+00,0.000000000000000000e+00,0.000000000000000000e+00,0.000000000000000000e+00,0.000000000000000000e+00,0.000000000000000000e+00,0.000000000000000000e+00,0.000000000000000000e+00,0.000000000000000000e+00,0.000000000000000000e+00,0.000000000000000000e+00
8.233543194892529220e-20,6.825600366978316045e-07,1.365120073395580835e-06,2.047680110093329854e-06,2.730240146791079508e-06,3.412800183488828738e-06,4.095360220186577545e-06,4.777920256884327199e-06,5.460480293582076853e-06,6.143040330279826507e-06,6.825600366977575314e-06,7.508160403675321580e-06,5.419711792330778613e-06,3.331263180986233105e-06,1.242814569641687173e-06,-8.456340417028587582e-07,-2.934082653047403843e-06,-5.022531264391949774e-06,-7.110979875736494435e-06,-9.199428487081039944e-06,-1.128787709842558545e-05,-1.337632570977013096e-05,-1.546477432111466630e-05,-1.431326100619961606e-05,-1.316174769128456920e-05,-1.201023437636951895e-05,-1.085872106145446871e-05,-9.707207746539418464e-06,-8.555694431624368218e-06,-7.404181116709317973e-06,-6.252667801794267727e-06,-5.101154486879218328e-06,-3.949641171964167236e-06,-2.798127857049123766e-06,-2.543752597317385358e-06,-2.289377337585646525e-06,-2.035002077853907693e-06,-1.780626818122169284e-06,-1.526251558390430029e-06,-1.271876298658691620e-06,-1.017501038926952788e-06,-7.631257791952140615e-07,-5.087505194634756528e-07,-2.543752597317368735e-07,0.000000000000000000e+00,0.000000000000000000e+00,0.000000000000000000e+00,0.000000000000000000e+00,0.000000000000000000e+00,0.000000000000000000e+00,0.000000000000000000e+00,0.000000000000000000e+00,0.000000000000000000e+00,0.000000000000000000e+00,0.000000000000000000e+00,0.000000000000000000e+00,0.000000000000000000e+00,0.000000000000000000e+00,0.000000000000000000e+00,0.000000000000000000e+00,0.000000000000000000e+00,0.000000000000000000e+00,0.000000000000000000e+00,0.000000000000000000e+00,0.000000000000000000e+00,0.000000000000000000e+00,0.000000000000000000e+00,0.000000000000000000e+00,0.000000000000000000e+00,0.000000000000000000e+00,0.000000000000000000e+00,0.000000000000000000e+00,0.000000000000000000e+00,0.000000000000000000e+00,0.000000000000000000e+00,0.000000000000000000e+00,0.000000000000000000e+00,0.000000000000000000e+00,0.000000000000000000e+00,0.000000000000000000e+00,0.000000000000000000e+00,0.000000000000000000e+00,0.000000000000000000e+00,0.000000000000000000e+00,0.000000000000000000e+00,0.000000000000000000e+00,0.000000000000000000e+00,0.000000000000000000e+00,0.000000000000000000e+00,0.000000000000000000e+00,0.000000000000000000e+00,0.000000000000000000e+00,0.000000000000000000e+00,0.000000000000000000e+00,0.000000000000000000e+00,0.000000000000000000e+00,0.000000000000000000e+00,0.000000000000000000e+00,0.000000000000000000e+00,0.000000000000000000e+00
8.233543194892529220e-20,6.085114659088023563e-07,1.217022931817522127e-06,1.825534397726242109e-06,2.434045863634962092e-06,3.042557329543682497e-06,3.651068795452401209e-06,4.259580261361121615e-06,4.868091727269842021e-06,5.476603193178562427e-06,6.085114659087282833e-06,6.693626124995998156e-06,4.697476691955507124e-06,2.701327258915015245e-06,7.051778258745220949e-07,-1.290971607165971478e-06,-3.287121040206465052e-06,-5.283270473246958202e-06,-7.279419906287450928e-06,-9.275569339327944501e-06,-1.127171877236843807e-05,-1.326786820540893165e-05,-1.526401763844941167e-05,-1.407987987910303905e-05,-1.289574211975666813e-05,-1.171160436041029382e-05,-1.052746660106391782e-05,-9.343328841717543512e-06,-8.159191082371167509e-06,-6.975053323024792353e-06,-5.790915563678418891e-06,-4.606777804332044582e-06,-3.422640044985667732e-06,-2.238502285639301046e-06,-2.035002077853909811e-06,-1.831501870068518576e-06,-1.628001662283127340e-06,-1.424501454497736529e-06,-1.221001246712345082e-06,-1.017501038926954270e-06,-8.140008311415630349e-07,-6.105006233561717997e-07,-4.070004155707808822e-07,-2.035002077853896735e-07,0.000000000000000000e+00,0.000000000000000000e+00,0.000000000000000000e+00,0.000000000000000000e+00,0.000000000000000000e+00,0.000000000000000000e+00,0.000000000000000000e+00,0.000000000000000000e+00,0.000000000000000000e+00,0.000000000000000000e+00,0.000000000000000000e+00,0.000000000000000000e+00,0.000000000000000000e+00,0.000000000000000000e+00,0.000000000000000000e+00,0.000000000000000000e+00,0.000000000000000000e+00,0.000000000000000000e+00,0.000000000000000000e+00,0.000000000000000000e+00,0.000000000000000000e+00,0.000000000000000000e+00,0.000000000000000000e+00,0.000000000000000000e+00,0.000000000000000000e+00,0.000000000000000000e+00,0.000000000000000000e+00,0.000000000000000000e+00,0.000000000000000000e+00,0.000000000000000000e+00,0.000000000000000000e+00,0.000000000000000000e+00,0.000000000000000000e+00,0.000000000000000000e+00,0.000000000000000000e+00,0.000000000000000000e+00,0.000000000000000000e+00,0.000000000000000000e+00,0.000000000000000000e+00,0.000000000000000000e+00,0.000000000000000000e+00,0.000000000000000000e+00,0.000000000000000000e+00,0.000000000000000000e+00,0.000000000000000000e+00,0.000000000000000000e+00,0.000000000000000000e+00,0.000000000000000000e+00,0.000000000000000000e+00,0.000000000000000000e+00,0.000000000000000000e+00,0.000000000000000000e+00,0.000000000000000000e+00,0.000000000000000000e+00,0.000000000000000000e+00,0.000000000000000000e+00
8.233543194892529220e-20,5.344628951197719435e-07,1.068925790239461513e-06,1.603388685359150977e-06,2.137851580478840864e-06,2.672314475598530327e-06,3.206777370718219368e-06,3.741240265837909255e-06,4.275703160957598718e-06,4.810166056077288182e-06,5.344628951196978493e-06,5.879091846316663721e-06,3.975241591580228859e-06,2.071391336843788067e-06,1.675410821073481226e-07,-1.736309172629091399e-06,-3.640159427365530920e-06,-5.544009682101970864e-06,-7.447859936838410809e-06,-9.351710191574849059e-06,-1.125556044631129070e-05,-1.315941070104772895e-05,-1.506326095578415703e-05,-1.384649875200645866e-05,-1.262973654822876198e-05,-1.141297434445106192e-05,-1.019621214067336185e-05,-8.979449936895663478e-06,-7.762687733117960024e-06,-6.545925529340261651e-06,-5.329163325562562432e-06,-4.112401121784863212e-06,-2.895638918007161451e-06,-1.678876714229469855e-06,-1.526251558390427276e-06,-1.373626402551384273e-06,-1.221001246712341482e-06,-1.068376090873298691e-06,-9.157509350342556879e-07,-7.631257791952130027e-07,-6.105006233561701057e-07,-4.578754675171272616e-07,-3.052503116780845764e-07,-1.526251558390417323e-07,0.000000000000000000e+00,0.000000000000000000e+00,0.000000000000000000e+00,0.000000000000000000e+00,0.000000000000000000e+00,0.000000000000000000e+00,0.000000000000000000e+00,0.000000000000000000e+00,0.000000000000000000e+00,0.000000000000000000e+00,0.000000000000000000e+00,0.000000000000000000e+00,0.000000000000000000e+00,0.000000000000000000e+00,0.000000000000000000e+00,0.000000000000000000e+00,0.000000000000000000e+00,0.000000000000000000e+00,0.000000000000000000e+00,0.000000000000000000e+00,0.000000000000000000e+00,0.000000000000000000e+00,0.000000000000000000e+00,0.000000000000000000e+00,0.000000000000000000e+00,0.000000000000000000e+00,0.000000000000000000e+00,0.000000000000000000e+00,0.000000000000000000e+00,0.000000000000000000e+00,0.000000000000000000e+00,0.000000000000000000e+00,0.000000000000000000e+00,0.000000000000000000e+00,0.000000000000000000e+00,0.000000000000000000e+00,0.000000000000000000e+00,0.000000000000000000e+00,0.000000000000000000e+00,0.000000000000000000e+00,0.000000000000000000e+00,0.000000000000000000e+00,0.000000000000000000e+00,0.000000000000000000e+00,0.000000000000000000e+00,0.000000000000000000e+00,0.000000000000000000e+00,0.000000000000000000e+00,0.000000000000000000e+00,0.000000000000000000e+00,0.000000000000000000e+00,0.000000000000000000e+00,0.000000000000000000e+00,0.000000000000000000e+00,0.000000000000000000e+00,0.000000000000000000e+00
8.233543194892529220e-20,4.604143243307424836e-07,9.208286486614025932e-07,1.381242972992062809e-06,1.841657297322723024e-06,2.302071621653383240e-06,2.762485945984043032e-06,3.222900270314703671e-06,3.683314594645363886e-06,4.143728918976024102e-06,4.604143243306685164e-06,5.064557567637341144e-06,3.253006491204956946e-06,1.441455414772568936e-06,-3.700956616598178030e-07,-2.181646738092204966e-06,-3.993197814524592129e-06,-5.804748890956979292e-06,-7.616299967389367301e-06,-9.427851043821753617e-06,-1.123940212025413993e-05,-1.305095319668652794e-05,-1.486250427311890579e-05,-1.361311762490988166e-05,-1.236373097670086092e-05,-1.111434432849183509e-05,-9.864957680282810962e-06,-8.615571032073786833e-06,-7.366184383864761008e-06,-6.116797735655736879e-06,-4.867411087446712749e-06,-3.618024439237688195e-06,-2.368637791028661947e-06,-1.119251142819646288e-06,-1.017501038926951306e-06,-9.157509350342560055e-07,-8.140008311415608115e-07,-7.122507272488657233e-07,-6.105006233561703174e-07,-5.087505194634752292e-07,-4.070004155707799822e-07,-3.052503116780847881e-07,-2.035002077853896735e-07,-1.017501038926944794e-07,0.000000000000000000e+00,0.000000000000000000e+00,0.000000000000000000e+00,0.000000000000000000e+00,0.000000000000000000e+00,0.000000000000000000e+00,0.000000000000000000e+00,0.000000000000000000e+00,0.000000000000000000e+00,0.000000000000000000e+00,0.000000000000000000e+00,0.000000000000000000e+00,0.000000000000000000e+00,0.000000000000000000e+00,0.000000000000000000e+00,0.000000000000000000e+00,0.000000000000000000e+00,0.000000000000000000e+00,0.000000000000000000e+00,0.000000000000000000e+00,0.000000000000000000e+00,0.000000000000000000e+00,0.000000000000000000e+00,0.000000000000000000e+00,0.000000000000000000e+00,0.000000000000000000e+00,0.000000000000000000e+00,0.000000000000000000e+00,0.000000000000000000e+00,0.000000000000000000e+00,0.000000000000000000e+00,0.000000000000000000e+00,0.000000000000000000e+00,0.000000000000000000e+00,0.000000000000000000e+00,0.000000000000000000e+00,0.000000000000000000e+00,0.000000000000000000e+00,0.000000000000000000e+00,0.000000000000000000e+00,0.000000000000000000e+00,0.000000000000000000e+00,0.000000000000000000e+00,0.000000000000000000e+00,0.000000000000000000e+00,0.000000000000000000e+00,0.000000000000000000e+00,0.000000000000000000e+00,0.000000000000000000e+00,0.000000000000000000e+00,0.000000000000000000e+00,0.000000000000000000e+00,0.000000000000000000e+00,0.000000000000000000e+00,0.000000000000000000e+00,0.000000000000000000e+00
8.233543194892529220e-20,3.863657535417132354e-07,7.727315070833440968e-07,1.159097260624974852e-06,1.545463014166606031e-06,1.931828767708236999e-06,2.318194521249867119e-06,2.704560274791498510e-06,3.090926028333129477e-06,3.477291781874760021e-06,3.863657535416390988e-06,4.250023288958019415e-06,2.530771390829686728e-06,8.115194927013514995e-07,-9.077324054269837286e-07,-2.626984303555318957e-06,-4.346236201683653338e-06,-6.065488099811988566e-06,-7.784739997940323794e-06,-9.503991896068658175e-06,-1.122324379419699425e-05,-1.294249569232532863e-05,-1.466174759045365115e-05,-1.337973649781330465e-05,-1.209772540517295985e-05,-1.081571431253260827e-05,-9.533703219892260074e-06,-8.251692127251911881e-06,-6.969681034611561146e-06,-5.687669941971212106e-06,-4.405658849330863065e-06,-3.123647756690514025e-06,-1.841636664050163502e-06,-5.596255714098235674e-07,-5.087505194634758645e-07,-4.578754675171282675e-07,-4.070004155707806704e-07,-3.561253636244330734e-07,-3.052503116780853705e-07,-2.543752597317377734e-07,-2.035002077853900970e-07,-1.526251558390424735e-07,-1.017501038926949029e-07,-5.087505194634727278e-08,0.000000000000000000e+00,0.000000000000000000e+00,0.000000000000000000e+00,0.000000000000000000e+00,0.000000000000000000e+00,0.000000000000000000e+00,0.000000000000000000e+00,0.000000000000000000e+00,0.000000000000000000e+00,0.000000000000000000e+00,0.000000000000000000e+00,0.000000000000000000e+00,0.000000000000000000e+00,0.000000000000000000e+00,0.000000000000000000e+00,0.000000000000000000e+00,0.000000000000000000e+00,0.000000000000000000e+00,0.000000000000000000e+00,0.000000000000000000e+00,0.000000000000000000e+00,0.000000000000000000e+00,0.000000000000000000e+00,0.000000000000000000e+00,0.000000000000000000e+00,0.000000000000000000e+00,0.000000000000000000e+00,0.000000000000000000e+00,0.000000000000000000e+00,0.000000000000000000e+00,0.000000000000000000e+00,0.000000000000000000e+00,0.000000000000000000e+00,0.000000000000000000e+00,0.000000000000000000e+00,0.000000000000000000e+00,0.000000000000000000e+00,0.000000000000000000e+00,0.000000000000000000e+00,0.000000000000000000e+00,0.000000000000000000e+00,0.000000000000000000e+00,0.000000000000000000e+00,0.000000000000000000e+00,0.000000000000000000e+00,0.000000000000000000e+00,0.000000000000000000e+00,0.000000000000000000e+00,0.000000000000000000e+00,0.000000000000000000e+00,0.000000000000000000e+00,0.000000000000000000e+00,0.000000000000000000e+00,0.000000000000000000e+00,0.000000000000000000e+00,0.000000000000000000e+00
8.233543194892529220e-20,3.123171827526838284e-07,6.246343655052852829e-07,9.369515482578866844e-07,1.249268731010488192e-06,1.561585913763089911e-06,1.873903096515690995e-06,2.186220279268292926e-06,2.498537462020894221e-06,2.810854644773495517e-06,3.123171827526097660e-06,3.435489010278695991e-06,1.808536290454416086e-06,1.815835706301332157e-07,-1.445369149194149654e-06,-3.072321869018431677e-06,-4.699274588842714547e-06,-6.326227308666997840e-06,-7.953180028491280287e-06,-9.580132748315562733e-06,-1.120708546813984518e-05,-1.283403818796412763e-05,-1.446099090778839991e-05,-1.314635537071672596e-05,-1.183171983364505709e-05,-1.051708429657338314e-05,-9.202448759501709186e-06,-7.887813222430035235e-06,-6.573177685358360437e-06,-5.258542148286686486e-06,-3.943906611215012535e-06,-2.629271074143339008e-06,-1.314635537071663998e-06,0.000000000000000000e+00,0.000000000000000000e+00,0.000000000000000000e+00,0.000000000000000000e+00,0.000000000000000000e+00,0.000000000000000000e+00,0.000000000000000000e+00,0.000000000000000000e+00,0.000000000000000000e+00,0.000000000000000000e+00,0.000000000000000000e+00,0.000000000000000000e+00,0.000000000000000000e+00,0.000000000000000000e+00,0.000000000000000000e+00,0.000000000000000000e+00,0.000000000000000000e+00,0.000000000000000000e+00,0.000000000000000000e+00,0.000000000000000000e+00,0.000000000000000000e+00,0.000000000000000000e+00,0.000000000000000000e+00,0.000000000000000000e+00,0.000000000000000000e+00,0.000000000000000000e+00,0.000000000000000000e+00,0.000000000000000000e+00,0.000000000000000000e+00,0.000000000000000000e+00,0.000000000000000000e+00,0.000000000000000000e+00,0.000000000000000000e+00,0.000000000000000000e+00,0.000000000000000000e+00,0.000000000000000000e+00,0.000000000000000000e+00,0.000000000000000000e+00,0.000000000000000000e+00,0.000000000000000000e+00,0.000000000000000000e+00,0.000000000000000000e+00,0.000000000000000000e+00,0.000000000000000000e+00,0.000000000000000000e+00,0.000000000000000000e+00,0.000000000000000000e+00,0.000000000000000000e+00,0.000000000000000000e+00,0.000000000000000000e+00,0.000000000000000000e+00,0.000000000000000000e+00,0.000000000000000000e+00,0.000000000000000000e+00,0.000000000000000000e+00,0.000000000000000000e+00,0.000000000000000000e+00,0.000000000000000000e+00,0.000000000000000000e+00,0.000000000000000000e+00,0.000000000000000000e+00,0.000000000000000000e+00,0.000000000000000000e+00,0.000000000000000000e+00,0.000000000000000000e+00,0.000000000000000000e+00,0.000000000000000000e+00
8.233543194892529220e-20,2.839247115933554272e-07,5.678494231866284805e-07,8.517741347799015868e-07,1.135698846373174587e-06,1.419623557966448011e-06,1.703548269559720800e-06,1.987472981152994223e-06,2.271397692746267012e-06,2.555322404339540224e-06,2.839247115932813860e-06,3.123171827526084107e-06,1.644123900413103203e-06,1.650759733001199429e-07,-1.313971953812862841e-06,-2.793019880925846286e-06,-4.272067808038829096e-06,-5.751115735151811906e-06,-7.230163662264795563e-06,-8.709211589377779220e-06,-1.018825951649076203e-05,-1.166730744360374484e-05,-1.314635537071671749e-05,-1.195123215519701466e-05,-1.075610893967731693e-05,-9.560985724157614103e-06,-8.365862508637909588e-06,-7.170739293118207613e-06,-5.975616077598504791e-06,-4.780492862078802817e-06,-3.585369646559099995e-06,-2.390246431039398020e-06,-1.195123215519693716e-06,0.000000000000000000e+00,0.000000000000000000e+00,0.000000000000000000e+00,0.000000000000000000e+00,0.000000000000000000e+00,0.000000000000000000e+00,0.000000000000000000e+00,0.000000000000000000e+00,0.000000000000000000e+00,0.000000000000000000e+00,0.000000000000000000e+00,0.000000000000000000e+00,0.000000000000000000e+00,0.000000000000000000e+00,0.000000000000000000e+00,0.000000000000000000e+00,0.000000000000000000e+00,0.000000000000000000e+00,0.000000000000000000e+00,0.000000000000000000e+00,0.000000000000000000e+00,0.000000000000000000e+00,0.000000000000000000e+00,0.000000000000000000e+00,0.000000000000000000e+00,0.000000000000000000e+00,0.000000000000000000e+00,0.000000000000000000e+00,0.000000000000000000e+00,0.000000000000000000e+00,0.000000000000000000e+00,0.000000000000000000e+00,0.000000000000000000e+00,0.000000000000000000e+00,0.000000000000000000e+00,0.000000000000000000e+00,0.000000000000000000e+00,0.000000000000000000e+00,0.000000000000000000e+00,0.000000000000000000e+00,0.000000000000000000e+00,0.000000000000000000e+00,0.000000000000000000e+00,0.000000000000000000e+00,0.000000000000000000e+00,0.000000000000000000e+00,0.000000000000000000e+00,0.000000000000000000e+00,0.000000000000000000e+00,0.000000000000000000e+00,0.000000000000000000e+00,0.000000000000000000e+00,0.000000000000000000e+00,0.000000000000000000e+00,0.000000000000000000e+00,0.000000000000000000e+00,0.000000000000000000e+00,0.000000000000000000e+00,0.000000000000000000e+00,0.000000000000000000e+00,0.000000000000000000e+00,0.000000000000000000e+00,0.000000000000000000e+00,0.000000000000000000e+00,0.000000000000000000e+00,0.000000000000000000e+00,0.000000000000000000e+00
8.233543194892529220e-20,2.555322404340273966e-07,5.110644808679724193e-07,7.665967213019175479e-07,1.022128961735862465e-06,1.277661202169807805e-06,1.533193442603752722e-06,1.788725683037697850e-06,2.044257923471642767e-06,2.299790163905587896e-06,2.555322404339533448e-06,2.810854644773476035e-06,1.479711510371792438e-06,1.485683759701066701e-07,-1.182574758431578357e-06,-2.513717892833264283e-06,-3.844861027234949575e-06,-5.176004161636634443e-06,-6.507147296038320157e-06,-7.838290430440005872e-06,-9.169433564841692434e-06,-1.050057669924337730e-05,-1.183171983364505370e-05,-1.075610893967732031e-05,-9.680498045709592009e-06,-8.604887151741856928e-06,-7.529276257774123542e-06,-6.453665363806391849e-06,-5.378054469838657615e-06,-4.302443575870924229e-06,-3.226832681903192113e-06,-2.151221787935458726e-06,-1.075610893967724916e-06,0.000000000000000000e+00,0.000000000000000000e+00,0.000000000000000000e+00,0.000000000000000000e+00,0.000000000000000000e+00,0.000000000000000000e+00,0.000000000000000000e+00,0.000000000000000000e+00,0.000000000000000000e+00,0.000000000000000000e+00,0.000000000000000000e+00,0.000000000000000000e+00,0.000000000000000000e+00,0.000000000000000000e+00,0.000000000000000000e+00,0.000000000000000000e+00,0.000000000000000000e+00,0.000000000000000000e+00,0.000000000000000000e+00,0.000000000000000000e+00,0.000000000000000000e+00,0.000000000000000000e+00,0.000000000000000000e+00,0.000000000000000000e+00,0.000000000000000000e+00,0.000000000000000000e+00,0.000000000000000000e+00,0.000000000000000000e+00,0.000000000000000000e+00,0.000000000000000000e+00,0.000000000000000000e+00,0.000000000000000000e+00,0.000000000000000000e+00,0.000000000000000000e+00,0.000000000000000000e+00,0.000000000000000000e+00,0.000000000000000000e+00,0.000000000000000000e+00,0.000000000000000000e+00,0.000000000000000000e+00,0.000000000000000000e+00,0.000000000000000000e+00,0.000000000000000000e+00,0.000000000000000000e+00,0.000000000000000000e+00,0.000000000000000000e+00,0.000000000000000000e+00,0.000000000000000000e+00,0.000000000000000000e+00,0.000000000000000000e+00,0.000000000000000000e+00,0.000000000000000000e+00,0.000000000000000000e+00,0.000000000000000000e+00,0.000000000000000000e+00,0.000000000000000000e+00,0.000000000000000000e+00,0.000000000000000000e+00,0.000000000000000000e+00,0.000000000000000000e+00,0.000000000000000000e+00,0.000000000000000000e+00,0.000000000000000000e+00,0.000000000000000000e+00,0.000000000000000000e+00,0.000000000000000000e+00,0.000000000000000000e+00
8.233543194892529220e-20,2.271397692746994454e-07,4.542795385493165169e-07,6.814193078239336149e-07,9.085590770985507658e-07,1.135698846373168023e-06,1.362838615647784856e-06,1.589978384922401901e-06,1.817118154197019158e-06,2.044257923471636414e-06,2.271397692746253883e-06,2.498537462020868387e-06,1.315299120330482520e-06,1.320607786400946679e-07,-1.051177563050293661e-06,-2.234415904740681010e-06,-3.417654246431069206e-06,-4.600892588121457826e-06,-5.784130929811845599e-06,-6.967369271502232524e-06,-8.150607613192621144e-06,-9.333845954883008070e-06,-1.051708429657338991e-05,-9.560985724157627656e-06,-8.604887151741867093e-06,-7.648788579326103141e-06,-6.692690006910338343e-06,-5.736591434494575238e-06,-4.780492862078811287e-06,-3.824394289663048182e-06,-2.868295717247284231e-06,-1.912197144831521127e-06,-9.560985724157563281e-07,0.000000000000000000e+00,0.000000000000000000e+00,0.000000000000000000e+00,0.000000000000000000e+00,0.000000000000000000e+00,0.000000000000000000e+00,0.000000000000000000e+00,0.000000000000000000e+00,0.000000000000000000e+00,0.000000000000000000e+00,0.000000000000000000e+00,0.000000000000000000e+00,0.000000000000000000e+00,0.000000000000000000e+00,0.000000000000000000e+00,0.000000000000000000e+00,0.000000000000000000e+00,0.000000000000000000e+00,0.000000000000000000e+00,0.000000000000000000e+00,0.000000000000000000e+00,0.000000000000000000e+00,0.000000000000000000e+00,0.000000000000000000e+00,0.000000000000000000e+00,0.000000000000000000e+00,0.000000000000000000e+00,0.000000000000000000e+00,0.000000000000000000e+00,0.000000000000000000e+00,0.000000000000000000e+00,0.000000000000000000e+00,0.000000000000000000e+00,0.000000000000000000e+00,0.000000000000000000e+00,0.000000000000000000e+00,0.000000000000000000e+00,0.000000000000000000e+00,0.000000000000000000e+00,0.000000000000000000e+00,0.000000000000000000e+00,0.000000000000000000e+00,0.000000000000000000e+00,0.000000000000000000e+00,0.000000000000000000e+00,0.000000000000000000e+00,0.000000000000000000e+00,0.000000000000000000e+00,0.000000000000000000e+00,0.000000000000000000e+00,0.000000000000000000e+00,0.000000000000000000e+00,0.000000000000000000e+00,0.000000000000000000e+00,0.000000000000000000e+00,0.000000000000000000e+00,0.000000000000000000e+00,0.000000000000000000e+00,0.000000000000000000e+00,0.000000000000000000e+00,0.000000000000000000e+00,0.000000000000000000e+00,0.000000000000000000e+00,0.000000000000000000e+00,0.000000000000000000e+00,0.000000000000000000e+00,0.000000000000000000e+00
8.233543194892529220e-20,1.987472981153714413e-07,3.974945962306605087e-07,5.962418943459495760e-07,7.949891924612387493e-07,9.937364905765280284e-07,1.192483788691816778e-06,1.391231086807105740e-06,1.589978384922395125e-06,1.788725683037684721e-06,1.987472981152973895e-06,2.186220279268260739e-06,1.150886730289172179e-06,1.155531813100818054e-07,-9.197803676690087531e-07,-1.955113916648099431e-06,-2.990447465627190108e-06,-4.025781014606279515e-06,-5.061114563585371040e-06,-6.096448112564460870e-06,-7.131781661543551548e-06,-8.167115210522642225e-06,-9.202448759501726127e-06,-8.365862508637931610e-06,-7.529276257774140482e-06,-6.692690006910346813e-06,-5.856103756046552297e-06,-5.019517505182758627e-06,-4.182931254318964111e-06,-3.346345003455170018e-06,-2.509758752591375926e-06,-1.673172501727582468e-06,-8.365862508637877400e-07,0.000000000000000000e+00,0.000000000000000000e+00,0.000000000000000000e+00,0.000000000000000000e+00,0.000000000000000000e+00,0.000000000000000000e+00,0.000000000000000000e+00,0.000000000000000000e+00,0.000000000000000000e+00,0.000000000000000000e+00,0.000000000000000000e+00,0.000000000000000000e+00,0.000000000000000000e+00,0.000000000000000000e+00,0.000000000000000000e+00,0.000000000000000000e+00,0.000000000000000000e+00,0.000000000000000000e+00,0.000000000000000000e+00,0.000000000000000000e+00,0.000000000000000000e+00,0.000000000000000000e+00,0.000000000000000000e+00,0.000000000000000000e+00,0.000000000000000000e+00,0.000000000000000000e+00,0.000000000000000000e+00,0.000000000000000000e+00,0.000000000000000000e+00,0.000000000000000000e+00,0.000000000000000000e+00,0.000000000000000000e+00,0.000000000000000000e+00,0.000000000000000000e+00,0.000000000000000000e+00,0.000000000000000000e+00,0.000000000000000000e+00,0.000000000000000000e+00,0.000000000000000000e+00,0.000000000000000000e+00,0.000000000000000000e+00,0.000000000000000000e+00,0.000000000000000000e+00,0.000000000000000000e+00,0.000000000000000000e+00,0.000000000000000000e+00,0.000000000000000000e+00,0.000000000000000000e+00,0.000000000000000000e+00,0.000000000000000000e+00,0.000000000000000000e+00,0.000000000000000000e+00,0.000000000000000000e+00,0.000000000000000000e+00,0.000000000000000000e+00,0.000000000000000000e+00,0.000000000000000000e+00,0.000000000000000000e+00,0.000000000000000000e+00,0.000000000000000000e+00,0.000000000000000000e+00,0.000000000000000000e+00,0.000000000000000000e+00,0.000000000000000000e+00,0.000000000000000000e+00,0.000000000000000000e+00,0.000000000000000000e+00
8.233543194892529220e-20,1.703548269560430401e-07,3.407096539120037063e-07,5.110644808679644784e-07,6.814193078239251446e-07,8.517741347798860225e-07,1.022128961735846583e-06,1.192483788691807249e-06,1.362838615647767915e-06,1.533193442603728793e-06,1.703548269559689671e-06,1.873903096515648431e-06,9.864743402478595077e-07,9.904558398006853261e-08,-7.883831722877226807e-07,-1.675811928555512769e-06,-2.563240684823303810e-06,-3.450669441091095275e-06,-4.338098197358886317e-06,-5.225526953626676511e-06,-6.112955709894466705e-06,-7.000384466162257746e-06,-7.887813222430042011e-06,-7.170739293118221165e-06,-6.453665363806400319e-06,-5.736591434494576932e-06,-5.019517505182754392e-06,-4.302443575870931852e-06,-3.585369646559108465e-06,-2.868295717247286349e-06,-2.151221787935463385e-06,-1.434147858623640845e-06,-7.170739293118173520e-07,0.000000000000000000e+00,0.000000000000000000e+00,0.000000000000000000e+00,0.000000000000000000e+00,0.000000000000000000e+00,0.000000000000000000e+00,0.000000000000000000e+00,0.000000000000000000e+00,0.000000000000000000e+00,0.000000000000000000e+00,0.000000000000000000e+00,0.000000000000000000e+00,0.000000000000000000e+00,0.000000000000000000e+00,0.000000000000000000e+00,0.000000000000000000e+00,0.000000000000000000e+00,0.000000000000000000e+00,0.000000000000000000e+00,0.000000000000000000e+00,0.000000000000000000e+00,0.000000000000000000e+00,0.000000000000000000e+00,0.000000000000000000e+00,0.000000000000000000e+00,0.000000000000000000e+00,0.000000000000000000e+00,0.000000000000000000e+00,0.000000000000000000e+00,0.000000000000000000e+00,0.000000000000000000e+00,0.000000000000000000e+00,0.000000000000000000e+00,0.000000000000000000e+00,0.000000000000000000e+00,0.000000000000000000e+00,0.000000000000000000e+00,0.000000000000000000e+00,0.000000000000000000e+00,0.000000000000000000e+00,0.000000000000000000e+00,0.000000000000000000e+00,0.000000000000000000e+00,0.000000000000000000e+00,0.000000000000000000e+00,0.000000000000000000e+00,0.000000000000000000e+00,0.000000000000000000e+00,0.000000000000000000e+00,0.000000000000000000e+00,0.000000000000000000e+00,0.000000000000000000e+00,0.000000000000000000e+00,0.000000000000000000e+00,0.000000000000000000e+00,0.000000000000000000e+00,0.000000000000000000e+00,0.000000000000000000e+00,0.000000000000000000e+00,0.000000000000000000e+00,0.000000000000000000e+00,0.000000000000000000e+00,0.000000000000000000e+00,0.000000000000000000e+00,0.000000000000000000e+00,0.000000000000000000e+00,0.000000000000000000e+00
8.233543194892529220e-20,1.419623557967150625e-07,2.839247115933477510e-07,4.258870673899803866e-07,5.678494231866132339e-07,7.098117789832459225e-07,8.517741347798783992e-07,9.937364905765110878e-07,1.135698846373144094e-06,1.277661202169776677e-06,1.419623557966409471e-06,1.561585913763040783e-06,8.220619502065488486e-07,8.253798665005547159e-08,-6.569859769064374555e-07,-1.396509940462930978e-06,-2.136033904019424289e-06,-2.875557867575916965e-06,-3.615081831132410064e-06,-4.354605794688904010e-06,-5.094129758245396262e-06,-5.833653721801890208e-06,-6.573177685358378225e-06,-5.975616077598525120e-06,-5.378054469838673709e-06,-4.780492862078820604e-06,-4.182931254318967499e-06,-3.585369646559114818e-06,-2.987808038799261289e-06,-2.390246431039408185e-06,-1.792684823279555080e-06,-1.195123215519702398e-06,-5.975616077598485521e-07,0.000000000000000000e+00,0.000000000000000000e+00,0.000000000000000000e+00,0.000000000000000000e+00,0.000000000000000000e+00,0.000000000000000000e+00,0.000000000000000000e+00,0.000000000000000000e+00,0.000000000000000000e+00,0.000000000000000000e+00,0.000000000000000000e+00,0.000000000000000000e+00,0.000000000000000000e+00,0.000000000000000000e+00,0.000000000000000000e+00,0.000000000000000000e+00,0.000000000000000000e+00,0.000000000000000000e+00,0.000000000000000000e+00,0.000000000000000000e+00,0.000000000000000000e+00,0.000000000000000000e+00,0.000000000000000000e+00,0.000000000000000000e+00,0.000000000000000000e+00,0.000000000000000000e+00,0.000000000000000000e+00,0.000000000000000000e+00,0.000000000000000000e+00,0.000000000000000000e+00,0.000000000000000000e+00,0.000000000000000000e+00,0.000000000000000000e+00,0.000000000000000000e+00,0.000000000000000000e+00,0.000000000000000000e+00,0.000000000000000000e+00,0.000000000000000000e+00,0.000000000000000000e+00,0.000000000000000000e+00,0.000000000000000000e+00,0.000000000000000000e+00,0.000000000000000000e+00,0.000000000000000000e+00,0.000000000000000000e+00,0.000000000000000000e+00,0.000000000000000000e+00,0.000000000000000000e+00,0.000000000000000000e+00,0.000000000000000000e+00,0.000000000000000000e+00,0.000000000000000000e+00,0.000000000000000000e+00,0.000000000000000000e+00,0.000000000000000000e+00,0.000000000000000000e+00,0.000000000000000000e+00,0.000000000000000000e+00,0.000000000000000000e+00,0.000000000000000000e+00,0.000000000000000000e+00,0.000000000000000000e+00,0.000000000000000000e+00,0.000000000000000000e+00,0.000000000000000000e+00,0.000000000000000000e+00,0.000000000000000000e+00
8.233543194892529220e-20,1.135698846373870716e-07,2.271397692746917957e-07,3.407096539119964536e-07,4.542795385493012703e-07,5.678494231866060342e-07,6.814193078239105333e-07,7.949891924612153500e-07,9.085590770985201667e-07,1.022128961735825195e-06,1.135698846373129694e-06,1.249268731010433346e-06,6.576495601652386130e-07,6.603038932004304584e-08,-5.255887815251529713e-07,-1.117207952370348340e-06,-1.708827123215544132e-06,-2.300446294060740348e-06,-2.892065464905935928e-06,-3.483684635751131509e-06,-4.075303806596327513e-06,-4.666922977441522670e-06,-5.258542148286715285e-06,-4.780492862078831616e-06,-4.302443575870950487e-06,-3.824394289663065970e-06,-3.346345003455181877e-06,-2.868295717247298631e-06,-2.390246431039414537e-06,-1.912197144831531291e-06,-1.434147858623647621e-06,-9.560985724157641632e-07,-4.780492862078799640e-07,0.000000000000000000e+00,0.000000000000000000e+00,0.000000000000000000e+00,0.000000000000000000e+00,0.000000000000000000e+00,0.000000000000000000e+00,0.000000000000000000e+00,0.000000000000000000e+00,0.000000000000000000e+00,0.000000000000000000e+00,0.000000000000000000e+00,0.000000000000000000e+00,0.000000000000000000e+00,0.000000000000000000e+00,0.000000000000000000e+00,0.000000000000000000e+00,0.000000000000000000e+00,0.000000000000000000e+00,0.000000000000000000e+00,0.000000000000000000e+00,0.000000000000000000e+00,0.000000000000000000e+00,0.000000000000000000e+00,0.000000000000000000e+00,0.000000000000000000e+00,0.000000000000000000e+00,0.000000000000000000e+00,0.000000000000000000e+00,0.000000000000000000e+00,0.000000000000000000e+00,0.000000000000000000e+00,0.000000000000000000e+00,0.000000000000000000e+00,0.000000000000000000e+00,0.000000000000000000e+00,0.000000000000000000e+00,0.000000000000000000e+00,0.000000000000000000e+00,0.000000000000000000e+00,0.000000000000000000e+00,0.000000000000000000e+00,0.000000000000000000e+00,0.000000000000000000e+00,0.000000000000000000e+00,0.000000000000000000e+00,0.000000000000000000e+00,0.000000000000000000e+00,0.000000000000000000e+00,0.000000000000000000e+00,0.000000000000000000e+00,0.000000000000000000e+00,0.000000000000000000e+00,0.000000000000000000e+00,0.000000000000000000e+00,0.000000000000000000e+00,0.000000000000000000e+00,0.000000000000000000e+00,0.000000000000000000e+00,0.000000000000000000e+00,0.000000000000000000e+00,0.000000000000000000e+00,0.000000000000000000e+00,0.000000000000000000e+00,0.000000000000000000e+00,0.000000000000000000e+00,0.000000000000000000e+00,0.000000000000000000e+00
8.233543194892529220e-20,8.517741347805868364e-08,1.703548269560350198e-07,2.555322404340113030e-07,3.407096539119877186e-07,4.258870673899640283e-07,5.110644808679402321e-07,5.962418943459166476e-07,6.814193078238930632e-07,7.665967213018693729e-07,8.517741347798457885e-07,9.369515482578212511e-07,4.932371701239260481e-07,4.952279199002976644e-08,-3.941915861438663696e-07,-8.379059642777625256e-07,-1.281620342411658681e-06,-1.725334720545554837e-06,-2.169049098679451629e-06,-2.612763476813347149e-06,-3.056477854947243093e-06,-3.500192233081139461e-06,-3.943906611215032017e-06,-3.585369646559120747e-06,-3.226832681903209054e-06,-2.868295717247296513e-06,-2.509758752591384396e-06,-2.151221787935472279e-06,-1.792684823279559315e-06,-1.434147858623646986e-06,-1.075610893967734869e-06,-7.170739293118224342e-07,-3.585369646559096818e-07,0.000000000000000000e+00,0.000000000000000000e+00,0.000000000000000000e+00,0.000000000000000000e+00,0.000000000000000000e+00,0.000000000000000000e+00,0.000000000000000000e+00,0.000000000000000000e+00,0.000000000000000000e+00,0.000000000000000000e+00,0.000000000000000000e+00,0.000000000000000000e+00,0.000000000000000000e+00,0.000000000000000000e+00,0.000000000000000000e+00,0.000000000000000000e+00,0.000000000000000000e+00,0.000000000000000000e+00,0.000000000000000000e+00,0.000000000000000000e+00,0.000000000000000000e+00,0.000000000000000000e+00,0.000000000000000000e+00,0.000000000000000000e+00,0.000000000000000000e+00,0.000000000000000000e+00,0.000000000000000000e+00,0.000000000000000000e+00,0.000000000000000000e+00,0.000000000000000000e+00,0.000000000000000000e+00,0.000000000000000000e+00,0.000000000000000000e+00,0.000000000000000000e+00,0.000000000000000000e+00,0.000000000000000000e+00,0.000000000000000000e+00,0.000000000000000000e+00,0.000000000000000000e+00,0.000000000000000000e+00,0.000000000000000000e+00,0.000000000000000000e+00,0.000000000000000000e+00,0.000000000000000000e+00,0.000000000000000000e+00,0.000000000000000000e+00,0.000000000000000000e+00,0.000000000000000000e+00,0.000000000000000000e+00,0.000000000000000000e+00,0.000000000000000000e+00,0.000000000000000000e+00,0.000000000000000000e+00,0.000000000000000000e+00,0.000000000000000000e+00,0.000000000000000000e+00,0.000000000000000000e+00,0.000000000000000000e+00,0.000000000000000000e+00,0.000000000000000000e+00,0.000000000000000000e+00,0.000000000000000000e+00,0.000000000000000000e+00,0.000000000000000000e+00,0.000000000000000000e+00,0.000000000000000000e+00,0.000000000000000000e+00
8.233543194892529220e-20,5.678494231873066627e-08,1.135698846373789983e-07,1.703548269560273171e-07,2.271397692746756491e-07,2.839247115933240341e-07,3.407096539119723132e-07,3.974945962306206981e-07,4.542795385492689772e-07,5.110644808679173622e-07,5.678494231865658001e-07,6.246343655052134968e-07,3.288247800826154949e-07,3.301519466001691718e-08,-2.627943907625816737e-07,-5.586039761851802051e-07,-8.544135616077786306e-07,-1.150223147030377374e-06,-1.446032732452975799e-06,-1.741842317875574436e-06,-2.037651903298172650e-06,-2.333461488720771499e-06,-2.629271074143368231e-06,-2.390246431039425549e-06,-2.151221787935483290e-06,-1.912197144831540185e-06,-1.673172501727597926e-06,-1.434147858623655033e-06,-1.195123215519712139e-06,-9.560985724157692454e-07,-7.170739293118266693e-07,-4.780492862078838815e-07,-2.390246431039409349e-07,0.000000000000000000e+00,0.000000000000000000e+00,0.000000000000000000e+00,0.000000000000000000e+00,0.000000000000000000e+00,0.000000000000000000e+00,0.000000000000000000e+00,0.000000000000000000e+00,0.000000000000000000e+00,0.000000000000000000e+00,0.000000000000000000e+00,0.000000000000000000e+00,0.000000000000000000e+00,0.000000000000000000e+00,0.000000000000000000e+00,0.000000000000000000e+00,0.000000000000000000e+00,0.000000000000000000e+00,0.000000000000000000e+00,0.000000000000000000e+00,0.000000000000000000e+00,0.000000000000000000e+00,0.000000000000000000e+00,0.000000000000000000e+00,0.000000000000000000e+00,0.000000000000000000e+00,0.000000000000000000e+00,0.000000000000000000e+00,0.000000000000000000e+00,0.000000000000000000e+00,0.000000000000000000e+00,0.000000000000000000e+00,0.000000000000000000e+00,0.000000000000000000e+00,0.000000000000000000e+00,0.000000000000000000e+00,0.000000000000000000e+00,0.000000000000000000e+00,0.000000000000000000e+00,0.000000000000000000e+00,0.000000000000000000e+00,0.000000000000000000e+00,0.000000000000000000e+00,0.000000000000000000e+00,0.000000000000000000e+00,0.000000000000000000e+00,0.000000000000000000e+00,0.000000000000000000e+00,0.000000000000000000e+00,0.000000000000000000e+00,0.000000000000000000e+00,0.000000000000000000e+00,0.000000000000000000e+00,0.000000000000000000e+00,0.000000000000000000e+00,0.000000000000000000e+00,0.000000000000000000e+00,0.000000000000000000e+00,0.000000000000000000e+00,0.000000000000000000e+00,0.000000000000000000e+00,0.000000000000000000e+00,0.000000000000000000e+00,0.000000000000000000e+00,0.000000000000000000e+00,0.000000000000000000e+00,0.000000000000000000e+00
8.233543194892529220e-20,2.839247115940269523e-08,5.678494231872305621e-08,8.517741347804339734e-08,1.135698846373637782e-07,1.419623557966841722e-07,1.703548269560044737e-07,1.987472981153248545e-07,2.271397692746452089e-07,2.555322404339656162e-07,2.839247115932859705e-07,3.123171827526060602e-07,1.644123900413052063e-07,1.650759733000412085e-08,-1.313971953812970043e-07,-2.793019880925981494e-07,-4.272067808038991621e-07,-5.751115735152003336e-07,-7.230163662265014521e-07,-8.709211589378025707e-07,-1.018825951649103689e-06,-1.166730744360404808e-06,-1.314635537071704868e-06,-1.195123215519731833e-06,-1.075610893967758798e-06,-9.560985724157853390e-07,-8.365862508638120922e-07,-7.170739293118389513e-07,-5.975616077598655987e-07,-4.780492862078922460e-07,-3.585369646559189992e-07,-2.390246431039457524e-07,-1.195123215519723733e-07,0.000000000000000000e+00,0.000000000000000000e+00,0.000000000000000000e+00,0.000000000000000000e+00,0.000000000000000000e+00,0.000000000000000000e+00,0.000000000000000000e+00,0.000000000000000000e+00,0.000000000000000000e+00,0.000000000000000000e+00,0.000000000000000000e+00,0.000000000000000000e+00,0.000000000000000000e+00,0.000000000000000000e+00,0.000000000000000000e+00,0.000000000000000000e+00,0.000000000000000000e+00,0.000000000000000000e+00,0.000000000000000000e+00,0.000000000000000000e+00,0.000000000000000000e+00,0.000000000000000000e+00,0.000000000000000000e+00,0.000000000000000000e+00,0.000000000000000000e+00,0.000000000000000000e+00,0.000000000000000000e+00,0.000000000000000000e+00,0.000000000000000000e+00,0.000000000000000000e+00,0.000000000000000000e+00,0.000000000000000000e+00,0.000000000000000000e+00,0.000000000000000000e+00,0.000000000000000000e+00,0.000000000000000000e+00,0.000000000000000000e+00,0.000000000000000000e+00,0.000000000000000000e+00,0.000000000000000000e+00,0.000000000000000000e+00,0.000000000000000000e+00,0.000000000000000000e+00,0.000000000000000000e+00,0.000000000000000000e+00,0.000000000000000000e+00,0.000000000000000000e+00,0.000000000000000000e+00,0.000000000000000000e+00,0.000000000000000000e+00,0.000000000000000000e+00,0.000000000000000000e+00,0.000000000000000000e+00,0.000000000000000000e+00,0.000000000000000000e+00,0.000000000000000000e+00,0.000000000000000000e+00,0.000000000000000000e+00,0.000000000000000000e+00,0.000000000000000000e+00,0.000000000000000000e+00,0.000000000000000000e+00,0.000000000000000000e+00,0.000000000000000000e+00,0.000000000000000000e+00,0.000000000000000000e+00,0.000000000000000000e+00
8.233543194892529220e-20,7.469014754528582859e-20,6.704486314164636498e-20,5.939957873800691341e-20,5.175429433436744378e-20,4.410900993072797415e-20,3.646372552708852257e-20,2.881844112344905896e-20,2.117315671980959234e-20,1.352787231617012873e-20,5.882587912530665120e-21,-1.762696491108795858e-21,-5.253681935905777140e-21,-8.744667380702763313e-21,-1.223565282549975024e-20,-1.572663827029673716e-20,-1.921762371509372409e-20,-2.270860915989071101e-20,-2.619959460468769794e-20,-2.969058004948468486e-20,-3.318156549428166878e-20,-3.667255093907865871e-20,-4.016353638387561855e-20,-3.651230580352328467e-20,-3.286107522317096884e-20,-2.920984464281863496e-20,-2.555861406246630107e-20,-2.190738348211397020e-20,-1.825615290176163331e-20,-1.460492232140930243e-20,-1.095369174105697156e-20,-7.302461160704640684e-21,-3.651230580352304543e-21,0.000000000000000000e+00,0.000000000000000000e+00,0.000000000000000000e+00,0.000000000000000000e+00,0.000000000000000000e+00,0.000000000000000000e+00,0.000000000000000000e+00,0.000000000000000000e+00,0.000000000000000000e+00,0.000000000000000000e+00,0.000000000000000000e+00,0.000000000000000000e+00,0.000000000000000000e+00,0.000000000000000000e+00,0.000000000000000000e+00,0.000000000000000000e+00,0.000000000000000000e+00,0.000000000000000000e+00,0.000000000000000000e+00,0.000000000000000000e+00,0.000000000000000000e+00,0.000000000000000000e+00,0.000000000000000000e+00,0.000000000000000000e+00,0.000000000000000000e+00,0.000000000000000000e+00,0.000000000000000000e+00,0.000000000000000000e+00,0.000000000000000000e+00,0.000000000000000000e+00,0.000000000000000000e+00,0.000000000000000000e+00,0.000000000000000000e+00,0.000000000000000000e+00,0.000000000000000000e+00,0.000000000000000000e+00,0.000000000000000000e+00,0.000000000000000000e+00,0.000000000000000000e+00,0.000000000000000000e+00,0.000000000000000000e+00,0.000000000000000000e+00,0.000000000000000000e+00,0.000000000000000000e+00,0.000000000000000000e+00,0.000000000000000000e+00,0.000000000000000000e+00,0.000000000000000000e+00,0.000000000000000000e+00,0.000000000000000000e+00,0.000000000000000000e+00,0.000000000000000000e+00,0.000000000000000000e+00,0.000000000000000000e+00,0.000000000000000000e+00,0.000000000000000000e+00,0.000000000000000000e+00,0.000000000000000000e+00,0.000000000000000000e+00,0.000000000000000000e+00,0.000000000000000000e+00,0.000000000000000000e+00,0.000000000000000000e+00,0.000000000000000000e+00,0.000000000000000000e+00,0.000000000000000000e+00,0.000000000000000000e+00
